34.765,34.72,34.81,34.68,85
34.71,34.86,34.995000000000005,34.7,158
34.855,34.24,34.91,34.230000000000004,230
34.245000000000005,34.61,34.730000000000004,34.18,346
34.6,34.61,34.62,34.44,181
34.54,34.56,34.59,34.42,93
34.54,34.55,34.59,34.510000000000005,34
34.56,34.35,34.59,34.35,52
34.325,34.0125,34.379999999999995,33.9925,101
33.9925,34.230000000000004,34.325,33.8525,188
34.21,33.9625,34.230000000000004,33.9025,275
33.9725,34.629999999999995,34.629999999999995,33.9725,199
34.62,34.71,34.71,34.47,159
34.715,34.88,34.980000000000004,34.71,127
34.875,35.08,35.08,34.705,128
35.075,34.89,35.075,34.72,100
34.87,34.68,34.87,34.58,67
34.67,34.56,34.75,34.56,40
34.55,34.39,34.56,34.230000000000004,143
34.385,34.5,34.53,34.36,53
34.489999999999995,34.230000000000004,34.5,34.230000000000004,53
34.22,34.2,34.225,34.08,44
34.22,34.27,34.535,34.2,173
34.260000000000005,34.379999999999995,34.42,34.22,59
34.4,34.575,34.575,34.379999999999995,35
34.57,34.41,34.575,34.4,62
34.43,34.47,34.614999999999995,34.4,65
34.46,34.370000000000005,34.53,34.370000000000005,87
34.36,34.35,34.44,34.3,55
34.355,34.230000000000004,34.379999999999995,34.22,36
34.22,34.44,34.445,34.052499999999995,111
34.675,34.54,34.955,34.489999999999995,477
34.56,34.230000000000004,34.565,34.22,312
34.22,34.32,34.35,34.16,174
34.31,34.2,34.32,34.06,97
34.22,34.41,34.56,33.9625,189
34.415,34.59,34.685,34.41,103
34.61,34.8,34.86,34.53,114
34.82,34.83,34.91,34.75,81
34.81,34.68,34.89,34.68,72
34.7,34.629999999999995,34.7,34.61,65
34.62,34.62,34.730000000000004,34.57,59
34.64,34.59,34.67,34.53,45
34.6,34.44,34.61,34.43,56
34.43,34.29,34.49,34.18,181
34.28,33.9225,34.379999999999995,33.9125,177
33.9125,33.7425,33.9925,33.6625,273
33.7325,33.5725,33.7425,33.5125,208
33.2525,33.2725,33.6875,33.1725,293
33.2625,33.2125,33.3525,33.0125,217
33.2025,33.332499999999996,33.3675,33.0325,151
33.3525,33.1225,33.3625,33.0825,121
33.112500000000004,32.7325,33.1175,32.7325,101
32.7125,33.0025,33.0425,32.7025,159
32.9925,32.9625,33.0325,32.832499999999996,83
32.9675,33.1625,33.2725,32.9625,96
33.1125,33.182500000000005,33.2425,33.1125,60
33.1725,33.2725,33.2775,33.0625,99
33.2925,33.3925,33.3975,33.2325,65
33.3975,33.1525,33.6175,33.1525,199
33.1725,33.0325,33.2425,33.0225,76
33.0225,32.7025,33.0625,32.6325,175
32.6925,32.7675,32.9775,32.6425,233
32.7625,32.8825,32.9425,32.582499999999996,202
32.8725,32.8525,32.932500000000005,32.7425,133
32.7475,32.6725,32.947500000000005,32.5925,262
32.6625,32.4625,32.832499999999996,32.432500000000005,140
32.4525,32.7325,32.7825,32.3825,170
32.7225,32.8825,33.0375,32.6125,225
32.8875,32.9725,33.0325,32.8825,139
32.9625,32.8125,32.9625,32.7725,97
32.8225,32.8525,32.9125,32.8125,43
32.8425,32.582499999999996,32.8525,32.4825,156
32.6625,32.4925,32.6975,32.4525,86
32.5025,32.552499999999995,32.5575,32.3525,95
32.5425,32.432500000000005,32.582499999999996,32.4025,65
32.4225,32.6425,32.7525,32.4025,92
32.6475,32.582499999999996,32.6725,32.5625,45
32.5725,32.4025,32.582499999999996,32.3525,213
32.3925,32.3225,32.457499999999996,32.3225,124
32.3125,32.1925,32.3425,32.1925,67
32.167500000000004,32.0125,32.1875,32.0025,88
32.5025,32.6625,32.8375,32.3725,308
32.6525,32.5025,32.7175,32.4925,300
32.5225,32.6125,32.7925,32.5025,111
32.6225,32.7525,32.8775,32.6025,92
32.7825,32.8225,32.9675,32.7325,123
32.8425,32.7325,33.0975,32.7125,108
32.7225,32.6325,32.7325,32.6125,107
32.6125,32.6425,32.7025,32.6025,62
32.7025,32.6125,32.7025,32.5225,51
32.6025,32.6325,32.667500000000004,32.5225,80
32.6125,32.6025,32.6725,32.5725,49
32.5925,32.7025,32.7275,32.4825,119
32.7225,32.8425,32.8725,32.7225,65
32.832499999999996,32.8425,32.8775,32.6925,122
32.832499999999996,32.582499999999996,32.8825,32.542500000000004,187
32.5725,32.2525,32.6425,32.2525,96
32.2425,32.1625,32.2725,32.0525,146
32.3775,32.3825,32.6725,32.1625,262
32.3725,32.3825,32.3825,32.2525,120
32.3625,32.7625,32.7675,32.3425,151
32.7425,32.8725,32.8775,32.6425,90
32.8775,32.9925,33.0275,32.8725,76
33.0025,33.1525,33.2775,33.0025,89
33.1425,33.182500000000005,33.182500000000005,33.042500000000004,50
33.192499999999995,33.5725,33.5775,33.182500000000005,73
33.4725,33.5425,33.7225,33.4625,104
33.567499999999995,33.8125,33.8475,33.5425,103
33.8325,33.7525,33.9025,33.7125,53
33.7425,33.4425,33.7475,33.292500000000004,305
33.4325,33.5375,33.6275,33.3925,139
33.5325,33.8125,34.0225,33.5125,218
33.802499999999995,34.07,34.14,33.7625,194
34.075,33.9025,34.08,33.7825,134
33.9225,33.8475,34.052499999999995,33.6825,194
33.2575,34.052499999999995,34.0575,32.8625,596
34.042500000000004,34.53,34.575,33.9625,668
34.54,33.932500000000005,34.545,33.8125,342
33.9525,34.27,34.475,33.8325,559
34.26,33.5125,34.33,33.5025,478
33.5325,33.1625,33.5575,33.1525,136
33.1725,33.182500000000005,33.2225,33.0425,135
33.1725,32.8525,33.1725,32.832499999999996,110
32.7625,32.5925,32.7925,32.2625,330
32.582499999999996,32.3425,32.7975,32.2225,302
32.3475,32.6125,32.9125,32.3475,402
32.6325,32.5125,32.6725,32.2525,167
32.5025,32.8225,32.8225,32.5025,148
32.832499999999996,32.6925,32.8825,32.4225,472
32.6825,32.7625,32.9675,32.6225,409
32.7725,32.7225,32.8475,32.6625,176
32.7275,32.7125,32.8725,32.6425,192
32.7725,34.379999999999995,34.41,32.7725,401
34.39,34.74,34.745000000000005,34.379999999999995,192
34.745000000000005,35.56,35.91,34.745000000000005,254
35.55,35.37,35.795,35.1,329
35.39,35.52,35.64,35.260000000000005,151
35.5,35.84,35.945,35.32,147
35.85,35.879999999999995,35.965,35.68,105
35.87,35.78,35.87,35.66,113
35.760000000000005,35.79,35.825,35.730000000000004,46
35.795,35.64,35.82,35.59,65
35.66,35.67,35.879999999999995,35.65,90
35.69,35.58,35.69,35.43,87
35.575,35.6,35.629999999999995,35.46,49
35.605,35.55,35.68,35.45,143
35.54,35.58,35.67,35.480000000000004,155
35.6,35.72,35.760000000000005,35.57,89
35.725,36.185,36.205,35.72,183
35.655,35.35,35.675,34.85,691
35.34,35.95,36.135,35.34,566
35.97,36.3,36.35,35.94,410
36.32,36.39,36.44,36.32,83
36.385,36.27,36.480000000000004,36.27,148
36.28,36.480000000000004,36.605,36.27,202
36.46,36.57,36.629999999999995,36.42,119
36.575,36.31,36.575,36.31,159
36.47,36.54,36.629999999999995,36.42,126
36.53,36.510000000000005,36.595,36.45,88
36.5,36.69,36.69,36.5,27
36.68,36.59,36.715,36.56,107
36.595,36.45,36.615,36.42,112
36.44,36.18,36.45,36.04,448
36.2,36.39,36.5,36.12,258
36.379999999999995,36.62,36.66,36.23,252
36.629999999999995,36.4,36.71,36.379999999999995,261
36.545,36.69,36.7,36.07,293
36.71,36.72,36.845,36.620000000000005,160
36.71,36.66,36.72,36.53,111
36.65,36.36,36.71,36.34,139
36.35,36.44,36.455,36.3,101
36.43,36.26,36.44,36.12,128
36.25,36.15,36.31,36.1,114
36.14,36.42,36.42,36.08,113
36.3,36.36,36.385,36.25,77
36.35,36.26,36.36,36.18,117
36.27,36.3,36.36,36.26,81
36.305,36.24,36.37,36.15,140
36.230000000000004,35.97,36.230000000000004,35.91,108
35.96,35.81,35.96,35.56,238
35.8,35.82,36.085,35.760000000000005,229
35.84,35.82,35.91,35.72,144
35.84,35.7,35.87,35.61,108
35.735,36.45,36.695,35.730000000000004,174
36.44,35.79,36.45,35.74,194
35.81,36.04,36.12,35.81,91
36.06,36.27,36.3,35.86,128
36.26,36.03,36.26,35.95,73
36.019999999999996,36.14,36.155,35.96,33
36.16,36.12,36.21,36.12,52
36.11,36.21,36.230000000000004,36.11,26
36.17,36.18,36.18,35.980000000000004,65
36.2,36.39,36.42,36.18,99
36.379999999999995,36.42,36.510000000000005,36.27,116
36.41,36.5,36.56,36.36,71
36.515,36.695,36.695,36.480000000000004,113
36.69,36.33,36.71,36.29,183
36.32,36.74,36.835,36.32,190
36.72,36.56,36.805,36.480000000000004,223
36.54,36.22,36.565,36.14,183
36.0,35.58,36.475,35.42,428
35.57,35.58,35.64,35.25,288
35.585,35.760000000000005,35.785,35.57,101
35.78,35.975,35.980000000000004,35.62,134
35.97,36.010000000000005,36.035,35.870000000000005,85
36.03,36.0,36.18,35.96,113
36.019999999999996,36.09,36.11,35.97,115
36.08,36.18,36.2,36.07,59
36.12,36.36,36.364999999999995,35.989999999999995,166
36.35,36.69,36.730000000000004,36.33,105
36.7,36.6,36.72,36.59,40
36.59,36.84,36.85,36.54,106
36.86,36.66,36.879999999999995,36.66,115
36.68,36.629999999999995,36.93,36.480000000000004,252
36.635,36.96,37.07,36.635,342
36.980000000000004,36.86,37.05,36.72,211
36.87,36.955,36.99,36.769999999999996,129
37.015,37.18,37.24,36.84,295
37.19,37.68,37.765,37.175,177
37.67,37.47,37.705,37.32,212
37.5,38.02,38.06,37.489999999999995,187
38.01,38.010000000000005,38.16,37.989999999999995,80
38.005,37.87,38.010000000000005,37.83,124
37.86,37.68,37.86,37.510000000000005,126
37.7,37.74,37.76,37.68,25
37.6875,37.56,37.6875,37.42,92
37.55,37.5,37.555,37.41,44
37.519999999999996,37.41,37.555,37.31,100
37.435,37.74,37.74,37.435,148
37.730000000000004,37.76,37.8,37.71,41
37.765,37.7,37.815,37.56,171
37.69,37.5,37.71,37.47,149
37.49,37.14,37.65,37.129999999999995,176
37.129999999999995,37.225,37.25,37.05,71
37.415,37.260000000000005,37.675,37.22,199
37.269999999999996,37.129999999999995,37.285,36.98,115
37.12,36.86,37.135,36.81,172
36.84,36.69,36.87,36.620000000000005,56
36.715,36.57,36.72,36.57,54
36.59,36.62,36.75,36.5,144
36.625,36.65,36.665,36.6,71
36.655,36.75,36.75,36.629999999999995,39
36.760000000000005,36.67,36.760000000000005,36.66,46
36.69,36.74,36.769999999999996,36.66,44
36.72,36.769999999999996,36.81,36.72,50
36.75,36.69,36.81,36.68,54
36.71,36.69,36.725,36.68,40
36.68,36.65,36.72,36.54,59
36.675000000000004,36.96,36.99,36.65,79
36.95,37.02,37.1,36.95,53
37.04,37.11,37.2,37.04,93
35.955,34.775,36.015,34.71,444
34.69,35.3,35.3,34.620000000000005,277
35.295,35.22,35.335,35.1,151
35.24,35.1,35.405,35.019999999999996,169
35.09,34.74,35.1,34.64,146
34.730000000000004,34.99,35.1,34.7,116
34.980000000000004,35.07,35.175,34.86,151
35.06,35.07,35.1,34.989999999999995,70
35.07,35.37,35.379999999999995,35.07,98
35.39,35.28,35.42,35.21,65
35.29,35.49,35.515,35.29,74
35.51,35.6,35.7,35.49,123
35.605,35.52,35.629999999999995,35.49,43
35.54,35.46,35.730000000000004,35.29,101
35.449999999999996,35.16,35.495000000000005,35.03,118
35.15,35.46,35.485,35.14,68
35.45,35.71,35.71,35.44,115
35.89,35.8,36.135,35.480000000000004,178
35.79,36.035,36.27,35.760000000000005,135
36.010000000000005,36.07,36.14,35.95,106
36.06,36.06,36.12,35.87,151
36.05,36.0,36.06,35.92,87
36.019999999999996,36.3,36.33,36.019999999999996,47
36.325,36.45,36.510000000000005,36.32,33
36.475,36.3,36.485,36.29,40
36.27,35.97,36.27,35.93,67
36.0,36.0,36.21,35.97,78
35.99,36.21,36.230000000000004,35.83,148
36.2,36.09,36.24,36.09,52
36.095,35.99,36.15,35.96,81
36.0,36.45,36.47,36.0,103
36.43,36.805,36.805,36.370000000000005,75
36.79,37.08,37.205,36.79,144
37.06,36.83,37.06,36.82,154
36.87,36.58,37.144999999999996,36.49,230
36.54,36.730000000000004,36.82,36.519999999999996,130
36.72,36.62,36.760000000000005,36.6,109
36.625,36.37,36.635,36.36,62
36.36,36.510000000000005,36.54,36.35,47
36.5,36.54,36.565,36.480000000000004,61
36.53,36.66,36.66,36.53,31
36.65,36.72,36.755,36.62,40
36.74,36.980000000000004,36.99,36.74,64
36.96,36.83,36.96,36.83,57
36.82,36.68,36.94,36.67,77
36.61,36.65,36.75,36.59,85
36.64,36.53,36.65,36.46,53
36.510000000000005,36.47,36.53,36.33,92
36.46,36.56,36.66,36.31,121
36.55,36.7,36.74,36.53,59
36.71,36.905,36.905,36.68,90
36.67,36.03,36.745000000000005,36.03,238
36.06,36.1,36.230000000000004,35.91,128
36.09,35.94,36.09,35.72,115
35.93,35.7,36.125,35.68,145
35.72,36.09,36.125,35.65,159
36.07,36.18,36.225,36.04,54
36.2,36.3,36.31,36.2,58
36.34,36.34,36.39,36.3,37
36.34,36.3,36.34,36.26,30
36.28,36.18,36.29,36.18,26
36.17,36.3,36.31,36.17,56
36.305,36.33,36.415,36.3,45
36.35,36.36,36.39,36.35,8
36.379999999999995,36.17,36.385,36.16,33
36.18,36.44,36.44,36.17,66
36.45,36.21,36.480000000000004,36.2,102
36.230000000000004,36.32,36.35,36.2,40
36.595,36.615,36.995000000000005,36.52,189
36.61,36.9,36.92,36.61,97
36.89,36.96,37.065,36.8,148
36.97,36.82,36.99,36.82,56
36.81,36.66,36.815,36.59,93
36.68,36.71,36.775,36.6,121
36.72,36.49,36.72,36.480000000000004,38
36.480000000000004,36.45,36.480000000000004,36.45,34
36.45,36.55,36.55,36.45,14
36.54,36.36,36.629999999999995,36.36,45
36.35,36.29,36.379999999999995,36.28,43
36.3,35.97,36.3,35.94,70
35.94,35.93,35.945,35.85,30
35.92,36.0,36.085,35.85,120
35.989999999999995,36.15,36.15,35.93,114
36.18,36.21,36.24,36.11,59
36.230000000000004,36.54,36.565,36.230000000000004,110
36.26,36.0,36.475,35.94,176
35.99,35.760000000000005,35.99,35.760000000000005,41
35.78,35.94,36.0,35.760000000000005,101
35.93,36.15,36.19,35.84,76
36.14,36.0,36.15,36.0,38
35.97,35.91,35.97,35.9,24
35.935,35.92,36.06,35.85,43
35.91,36.15,36.155,35.91,106
36.09,36.15,36.25,36.06,93
36.14,36.15,36.18,36.14,18
36.14,36.0,36.14,35.96,76
35.99,35.75,35.99,35.72,79
35.739999999999995,35.85,35.85,35.54,77
35.87,35.82,35.87,35.730000000000004,36
35.81,35.84,35.879999999999995,35.71,53
35.85,35.93,35.94,35.75,62
35.99,36.09,36.17,35.99,103
36.28,36.010000000000005,36.415,35.97,202
36.0,35.67,36.010000000000005,35.67,123
35.66,34.8,35.67,34.8,211
34.79,35.11,35.14,34.292500000000004,327
35.1,35.03,35.1,34.86,135
35.035,35.129999999999995,35.19,35.0,137
35.15,35.129999999999995,35.28,35.1,67
35.14,35.22,35.269999999999996,35.14,90
35.18,35.16,35.230000000000004,34.965,88
35.18,35.25,35.285,35.08,170
35.275,35.23,35.37,35.2,73
35.24,35.17,35.37,35.08,111
35.18,35.08,35.21,35.07,42
35.07,35.33,35.345,35.07,82
35.31,35.3,35.36,35.18,47
35.269999999999996,35.25,35.355000000000004,35.2,48
35.269999999999996,35.105,35.33,35.1,104
34.65,34.44,34.65,33.8025,231
34.43,34.59,34.86,34.36,135
34.58,34.68,34.955,34.53,145
34.685,34.74,34.894999999999996,34.68,65
34.730000000000004,34.68,34.74,34.62,32
34.7,34.65,34.76,34.64,47
34.675,34.71,34.74,34.67,23
34.66,34.65,34.68,34.64,24
34.65,34.53,34.65,34.519999999999996,22
34.519999999999996,34.58,34.58,34.519999999999996,7
34.56,34.61,34.66,34.47,47
34.614999999999995,34.56,34.64,34.55,24
34.55,34.56,34.64,34.519999999999996,58
34.55,34.53,34.64,34.519999999999996,43
34.5,34.64,34.79,34.49,52
34.62,34.55,34.62,34.519999999999996,36
34.55,34.61,34.69,34.55,36
34.6,34.66,34.955,34.56,159
34.71,34.62,34.77,34.57,74
34.63,34.68,34.77,34.63,61
34.67,34.77,34.79,34.67,30
34.76,34.92,34.92,34.76,37
34.91,35.02,35.04,34.79,38
35.04,35.04,35.06,35.03,15
35.035,35.16,35.16,35.03,22
35.21,34.68,35.21,34.66,80
34.67,34.5,34.67,34.49,23
34.519999999999996,34.62,34.64,34.519999999999996,54
34.629999999999995,34.519999999999996,34.705,34.5,47
34.51,34.65,34.67,34.46,37
34.615,34.825,34.845,34.55,32
34.83,34.74,34.83,34.67,35
34.76,34.95,34.95,34.730000000000004,33
34.94,34.92,34.97,34.82,99
35.095,34.68,35.305,34.66,211
34.67,34.8,34.805,34.5,84
34.82,34.7,34.87,34.69,69
34.69,34.77,34.8,34.57,87
34.76,34.71,34.76,34.65,25
34.7,34.74,34.78,34.7,20
34.785,34.89,34.93,34.765,42
34.91,35.0,35.04,34.89,41
35.010000000000005,34.8,35.010000000000005,34.8,26
34.82,34.86,34.89,34.8,50
34.879999999999995,34.95,34.97,34.85,37
34.94,35.010000000000005,35.010000000000005,34.870000000000005,49
35.0,35.010000000000005,35.07,34.94,67
34.980000000000004,35.010000000000005,35.1,34.96,70
35.04,34.965,35.04,34.94,41
34.989999999999995,35.1,35.19,34.93,80
35.09,34.925,35.1,34.92,68
34.625,34.74,34.74,34.339999999999996,138
34.76,34.14,34.83,34.13,145
34.13,34.32,34.325,34.06,139
34.34,34.56,34.7,34.32,143
34.55,34.32,34.56,34.19,95
34.3,33.9725,34.32,33.9725,57
33.9625,33.9725,34.129999999999995,33.9225,83
33.9625,34.17,34.2,33.932500000000005,59
34.14,34.44,34.47,34.11,93
34.43,34.32,34.519999999999996,34.29,85
34.34,34.44,34.44,34.269999999999996,54
34.43,34.32,34.44,34.31,50
34.34,34.32,34.41,34.31,20
34.31,34.11,34.4,34.11,66
34.1,34.105,34.129999999999995,34.0125,76
34.11,34.19,34.28,34.1,63
34.17,34.35,34.43,34.17,138
34.4,34.14,34.51,34.11,115
34.13,34.0325,34.14,33.9625,102
34.0125,33.9125,34.0125,33.8425,64
33.9025,33.802499999999995,33.9125,33.802499999999995,32
33.792500000000004,33.8125,33.8975,33.7725,46
33.802499999999995,33.802499999999995,33.832499999999996,33.6925,63
33.7725,33.8425,33.8525,33.7125,46
33.8325,33.802499999999995,33.9025,33.7725,38
33.7825,33.7525,33.8425,33.7425,50
33.7425,33.5725,33.7525,33.5725,44
33.5625,33.4825,33.5775,33.4825,44
33.4725,33.4625,33.4825,33.3525,87
33.4525,33.6125,33.7125,33.4425,141
33.6325,33.5025,33.682500000000005,33.5025,66
33.5025,33.4725,33.5125,33.3425,70
33.49,33.5125,33.6025,33.4425,40
33.5325,33.5725,33.6275,33.4525,79
33.3825,33.552499999999995,33.6175,33.3825,108
33.5325,33.432500000000005,33.5475,33.432500000000005,64
33.4225,33.4225,33.4525,33.3625,51
33.417500000000004,33.4525,33.4975,33.417500000000004,25
33.4725,33.4875,33.5325,33.3425,97
33.4925,33.5725,33.7225,33.4925,40
33.5625,33.4825,33.5925,33.4525,26
33.4725,33.4525,33.4775,33.3875,44
33.4825,33.5425,33.6225,33.3425,66
33.5325,33.302499999999995,33.6625,33.292500000000004,112
33.3075,33.4275,33.5375,33.302499999999995,87
33.4225,33.3925,33.4825,33.3625,84
33.4025,33.4525,33.4825,33.3925,44
33.4425,33.6125,33.6325,33.4225,47
33.6125,33.3925,33.6225,33.302499999999995,123
33.4125,33.322500000000005,33.4425,33.2925,44
33.3225,33.2425,33.3625,33.2125,76
33.0775,32.8925,33.0775,32.8625,92
32.8825,32.542500000000004,32.9425,32.4425,189
32.5325,32.5225,32.7725,32.5025,118
32.5425,32.6725,32.6975,32.5325,41
32.6925,32.6125,32.802499999999995,32.5925,81
32.6025,32.582499999999996,32.6425,32.5725,37
32.6025,32.4125,32.6025,32.3525,56
32.4025,32.3725,32.4425,32.3625,24
32.3125,32.3725,32.4125,32.3125,43
32.3925,32.5925,32.6125,32.3925,82
32.6125,32.62,32.682500000000005,32.552499999999995,99
32.605000000000004,32.0925,32.605000000000004,32.0925,180
32.0975,32.2575,32.2575,32.082499999999996,106
32.2925,32.4925,32.5225,32.2925,28
32.5325,32.4925,32.6025,32.4525,47
32.5175,32.7125,32.7625,32.5125,51
32.6925,32.5925,32.7325,32.5625,57
31.807499999999997,31.6325,32.0375,31.262500000000003,472
31.6325,31.2625,31.6325,31.1825,231
31.252499999999998,31.2625,31.3125,31.0325,139
31.2875,31.1025,31.307499999999997,30.9725,232
31.0825,31.0125,31.2225,30.9925,213
31.0175,31.142500000000002,31.2325,31.0125,169
31.1325,31.0325,31.1625,30.8425,131
31.0525,31.1325,31.142500000000002,31.0225,87
31.2025,31.292499999999997,31.4125,31.2025,56
31.2825,31.1725,31.2825,30.872500000000002,143
31.192500000000003,31.3825,31.427500000000002,31.1725,81
31.372500000000002,31.2625,31.402500000000003,31.142500000000002,78
31.2425,31.0225,31.2625,30.872500000000002,93
31.042499999999997,30.8425,31.1325,30.8025,116
30.8425,30.832499999999996,31.042499999999997,30.6625,97
30.832499999999996,30.822499999999998,30.9825,30.8025,111
30.832499999999996,30.9625,30.9825,30.8025,73
32.0125,32.4425,32.6725,31.9925,218
32.432500000000005,32.1425,32.552499999999995,32.1125,233
32.1325,32.1325,32.1925,32.0225,106
32.1525,32.167500000000004,32.2825,32.1125,136
32.1625,32.2125,32.3225,32.1025,84
32.1925,32.2125,32.2525,32.1225,74
32.2025,31.6025,32.2225,31.572499999999998,175
31.622500000000002,31.5925,32.0125,31.5425,229
31.457500000000003,31.6825,31.6875,31.4425,63
31.652500000000003,31.502499999999998,31.652500000000003,31.4325,69
31.5225,31.5925,31.7025,31.5225,57
31.637500000000003,31.8825,31.892500000000002,31.572499999999998,68
31.862499999999997,31.8325,31.862499999999997,31.7025,63
31.822499999999998,31.502499999999998,31.822499999999998,31.3125,77
31.4925,31.1025,31.5525,31.0925,84
31.1275,31.252499999999998,31.342499999999998,31.107499999999998,54
31.2825,30.9725,31.347499999999997,30.9725,99
31.1325,31.1725,31.407500000000002,31.0775,197
31.177500000000002,31.4725,31.5475,31.0525,201
31.4775,31.5325,31.6625,31.4525,112
31.5125,31.4225,31.5625,31.392500000000002,117
31.3925,31.442500000000003,31.502499999999998,31.372500000000002,36
31.4625,31.502499999999998,31.6275,31.3825,82
31.4825,31.4325,31.5225,31.402500000000003,58
31.4225,31.4925,31.612500000000004,31.4225,39
31.4525,31.5325,31.5525,31.442500000000003,31
31.5225,31.4725,31.5325,31.442500000000003,44
31.4625,31.1325,31.4725,31.1325,92
31.1475,31.292499999999997,31.2975,31.0225,94
31.3125,31.292499999999997,31.392500000000002,31.152500000000003,117
31.3125,31.7325,31.8825,31.3125,94
31.7575,31.5325,31.7625,31.4925,109
31.5375,31.557499999999997,31.7725,31.4325,164
31.57,31.342499999999998,31.5925,31.2325,143
30.7975,28.9075,30.7975,28.8525,459
28.9075,28.8975,29.14,28.4275,892
28.8875,28.5625,28.9775,28.3725,512
28.557499999999997,28.5225,28.64,28.387500000000003,622
28.5175,28.582499999999996,28.667499999999997,28.4675,359
28.5925,28.6575,28.7875,28.582499999999996,272
28.662499999999998,28.9375,29.0075,28.5625,390
28.9325,28.4125,28.942500000000003,28.285,399
28.424999999999997,28.5225,28.6325,28.4125,269
28.5075,28.5975,28.6325,28.4275,262
28.6075,27.972499999999997,28.652500000000003,27.9675,224
27.9425,27.5475,28.060000000000002,27.5475,294
27.56,27.8475,27.927500000000002,27.557499999999997,443
27.832499999999996,27.8825,27.91,27.7925,129
27.88,28.1475,28.237500000000004,27.877499999999998,125
28.1425,28.0925,28.192500000000003,27.8275,189
28.097499999999997,28.0275,28.119999999999997,27.967499999999998,227
28.35,28.347499999999997,28.369999999999997,27.8125,501
28.342499999999998,28.3675,28.395,27.8525,493
28.369999999999997,28.7425,28.7425,28.3625,166
28.7375,28.7675,28.872500000000002,28.7375,120
28.7625,28.9625,29.057499999999997,28.7425,390
28.9525,28.7475,28.9625,28.4925,452
28.7425,28.3375,28.7775,28.3325,320
28.339999999999996,28.2975,28.3525,28.1725,123
28.26,28.3925,28.3975,27.9875,187
28.402500000000003,28.197499999999998,28.402500000000003,28.127499999999998,271
28.200000000000003,28.2875,28.3425,28.1575,183
28.2825,27.7825,28.2825,27.7575,268
27.7875,27.310000000000002,27.807499999999997,27.310000000000002,356
27.322499999999998,27.195,27.3975,27.185000000000002,242
27.165,27.2875,27.2975,27.02,233
27.3175,27.457499999999996,27.5775,27.235,191
27.4525,27.552500000000002,27.572499999999998,27.235,307
27.4925,27.215,27.497500000000002,26.835,389
27.21,26.985,27.215,26.5625,416
26.994999999999997,27.134999999999998,27.2175,26.994999999999997,217
27.12,27.085,27.2875,26.990000000000002,261
27.0875,26.92,27.0875,26.814999999999998,149
26.9225,26.939999999999998,26.9675,26.845,102
26.9525,27.0475,27.065,26.92,78
27.045,27.009999999999998,27.175,27.009999999999998,112
27.07,27.0,27.07,26.92,71
27.009999999999998,27.065,27.115000000000002,26.985,85
27.07,27.235,27.235,27.049999999999997,125
27.24,27.277500000000003,27.345,27.24,120
27.2725,27.6475,27.6625,27.245,232
27.6425,28.0475,28.0875,27.6125,445
28.0375,28.1175,28.2825,28.0125,236
28.1275,28.252499999999998,28.3475,28.1175,231
28.247500000000002,28.3525,28.4525,28.1025,411
28.29,28.127499999999998,28.457500000000003,28.0025,401
28.122500000000002,27.997500000000002,28.2825,27.997500000000002,295
28.0075,28.2675,28.362499999999997,27.9825,219
28.2575,27.972499999999997,28.2625,27.8575,197
27.9875,27.9075,28.0875,27.8775,127
27.91,27.9075,28.0325,27.8975,74
27.905,27.7575,27.927500000000002,27.752499999999998,121
27.7675,27.7125,27.7875,27.6925,97
27.652500000000003,27.4275,27.652500000000003,27.392500000000002,125
27.4225,27.372500000000002,27.5225,27.337500000000002,161
27.3675,27.457499999999996,27.5125,27.3125,117
27.4525,27.5225,27.527500000000003,27.3725,132
27.5325,27.8675,27.877499999999998,27.5325,101
27.8825,27.6575,27.900000000000002,27.6425,212
27.652500000000003,27.6575,27.7575,27.4925,125
27.667499999999997,27.5625,27.697499999999998,27.4825,145
27.5625,27.457499999999996,27.6175,27.3525,122
27.2475,27.5175,27.5225,27.195,342
27.5225,27.807499999999997,27.9575,27.4375,411
27.8025,28.2025,28.205,27.4375,296
28.205,28.3975,28.474999999999998,28.0575,564
28.4075,28.557499999999997,28.917500000000004,28.4075,479
28.5625,28.3825,28.735,28.3825,151
28.3775,28.5525,28.572499999999998,28.3375,142
28.565,28.1575,28.567500000000003,28.152499999999996,96
28.1625,28.3675,28.3775,28.1575,69
28.3625,28.3175,28.4075,28.2575,56
28.314999999999998,28.2875,28.314999999999998,28.1775,128
28.2825,28.4625,28.4625,28.2575,92
28.46,28.4325,28.46,28.342499999999998,92
28.4125,29.002499999999998,29.0825,28.4125,261
28.997500000000002,29.6875,29.740000000000002,28.97,344
29.6725,29.527500000000003,29.7225,29.5225,112
29.5225,29.335,29.527500000000003,29.262500000000003,140
29.229999999999997,28.7575,29.229999999999997,28.5975,446
28.752499999999998,28.2525,28.7575,28.057499999999997,389
28.2475,28.3325,28.55,27.932499999999997,331
28.3225,27.9125,28.3225,27.9025,247
27.9075,27.9925,28.0375,27.5175,304
27.994999999999997,27.9625,28.11,27.8875,219
27.957500000000003,28.0925,28.0975,27.9425,143
28.072499999999998,28.2375,28.267500000000002,28.0225,117
28.207500000000003,28.4,28.48,28.207500000000003,104
28.3975,28.2625,28.4,28.1675,108
28.2575,28.1475,28.2825,28.1475,59
28.1575,27.18,28.1775,27.18,356
27.182499999999997,27.009999999999998,27.3725,26.994999999999997,360
27.012500000000003,27.175,27.2,26.950000000000003,196
27.17,27.225,27.435,27.15,284
27.24,27.322499999999998,27.3375,27.175,133
27.3175,27.2575,27.4375,27.215000000000003,167
27.4575,27.08,27.4625,26.9,447
27.075000000000003,27.112499999999997,27.1275,26.91,219
27.11,27.1,27.195,27.015,196
27.095,27.19,27.25,27.075,132
27.192500000000003,27.15,27.3275,27.15,156
27.145,27.18,27.205,27.065,88
27.19,27.04,27.19,26.985,135
27.03,27.104999999999997,27.12,26.990000000000002,65
27.115000000000002,27.145,27.155,27.035,103
27.13,27.19,27.21,26.994999999999997,122
27.185000000000002,27.2975,27.2975,27.12,101
27.292499999999997,27.04,27.292499999999997,27.035,114
27.05,27.04,27.07,26.985,78
27.05,26.77,27.055,26.630000000000003,194
26.799999999999997,26.825,26.894999999999996,26.685000000000002,139
26.81,26.695,26.81,26.625,96
26.677500000000002,26.662499999999998,26.86,26.645,149
26.805,26.695,26.8325,26.380000000000003,495
26.705000000000002,27.090000000000003,27.165,26.67,330
27.08,26.715000000000003,27.08,26.707499999999996,232
26.725,26.560000000000002,26.855,26.55,200
26.555,26.725,26.78,26.520000000000003,105
26.72,26.625,26.784999999999997,26.605,115
26.619999999999997,26.64,26.7,26.595,123
26.630000000000003,26.65,26.665,26.585,97
26.64,26.49,26.71,26.485,104
26.485,26.44,26.515,26.43,100
26.45,26.47,26.5025,26.44,93
26.455,26.435000000000002,26.4575,26.36,110
26.43,26.1,26.43,26.085,211
26.11,26.034999999999997,26.144999999999996,25.935000000000002,198
26.037499999999998,26.155,26.25,26.005,227
26.15,26.045,26.205000000000002,26.045,150
26.034999999999997,25.880000000000003,26.034999999999997,25.835,218
26.0475,26.03,26.4025,25.93,452
26.04,25.845,26.042499999999997,25.674999999999997,350
25.855,26.37,26.427500000000002,25.855,273
26.365000000000002,26.29,26.365000000000002,26.105,171
26.285,26.125,26.305,26.04,157
26.130000000000003,25.855,26.134999999999998,25.814999999999998,188
25.86,25.805,25.884999999999998,25.565,268
25.814999999999998,25.979999999999997,26.015,25.805,108
25.9825,26.085,26.119999999999997,25.915,93
26.0875,25.965000000000003,26.189999999999998,25.895,147
25.96,25.735,25.96,25.735,143
25.74,25.57,25.830000000000002,25.565,146
25.575,25.72,25.769999999999996,25.494999999999997,201
25.7075,25.735,25.825000000000003,25.68,217
25.7125,25.57,25.747500000000002,25.555,109
25.555,25.585,25.62,25.4775,113
25.57,25.560000000000002,25.7975,25.55,251
25.400000000000002,25.259999999999998,25.735,25.259999999999998,480
25.265,24.835,25.265,24.832500000000003,408
24.830000000000002,24.85,24.994999999999997,24.744999999999997,283
24.86,25.49,25.5075,24.8,226
25.4975,25.185000000000002,25.5475,25.159999999999997,255
25.195,25.019999999999996,25.195,25.005000000000003,153
25.03,25.09,25.205,25.03,186
25.1,25.144999999999996,25.15,25.060000000000002,87
25.09,25.060000000000002,25.1,24.975,136
25.064999999999998,25.0675,25.1125,24.905,185
25.0775,25.259999999999998,25.3825,25.075000000000003,129
25.255,25.21,25.29,25.2,135
25.222499999999997,25.265,25.27,25.21,73
25.255,25.130000000000003,25.315,25.130000000000003,196
25.119999999999997,24.985,25.1825,24.96,180
25.002499999999998,24.915,25.060000000000002,24.915,155
24.904999999999998,25.025,25.035,24.88,131
21.200000000000003,19.9975,21.6075,19.122500000000002,2250
20.0075,21.165,21.4375,19.9875,1377
21.16,19.877499999999998,21.16,19.8525,944
19.872500000000002,20.3225,20.655,19.8525,954
20.317500000000003,20.735,20.737499999999997,20.177500000000002,638
20.737499999999997,21.3125,21.3575,20.705,532
21.302500000000002,20.655,21.302500000000002,20.65,577
20.65,20.8375,20.9025,20.4125,470
20.76,21.130000000000003,21.1725,20.725,488
21.125,21.6,21.627499999999998,21.03,506
21.595,20.82,21.635,20.615000000000002,654
20.814999999999998,20.655,20.855,20.2775,522
20.65,20.47,20.795,20.322499999999998,469
20.485,20.59,20.7075,20.3825,317
20.59,20.47,20.635,20.2575,730
20.46,20.935,21.0875,20.435000000000002,421
20.93,21.09,21.31,20.8,437
20.8,20.67,20.9025,20.3275,348
20.675,21.3175,21.3975,20.675,518
21.32,21.564999999999998,21.612499999999997,21.1725,372
21.572499999999998,21.990000000000002,22.0875,21.57,384
21.9925,22.07,22.1075,21.905,275
22.065,22.447499999999998,22.65,22.065,489
22.4575,21.855,22.55,21.68,675
21.849999999999998,22.355,22.425,21.849999999999998,515
22.355,22.465,22.795,22.345,369
22.455,22.57,22.599999999999998,22.35,181
22.572499999999998,22.705,22.79,22.572499999999998,204
22.7,22.875,22.875,22.405,296
22.885,22.945,23.1925,22.885,299
22.965,23.55,23.7275,22.945,349
23.56,23.385,23.57,23.205,247
23.3875,23.235,23.3975,23.17,222
23.240000000000002,23.205,23.32,23.185,315
23.5425,22.845,23.6025,22.84,357
22.84,22.490000000000002,22.84,22.385,498
22.5,22.955,22.9625,22.475,425
22.96,22.7325,23.1175,22.695,192
22.725,22.87,22.87,22.72,109
22.880000000000003,23.28,23.2825,22.8,159
23.3,23.385,23.4,23.135,167
23.37,23.305,23.4075,23.21,162
23.355,23.305,23.385,23.22,134
23.315,23.189999999999998,23.34,23.134999999999998,221
23.1925,23.095,23.31,23.095,127
23.09,23.255000000000003,23.2775,23.09,80
23.26,23.5,23.535,23.215,171
23.505000000000003,23.505000000000003,23.585,23.355,244
23.5,22.2025,23.5,22.169999999999998,632
22.18,18.7275,22.18,18.622500000000002,2051
18.7125,17.1525,18.7625,16.857499999999998,2550
17.82,18.4225,18.8375,17.6175,2570
18.4075,17.8425,18.567500000000003,17.5425,1115
17.8375,17.2225,17.8375,17.2075,790
17.2175,18.0325,18.195,17.1025,1251
18.0275,17.3475,18.052500000000002,17.3225,682
17.3425,16.6575,17.4375,16.6475,974
16.6525,16.7425,17.15,16.6525,586
16.752499999999998,17.2325,17.4325,16.6725,671
17.1125,17.4775,17.855,17.057499999999997,999
17.4725,15.7775,17.4725,15.4425,1716
15.7675,16.1475,16.4625,15.7575,1213
16.1525,15.807500000000001,16.2625,15.7775,872
15.8025,15.522499999999999,15.947500000000002,15.3825,760
15.524999999999999,15.0275,15.5775,14.649999999999999,1062
15.0525,15.3575,15.754999999999999,13.8825,1740
15.3575,15.497499999999999,16.4575,15.0075,1152
15.497499999999999,15.27,16.1,15.2375,801
15.325,14.42,15.335,14.254999999999999,688
14.425,14.135,14.6875,14.017499999999998,749
14.14,14.620000000000001,14.647499999999999,14.120000000000001,650
14.625,14.25,14.77,14.25,529
14.25,14.23,14.4225,14.205,312
14.227500000000001,14.5775,14.7775,14.1375,381
14.575,15.147499999999999,15.147499999999999,14.4925,446
15.149999999999999,15.047500000000001,15.3575,14.915,324
15.032499999999999,15.302500000000002,15.59,14.945,449
15.3125,15.282499999999999,15.41,15.2375,187
15.287499999999998,15.5525,15.5775,15.2225,245
15.5625,15.1425,15.649999999999999,15.1425,312
15.147499999999999,15.342500000000001,15.4825,15.0725,313
15.3875,15.3375,15.5275,15.2225,254
15.3325,15.397499999999999,15.420000000000002,15.1125,281
15.3925,15.197500000000002,15.6025,15.1725,249
15.1925,14.855,15.2025,14.817499999999999,334
14.5975,14.9,14.905000000000001,14.397499999999999,400
14.91,15.52,15.57,14.91,476
15.517499999999998,15.4775,15.7075,15.447500000000002,324
15.4725,15.407499999999999,15.4725,15.0925,277
15.4025,15.2425,15.4425,15.157499999999999,248
15.247499999999999,15.3575,15.855,15.247499999999999,379
15.342500000000001,15.1075,15.355,14.915,296
15.1175,15.2025,15.4175,15.0425,360
15.1925,15.1925,15.287499999999998,15.067499999999999,118
15.2025,15.1125,15.392499999999998,15.1125,133
15.1075,15.2325,15.2525,15.072500000000002,139
15.2375,15.342500000000001,15.372499999999999,15.1775,98
15.3375,15.3475,15.5025,15.2175,204
15.3575,15.522499999999999,15.535,15.3275,172
15.522499999999999,15.307500000000001,15.5475,15.2575,270
15.31,15.6725,15.705,15.2575,685
15.6725,16.1475,16.2275,15.6125,828
16.0175,15.342500000000001,16.0175,15.197500000000002,550
15.337499999999999,15.365,15.4875,15.0075,459
15.375,15.3325,15.420000000000002,15.2225,183
15.3275,15.2025,15.3325,15.1075,221
15.205,15.3125,15.36,15.107500000000002,188
15.307500000000001,15.9025,15.9575,15.2875,352
15.907499999999999,16.6825,16.752499999999998,15.9025,995
16.692500000000003,16.3525,16.785,16.2975,540
16.3475,16.1975,16.37,16.1375,246
16.2075,16.317500000000003,16.925,16.1325,639
16.315,16.7425,16.8825,16.2775,415
16.7375,16.7175,16.8875,16.5975,568
16.7275,16.677500000000002,17.18,16.677500000000002,689
16.6725,16.442500000000003,16.8425,16.377499999999998,334
16.4375,16.317500000000003,16.4375,15.8675,487
16.317500000000003,16.3575,16.412499999999998,16.2875,234
16.369999999999997,16.127499999999998,16.3875,16.0675,317
15.7825,15.267499999999998,15.825,15.1875,784
15.2625,15.2025,15.34,14.885,630
15.205,15.0725,15.205,14.927499999999998,428
15.0775,14.965,15.14,14.837499999999999,380
14.97,15.047500000000001,15.2025,14.935,327
15.05,14.98,15.0975,14.8475,234
14.977500000000001,14.75,14.985,14.745000000000001,232
14.7475,14.532499999999999,14.7575,14.45,419
14.535,14.587499999999999,14.5925,14.355,247
14.5775,14.3325,14.584999999999999,14.287500000000001,312
14.329999999999998,14.2775,14.399999999999999,14.1725,303
14.274999999999999,14.094999999999999,14.415000000000001,14.059999999999999,402
14.094999999999999,13.7775,14.1475,13.765,700
13.785,13.5425,13.844999999999999,13.147499999999999,933
13.5475,13.727500000000001,13.727500000000001,13.35,646
13.7225,13.91,14.005,13.5925,510
13.915000000000001,13.8675,14.032499999999999,13.8325,378
13.697500000000002,13.45,13.7425,13.170000000000002,841
13.447499999999998,13.600000000000001,13.645,13.3575,584
13.605,13.5575,13.635000000000002,13.52,252
13.559999999999999,13.7075,13.717500000000001,13.530000000000001,173
13.705,13.6375,13.709999999999999,13.5975,158
13.6375,13.61,13.647499999999999,13.55,179
13.6075,13.9025,13.9025,13.600000000000001,216
13.899999999999999,13.6,13.899999999999999,13.5825,211
13.605,13.66,13.705,13.587499999999999,116
13.6575,13.6825,13.727500000000001,13.6325,143
13.68,13.684999999999999,13.709999999999999,13.6525,96
13.690000000000001,13.7225,13.947500000000002,13.6825,264
13.727500000000001,13.8725,13.895,13.7225,142
13.877500000000001,14.1175,14.2375,13.8375,349
14.1125,14.1125,14.22,14.004999999999999,300
14.1175,14.0625,14.1475,14.0275,190
14.06,14.0,14.092500000000001,13.982500000000002,198
13.9175,13.6325,13.9175,13.61,185
13.625,13.7575,13.8225,13.559999999999999,228
13.755,13.727500000000001,13.822500000000002,13.684999999999999,133
13.725000000000001,13.735,13.77,13.655000000000001,156
13.7325,13.985,13.989999999999998,13.7325,120
13.982500000000002,14.1375,14.14,13.982500000000002,111
14.145,13.93,14.209999999999999,13.93,168
13.9275,14.030000000000001,14.0725,13.925,103
14.032499999999999,14.032499999999999,14.0975,14.0125,72
14.037500000000001,14.0775,14.245000000000001,14.035,143
14.075,14.035,14.075,13.87,162
14.015,14.094999999999999,14.110000000000001,13.7575,336
14.0925,13.955,14.0925,13.907499999999999,89
13.965,13.98,14.0475,13.96,114
13.995000000000001,13.9725,14.017499999999998,13.9025,170
13.9675,14.165000000000001,14.175,13.965,135
14.1675,14.1425,14.27,14.1375,205
14.182500000000001,14.075,14.3575,13.932500000000001,249
14.0725,13.9575,14.075,13.782499999999999,296
13.955,13.9575,14.1525,13.915000000000001,186
13.9525,13.87,13.969999999999999,13.807500000000001,173
13.8675,13.9225,13.98,13.805,162
13.92,13.825,13.92,13.8,136
13.822500000000002,13.8375,13.8825,13.807500000000001,70
13.8325,13.675,13.845,13.6725,101
13.6175,13.6375,13.709999999999999,13.51,282
13.642499999999998,13.54,13.647499999999999,13.47,362
13.535,13.36,13.535,13.36,157
13.3675,13.285,13.435,13.2075,290
13.282499999999999,13.4225,13.515,13.2725,230
13.4275,13.3125,13.4775,13.3075,181
13.305,13.25,13.3125,13.175,242
13.247499999999999,13.27,13.345,13.212499999999999,182
13.282499999999999,13.25,13.3325,13.190000000000001,251
13.5925,14.8175,14.8175,13.584999999999999,857
14.8175,14.2875,14.8625,14.285,593
14.29,14.5775,14.6675,14.29,325
14.575,14.782499999999999,14.787500000000001,14.397499999999999,471
14.7775,14.58,14.7775,14.485,338
14.5775,14.477500000000001,14.7375,14.3325,323
14.469999999999999,14.349999999999998,14.495,14.255,211
14.344999999999999,14.3175,14.575,14.252500000000001,275
14.350000000000001,14.405000000000001,14.475000000000001,14.245,385
14.405000000000001,14.16,14.532499999999999,14.16,275
14.157499999999999,14.245000000000001,14.255,14.059999999999999,203
14.235000000000001,14.43,14.4375,14.1675,324
14.4275,14.379999999999999,14.485000000000001,14.2175,279
14.379999999999999,13.9875,14.395,13.9125,242
14.002500000000001,14.02,14.065000000000001,13.877500000000001,235
14.015,14.0425,14.1525,14.0,198
14.04,14.0475,14.1625,14.030000000000001,252
14.112499999999999,14.209999999999999,14.39,14.024999999999999,217
14.205,14.3825,14.482500000000002,14.15,234
14.379999999999999,14.46,14.465,14.2025,203
14.4575,14.192499999999999,14.469999999999999,14.1725,144
14.197500000000002,14.2225,14.252500000000001,14.105,140
14.22,14.165,14.22,14.045,239
14.175,14.225,14.24,14.125,157
14.2275,14.2375,14.322500000000002,14.1725,130
14.2325,14.1725,14.245,14.157499999999999,129
14.177499999999998,14.035,14.177499999999998,13.959999999999999,174
14.0325,14.115,14.2725,13.954999999999998,197
14.125,14.1875,14.2275,14.12,187
14.185,14.182500000000001,14.307500000000001,14.170000000000002,185
14.1875,14.209999999999999,14.252500000000001,14.004999999999999,244
14.215,14.2125,14.3325,14.1475,212
14.217500000000001,14.23,14.235,14.115,209
14.225000000000001,14.14,14.2475,14.12,147
14.002500000000001,14.142499999999998,14.232500000000002,13.945,252
14.127500000000001,14.235,14.235,13.875,200
14.2275,14.295,14.3725,14.2275,138
14.2975,14.5125,14.532499999999999,14.2975,179
14.5075,14.467500000000001,14.665000000000001,14.415,175
14.4725,14.5825,14.63,14.4575,151
14.5975,14.55,14.6475,14.46,184
14.54,14.477500000000001,14.5775,14.4675,172
14.434999999999999,14.43,14.440000000000001,14.2525,142
14.4325,14.440000000000001,14.4875,14.3875,93
14.445,14.3475,14.4525,14.34,88
14.3525,14.477500000000001,14.572500000000002,14.34,131
14.4725,14.515,14.5275,14.370000000000001,120
14.517499999999998,14.49,14.545000000000002,14.4425,195
14.485,15.52,16.275,14.41,1143
15.522499999999999,15.717500000000001,15.93,15.4875,498
15.7375,15.5525,15.864999999999998,15.4775,568
15.555,16.3975,17.12,15.555,1192
16.3875,16.3525,16.73,16.2875,981
16.3475,17.377499999999998,17.47,16.2225,898
17.362499999999997,17.7125,17.740000000000002,17.0475,1063
17.7075,18.2575,18.9075,17.6475,1381
18.2675,17.9525,18.5225,17.5975,779
17.9525,17.89,18.127499999999998,17.7575,722
17.8875,17.6825,17.985,17.4325,641
17.8475,17.7625,17.91,17.6075,316
17.7575,17.8625,17.9625,17.6625,338
17.8675,17.5125,18.005,17.067500000000003,574
17.5175,17.7025,17.8125,17.2725,673
17.697499999999998,17.7575,17.835,17.6475,308
17.752499999999998,17.8475,17.9775,17.6625,347
17.8475,18.0125,18.052500000000002,17.802500000000002,266
18.0025,17.6225,18.127499999999998,17.5825,361
17.6175,17.58,17.67,17.3275,397
18.0675,17.752499999999998,18.225,17.6575,913
17.7475,16.502499999999998,17.7475,16.4325,1164
16.4975,16.6725,16.87,16.4775,829
16.6675,16.6325,16.9025,16.5225,582
16.627499999999998,16.8575,16.91,16.4725,388
16.8675,17.0975,17.302500000000002,16.7625,494
17.0925,16.7575,17.0925,16.6125,376
16.7675,16.7825,16.8675,16.7325,214
16.7825,16.5625,16.7825,16.5225,198
16.5625,16.5825,16.645,16.4175,196
16.5725,16.7225,16.802500000000002,16.5025,390
16.7175,16.6225,16.8425,16.6175,268
16.6175,16.4025,16.6875,16.1725,546
16.3975,16.5625,16.6125,16.2925,238
16.585,15.8675,16.585,15.7725,540
15.870000000000001,16.067500000000003,16.119999999999997,15.8125,349
16.065,15.8375,16.065,15.8225,392
15.2975,16.2225,16.255,15.2975,759
16.2025,16.21,16.317500000000003,16.052500000000002,584
16.2125,16.4725,16.6975,16.2125,442
16.4675,16.7275,16.8125,16.3575,325
16.7375,17.0975,17.1475,16.567500000000003,513
17.0875,16.4075,17.505000000000003,15.0225,2423
16.415,13.805,16.725,13.805,2247
13.592500000000001,13.192499999999999,13.96,12.6625,4793
13.102500000000001,11.7575,13.282499999999999,11.705,2214
11.754999999999999,12.585,12.7425,11.75,2364
12.5825,12.719999999999999,12.805,12.157499999999999,1725
12.7175,11.877500000000001,12.73,11.875,1431
11.8525,11.6325,11.855,11.455,1602
11.63,10.785,11.66,10.63,1752
10.747499999999999,10.7,10.7975,10.425,1033
10.7,11.450000000000001,11.684999999999999,10.627500000000001,1541
11.455,11.03,11.4575,10.96,1416
