71.515,71.985,72.71000000000001,71.485,1002
71.975,71.61,72.25999999999999,71.39,907
71.6,72.36500000000001,72.44,71.55,691
72.36,72.225,72.99000000000001,71.92,943
72.235,71.205,72.445,71.155,1023
71.205,72.05000000000001,72.05000000000001,71.18,891
72.08500000000001,71.935,72.24,71.39500000000001,697
71.945,71.875,72.0155,71.685,633
71.89,71.63,72.295,71.485,915
71.625,71.455,71.97,71.32,679
71.47,71.34,71.85,71.21000000000001,626
71.33,71.58500000000001,71.805,71.295,498
71.58,72.39,72.58500000000001,71.41499999999999,850
72.41,72.67,72.79499999999999,72.135,814
72.66499999999999,73.405,73.58500000000001,72.485,802
73.4,74.115,74.62,73.00999999999999,911
74.12,73.795,74.21000000000001,73.3,1099
73.78999999999999,74.2,74.465,73.73,912
74.205,74.6,75.08500000000001,73.89500000000001,767
74.59,75.305,75.425,74.43,744
75.265,76.84,77.0655,75.19999999999999,1252
76.845,75.19999999999999,76.95500000000001,74.765,1515
75.215,74.285,75.66499999999999,74.285,1638
74.315,74.205,74.955,73.74000000000001,1140
74.155,75.43,75.46000000000001,73.99000000000001,897
75.435,75.315,75.47999999999999,74.685,1261
75.31,76.14,76.31,74.93,1245
76.155,75.16,76.18,75.03999999999999,925
75.14,75.46,75.69,75.095,811
75.44999999999999,74.745,75.46000000000001,74.525,984
74.75,75.065,75.405,74.67,845
75.055,76.17,76.33500000000001,75.025,1177
76.17500000000001,76.655,76.825,76.17500000000001,1480
76.66,77.10499999999999,77.16499999999999,76.53,1302
77.125,78.015,78.53999999999999,77.1,1418
78.02,77.67500000000001,78.785,77.4395,1440
77.64500000000001,78.795,78.815,77.565,2009
78.78,79.16,79.865,78.78,1747
79.16499999999999,78.64500000000001,79.77000000000001,78.61500000000001,956
78.64,78.77000000000001,78.95,78.535,545
78.78999999999999,78.975,79.0255,78.34,664
78.965,79.785,79.975,78.96000000000001,983
79.78,81.155,83.13499999999999,79.74,2104
81.14500000000001,80.61,81.24000000000001,80.255,1187
80.62,81.88,82.595,80.535,1635
81.85,81.915,82.61,81.41,1508
81.92,81.77000000000001,82.305,81.185,2038
81.765,79.69,81.765,79.54499999999999,2159
79.685,80.47,80.785,79.685,1950
80.42,78.66499999999999,80.575,78.65,1687
78.675,77.95,79.47,77.945,1979
77.945,79.08500000000001,79.255,77.61,1414
79.08,77.86,79.08,77.5,1106
77.845,77.87,78.745,77.4745,1115
77.86,78.055,78.275,77.46449999999999,870
78.05,78.92500000000001,79.22,77.545,1570
78.92,78.39,79.09,78.17500000000001,1692
78.4,78.80000000000001,78.97,78.21000000000001,1195
78.78999999999999,78.74000000000001,78.84,78.25999999999999,1179
78.735,78.685,79.215,78.38499999999999,1124
78.68,79.37,79.5,78.4695,753
79.36500000000001,80.285,80.73,79.155,1069
80.28,81.09,81.58,80.28,1111
81.075,80.605,81.485,80.225,1146
80.58000000000001,79.36500000000001,80.81,79.33000000000001,898
79.35,79.885,79.985,79.28,785
79.89,80.31,81.08,79.85499999999999,1303
80.305,79.985,80.545,79.45,1299
80.015,79.865,81.035,79.445,1394
79.875,80.62,80.765,79.495,1294
80.61500000000001,81.36,81.5,80.4545,1288
81.34,81.775,81.93,80.725,972
81.81,80.975,82.09,80.84,1083
80.985,80.215,81.005,79.61500000000001,1591
80.18,76.82,80.18,76.725,2541
76.81,76.70500000000001,77.54050000000001,76.14,1612
76.725,76.69,77.41,76.255,931
76.745,75.675,77.0805,75.33500000000001,907
75.68,75.59,75.95,74.755,1296
75.575,76.455,76.9,75.475,1177
76.46000000000001,77.19,77.47999999999999,76.295,886
77.185,77.9,77.92,77.005,920
77.91,77.19999999999999,77.98,76.78,1434
77.215,77.505,77.68,76.60499999999999,1048
77.5,76.455,77.655,76.25999999999999,1306
76.445,77.355,77.37,76.295,875
77.48,77.77,78.0805,77.4,880
77.75999999999999,76.77000000000001,77.75999999999999,76.745,889
76.755,75.775,76.79499999999999,75.36,1551
75.755,76.53999999999999,76.67500000000001,75.75,1223
76.535,77.405,77.895,76.07,1181
77.4,77.655,78.185,77.055,1053
77.66499999999999,76.495,77.855,76.395,999
76.5,78.11500000000001,78.185,76.385,1353
78.095,76.58,78.125,76.4095,1363
76.57,76.69,77.41499999999999,76.52,1014
76.66,76.73,76.83500000000001,75.8,1087
76.72,76.305,76.845,76.17,700
76.3,77.685,77.755,76.285,660
77.715,77.47999999999999,77.715,76.9905,355
77.49000000000001,76.6,77.6,76.53,649
76.595,77.075,77.095,76.50999999999999,417
77.065,77.63,77.655,76.845,690
77.63,77.57499999999999,77.9,77.51,681
77.57,77.00999999999999,77.60499999999999,76.89,603
77.005,76.03999999999999,77.0155,75.725,766
76.035,76.74000000000001,76.945,75.685,895
76.72,77.035,77.465,76.625,799
77.03999999999999,77.13499999999999,77.345,76.74000000000001,618
77.14,77.285,77.325,76.845,609
77.275,77.57,77.825,77.19,581
77.565,77.295,77.625,77.065,404
77.275,77.0,77.515,76.685,374
76.995,77.07,77.57499999999999,76.86,348
77.075,77.075,77.38499999999999,76.86500000000001,382
77.08000000000001,76.12,77.235,76.025,693
76.11,76.315,76.455,75.88499999999999,750
76.31,76.85499999999999,77.1105,76.24000000000001,671
76.905,76.61,77.265,76.45,602
76.615,75.30000000000001,77.125,74.925,1131
75.28999999999999,75.33500000000001,76.035,74.91499999999999,986
75.345,75.595,76.11500000000001,75.345,766
75.6,75.275,75.645,75.13499999999999,668
75.285,75.795,75.83500000000001,75.21000000000001,607
75.82,75.77000000000001,76.0955,75.4595,357
75.765,75.405,76.105,75.33500000000001,326
75.45,76.235,76.395,75.36500000000001,505
76.245,76.495,76.6,76.245,479
76.505,75.88499999999999,76.53,75.86,307
75.91499999999999,75.89500000000001,76.355,75.795,552
75.925,75.60499999999999,75.995,75.41499999999999,751
75.60499999999999,75.535,75.735,75.33500000000001,676
75.515,74.08,75.69,73.805,773
74.08,73.245,74.08,73.145,556
72.975,72.215,73.19,72.055,248
72.245,71.495,72.75,71.33500000000001,357
71.4,70.58500000000001,71.495,70.14500000000001,730
70.57,70.055,70.86500000000001,69.46549999999999,1570
70.05,69.89,70.69,69.44,1663
69.89500000000001,69.83,70.38,69.625,1205
69.82499999999999,69.855,70.285,69.43549999999999,1092
69.845,69.71000000000001,70.28999999999999,69.465,693
69.69,70.04499999999999,70.115,69.575,637
70.055,70.16,70.45,69.9,490
70.155,70.315,70.5355,69.68,404
70.255,70.46000000000001,70.655,70.17,328
70.465,69.78,70.49000000000001,69.57,592
69.75999999999999,69.865,69.93,69.53,477
69.87,70.25,70.345,69.82499999999999,481
70.245,69.81,70.5,69.71,532
69.815,70.08500000000001,70.125,69.61500000000001,487
70.1,69.88,70.595,69.845,802
69.83500000000001,69.16499999999999,69.925,69.155,643
69.17500000000001,68.22,69.46,68.10499999999999,989
68.19,67.925,68.535,67.825,1092
67.92,68.57499999999999,68.785,67.83500000000001,423
68.555,68.06,68.84,68.02,342
68.065,66.755,68.62950000000001,66.74,706
66.705,66.66,67.295,66.4445,985
66.635,65.795,66.635,65.705,1206
65.78999999999999,66.78999999999999,66.875,65.715,682
66.795,66.56,67.05,66.5,703
66.545,67.37,67.485,66.4305,562
67.35,67.36,67.54499999999999,66.92,700
67.345,68.03,68.38,67.185,832
68.035,67.995,68.11000000000001,67.63499999999999,768
68.00999999999999,67.505,68.28,67.32,833
67.52000000000001,67.58500000000001,68.46000000000001,67.4,1288
67.58,67.53999999999999,68.115,67.095,811
67.55000000000001,69.33500000000001,69.58000000000001,67.55000000000001,1150
69.32,69.735,69.895,69.30000000000001,936
69.745,69.32499999999999,69.78,68.88499999999999,911
69.32,70.35,70.465,69.15,731
70.35499999999999,71.655,71.995,70.235,1024
71.66,70.785,71.905,70.50999999999999,1012
70.765,70.745,71.08500000000001,70.64,762
70.75,69.46,70.83,69.4195,853
69.465,69.22,69.94,69.14500000000001,1372
69.2,67.93,69.24000000000001,67.89,1596
67.92500000000001,68.72,69.53999999999999,67.75999999999999,1208
68.72,69.155,69.16,68.05,1029
69.16,68.875,69.425,68.3595,698
68.77000000000001,68.83500000000001,68.93,68.36,354
68.84,68.35,68.935,68.19999999999999,226
68.3,69.25,69.25,67.99449999999999,690
69.235,69.035,69.38,68.655,354
68.98500000000001,69.11500000000001,69.5205,68.75,781
69.13,68.305,69.41499999999999,68.005,1039
68.30000000000001,68.62,68.82,67.9445,1589
68.63,69.52000000000001,69.795,68.58,1133
69.525,69.22999999999999,70.045,69.145,1088
69.22,69.43,69.69,69.07499999999999,1009
69.41499999999999,70.06,70.515,69.405,1046
70.05000000000001,70.375,70.38,69.83500000000001,921
70.38,70.38,70.85,70.255,946
70.38499999999999,70.01,70.56049999999999,69.78,791
70.015,70.55,70.745,70.01,550
70.555,69.85,70.57,69.775,427
69.80000000000001,70.36500000000001,70.47,69.685,498
70.34,70.14500000000001,70.92500000000001,70.08000000000001,759
70.15,69.87,70.22999999999999,69.8,410
69.875,70.57499999999999,70.61,69.82499999999999,824
70.57,70.48,70.62,70.205,794
70.475,71.445,71.575,70.35,1551
71.45,71.68,72.005,71.04499999999999,886
71.705,72.59,73.4,71.675,1550
72.595,73.36500000000001,73.38,72.49000000000001,993
73.34,72.80000000000001,73.36,72.61,830
72.805,71.875,72.97,71.805,920
71.86,72.265,72.5755,71.785,799
72.25999999999999,72.275,72.425,71.855,828
72.27000000000001,72.89500000000001,73.0255,72.13,890
72.945,74.37,74.455,72.505,1309
74.38,69.68,74.38,68.03,3311
69.66,67.77000000000001,69.88499999999999,67.555,2093
67.765,69.615,69.79499999999999,67.33,1834
69.61500000000001,69.765,70.17,69.39500000000001,1823
69.72999999999999,72.16,73.01050000000001,69.545,1678
72.205,71.975,73.245,71.89,1663
71.97,72.33,73.055,71.86,1628
72.305,72.55000000000001,73.23,71.9795,1773
72.555,75.6,75.755,72.55,2090
75.595,77.175,77.58,75.58500000000001,2190
77.21,76.82499999999999,77.785,76.36500000000001,1474
76.845,77.285,77.475,76.25,1268
77.275,77.07499999999999,77.655,76.63,977
77.08,76.965,77.19,76.295,1279
76.955,76.275,77.035,76.23,1595
76.27000000000001,76.03,76.99,75.87,878
76.03,75.64,76.225,75.34,718
75.61,75.865,76.49000000000001,75.61,618
75.89500000000001,78.365,79.22,75.88499999999999,1123
78.36,78.07,79.1305,77.66499999999999,2113
78.08500000000001,77.89,78.41,77.345,1539
77.895,78.565,80.075,77.795,1842
78.57499999999999,79.7,79.92,78.545,1870
79.685,78.66,79.935,78.4945,1436
78.66,78.38499999999999,79.04050000000001,78.125,1017
78.375,78.905,79.61500000000001,78.03999999999999,1190
78.9,78.8,78.9,78.235,1024
78.815,78.15,78.82,78.08500000000001,932
78.14500000000001,79.775,79.94,78.095,1127
79.785,80.945,81.765,79.57,1369
80.98500000000001,80.295,81.0795,80.27,1090
80.28,79.93,80.91,79.87,888
79.935,80.225,80.70500000000001,79.8495,893
80.275,80.73500000000001,80.88,79.875,927
80.74000000000001,80.08500000000001,81.375,79.94,1253
80.10499999999999,78.64,80.10499999999999,78.61,1192
78.63,79.1,79.68,78.4545,1520
79.09,79.13499999999999,79.48,78.195,1288
79.13,78.935,79.715,78.78,1779
78.925,78.91499999999999,79.55,78.78,1306
78.88999999999999,77.975,78.965,77.66999999999999,1454
77.98,78.255,78.39,77.67500000000001,839
78.26,78.89,79.07499999999999,77.36500000000001,941
78.88,78.555,79.395,78.45,878
78.565,78.68,79.55000000000001,78.37950000000001,1248
78.695,78.30000000000001,79.0505,78.06,989
78.31,78.4,78.815,77.92,1155
78.405,78.19,79.08500000000001,78.0,1262
78.16999999999999,78.97999999999999,79.75,77.695,1235
78.975,78.345,79.43,78.33949999999999,952
78.35,78.68,79.035,77.77000000000001,1211
78.68,78.41499999999999,78.88,78.18,1115
78.395,79.11,79.43,77.595,1353
79.24,81.12,81.51050000000001,79.185,1899
81.13,82.785,83.675,80.69,2312
82.805,83.47999999999999,84.655,82.715,1681
83.49,83.74,83.85,82.78999999999999,1389
83.755,86.895,87.2,83.58500000000001,1988
86.905,89.63499999999999,89.87,86.87,1875
89.66499999999999,91.065,91.86000000000001,89.17,2613
91.035,91.275,91.53999999999999,90.125,1833
91.28,92.305,92.53,90.46000000000001,1675
92.25,90.595,92.75999999999999,90.54499999999999,1572
90.60499999999999,90.28,90.965,89.1,2062
90.275,90.42500000000001,90.735,89.695,1228
90.97,89.43,91.085,89.43,567
89.425,87.85499999999999,89.815,87.845,651
87.86,88.5,88.66499999999999,87.425,1088
88.495,88.555,89.19999999999999,88.13499999999999,1486
88.55000000000001,91.235,91.265,88.35,2069
91.245,91.03999999999999,91.63499999999999,90.42,1360
91.035,90.50999999999999,91.11500000000001,89.41,1671
90.47,89.925,90.845,89.71000000000001,1464
89.945,90.89500000000001,91.465,89.91499999999999,1329
90.88499999999999,93.42500000000001,93.535,90.795,1429
93.36500000000001,93.14500000000001,95.275,92.945,1496
93.17500000000001,91.95500000000001,93.475,91.755,793
92.015,91.535,92.945,91.535,709
91.535,92.795,92.905,91.485,764
92.785,92.625,93.275,92.38499999999999,931
92.63499999999999,91.175,92.715,90.955,811
91.185,91.175,91.435,90.955,611
91.155,92.075,92.155,90.515,985
92.055,91.95500000000001,92.155,91.285,798
91.975,91.195,92.15549999999999,91.015,1008
91.19999999999999,92.53,92.875,91.065,2082
92.53999999999999,92.39,92.83500000000001,91.85,1169
92.42,92.71000000000001,93.035,92.005,1219
92.705,91.85499999999999,93.0655,91.82499999999999,1719
91.84,93.17,93.61,91.815,1702
93.16,91.685,93.35499999999999,91.49950000000001,1743
91.69,91.75,91.98500000000001,91.215,1335
91.735,91.48,91.81,91.06,999
91.485,92.03,92.28999999999999,91.08000000000001,1579
92.025,91.23,92.14,91.06,1179
91.18,91.31,91.75,91.025,946
91.285,92.59,92.965,90.475,2177
92.57499999999999,91.945,93.285,91.72,1305
91.935,91.94999999999999,92.6155,91.595,1000
91.9,93.175,93.28,91.88550000000001,1269
93.12,91.81,93.21000000000001,91.495,1013
91.81,90.69,92.3,90.69,1038
90.68,87.19999999999999,90.785,87.15,1064
87.145,87.555,88.565,86.85,1454
87.545,88.33,88.485,87.53999999999999,1253
88.315,89.065,90.19,88.06,1159
89.02,88.66,89.205,88.525,619
88.64500000000001,88.86500000000001,89.105,88.52000000000001,743
88.855,90.41499999999999,90.81,88.58500000000001,1606
90.42,90.515,91.24000000000001,90.36,1398
90.55000000000001,93.015,93.465,90.515,1676
93.02000000000001,94.005,94.52000000000001,92.755,1607
93.94,91.58,94.17500000000001,91.4795,1545
92.21000000000001,91.905,92.965,91.38,761
91.88499999999999,92.625,92.625,91.83500000000001,304
92.63499999999999,91.43,92.68,91.205,583
91.41499999999999,91.85,92.44,91.35499999999999,576
91.91,90.845,92.355,90.55000000000001,886
90.86,90.445,91.06450000000001,90.225,995
90.435,89.92,90.78,89.225,1577
89.925,88.725,89.945,88.27,966
88.72999999999999,89.285,89.38499999999999,88.42949999999999,990
89.275,88.71000000000001,89.375,88.28,660
88.66,88.275,89.00999999999999,87.6,754
88.28,89.13499999999999,89.19999999999999,88.27000000000001,525
89.15,89.295,89.78999999999999,88.955,596
89.285,89.25,89.64,88.74,544
89.24000000000001,88.935,89.63,88.715,715
88.92500000000001,89.195,89.28999999999999,88.71000000000001,744
89.19,89.13499999999999,89.4,88.66499999999999,709
89.115,88.195,89.245,88.09,605
88.21000000000001,87.91,88.61,87.345,1281
87.93,88.91,88.995,87.575,1039
88.905,90.995,91.41499999999999,88.58500000000001,797
90.975,90.44,91.04499999999999,90.175,806
90.44999999999999,91.875,91.97,90.235,1364
91.82,90.405,91.97,89.8895,695
90.38499999999999,90.465,90.705,89.4545,553
90.46,89.83500000000001,90.715,89.61500000000001,617
89.825,90.555,90.66,89.69,596
90.63,89.36500000000001,90.66499999999999,89.02,689
89.36,89.52000000000001,89.605,88.755,837
89.515,89.05000000000001,89.69,88.925,1125
89.035,88.96000000000001,89.33,88.7,858
88.94,89.995,90.47999999999999,88.735,1453
90.00999999999999,91.15,91.69999999999999,89.95,1814
91.175,91.935,92.41499999999999,91.09,1554
91.93,91.93,92.965,91.66499999999999,1415
91.91999999999999,91.985,92.44,91.505,1824
91.99000000000001,92.855,93.16050000000001,91.965,1255
92.86500000000001,93.44999999999999,93.6695,92.485,952
93.46000000000001,92.515,95.645,92.405,2571
92.52,92.75,93.255,91.4705,2504
92.74,91.89,92.91,91.525,2633
91.88499999999999,90.725,92.35,90.71000000000001,1405
90.765,91.14,91.645,90.71000000000001,1227
91.13499999999999,91.255,91.445,90.695,1085
91.245,91.11500000000001,91.935,90.74,1142
91.11000000000001,90.245,91.21000000000001,90.13,802
90.265,90.41999999999999,90.815,89.805,1193
90.44,91.53999999999999,91.795,90.41,956
91.555,92.29499999999999,92.36,90.905,879
92.285,91.375,92.36500000000001,91.35499999999999,860
91.37,91.885,92.07,91.08500000000001,925
91.87,92.66,92.775,91.36500000000001,949
92.66499999999999,92.11,92.765,91.895,1214
92.10499999999999,93.065,93.22999999999999,91.97,931
93.055,91.955,93.675,91.805,1346
91.945,91.25,92.52000000000001,91.17,1044
91.22999999999999,90.675,91.815,90.4,1084
90.66499999999999,90.755,90.955,90.25999999999999,921
90.775,91.06,91.14,90.61500000000001,623
91.055,90.815,91.25,90.57,890
90.805,91.94,92.005,90.725,1164
91.945,91.395,92.0,91.16,1043
91.405,91.41,92.0,91.245,980
91.405,90.58,91.46000000000001,90.38999999999999,992
90.57499999999999,91.05,91.6,90.47,950
91.045,90.85,91.155,90.455,1002
90.855,90.975,91.215,90.735,1044
90.97999999999999,92.72,92.765,90.84,1315
92.735,91.735,92.775,91.50999999999999,890
91.75,91.4,92.125,91.39,796
91.425,90.375,91.595,90.34,1025
90.38,91.305,91.36,90.02,802
91.30000000000001,90.075,91.775,89.8445,1026
90.02000000000001,90.16,90.635,89.9145,1092
90.16499999999999,89.545,90.225,88.805,1391
89.52000000000001,90.27000000000001,90.38,89.27000000000001,962
90.265,90.235,90.5695,89.925,815
90.25,90.275,90.42500000000001,89.53,1095
90.26,90.53,90.57,90.07,1170
90.525,89.65,90.5945,89.50999999999999,1095
89.655,89.995,90.0795,88.48949999999999,1818
90.03,88.22999999999999,90.065,88.015,1517
88.24000000000001,89.13499999999999,89.88,88.07,1173
89.11500000000001,89.16999999999999,89.64,89.1,495
89.16499999999999,89.16,89.405,89.1,536
88.99,88.02000000000001,88.99,87.9,351
88.215,87.35499999999999,88.36,87.23500000000001,383
87.36500000000001,87.63,87.83500000000001,87.305,225
87.64,89.41,89.795,87.63,888
89.41499999999999,86.86500000000001,89.625,86.595,1042
86.845,87.49000000000001,87.565,86.74,848
87.495,87.70500000000001,87.895,87.45500000000001,761
87.7,87.91499999999999,88.125,87.575,595
87.92,88.14,88.525,87.92,662
88.19,89.005,89.055,88.155,479
89.015,89.33500000000001,89.42,88.85,338
89.345,89.81,90.515,89.095,603
89.82,90.09,90.655,89.375,589
90.08000000000001,89.31,90.235,89.245,601
89.32,88.36500000000001,89.91499999999999,88.22999999999999,501
88.38,88.975,89.055,88.025,1185
88.965,88.195,89.08500000000001,88.015,587
88.19,89.50999999999999,89.51499999999999,88.17,611
89.52,89.765,89.795,89.36,419
89.775,90.145,90.42500000000001,89.675,371
90.16499999999999,91.905,92.125,90.03999999999999,1288
91.905,92.035,92.425,91.58,894
92.045,91.83,92.225,91.82,473
91.82499999999999,91.535,91.855,91.06,269
91.525,92.08500000000001,92.24000000000001,91.525,496
92.125,93.995,94.215,92.075,1025
93.985,94.8,94.86500000000001,93.67,1143
94.805,94.21,94.89500000000001,93.845,771
94.19999999999999,95.91499999999999,96.435,94.19999999999999,1492
95.92500000000001,96.015,97.195,95.4305,1087
96.005,96.64500000000001,96.875,95.8895,726
96.66,96.9,98.505,96.505,1086
96.915,96.91499999999999,97.205,96.515,578
96.895,97.66,97.775,96.78,733
97.66499999999999,97.495,97.79499999999999,96.86500000000001,671
97.425,98.705,98.825,97.32499999999999,850
98.725,97.975,99.235,97.67500000000001,701
97.92500000000001,98.13,98.215,97.715,615
98.11,95.84,98.15,95.305,1131
95.85,94.505,96.215,94.035,1055
94.5,95.795,95.91499999999999,94.145,959
95.805,95.685,95.86500000000001,95.40549999999999,698
95.66,95.41999999999999,96.45500000000001,95.16499999999999,957
95.43,95.095,96.07499999999999,94.82499999999999,609
95.10499999999999,95.605,95.695,95.07,704
95.595,95.89,96.08500000000001,95.535,527
95.89500000000001,97.42500000000001,97.785,95.84,1061
97.47,96.33500000000001,97.48,95.905,1211
96.32499999999999,95.78,96.565,95.515,786
95.785,94.33500000000001,95.815,93.9545,829
94.34,92.595,94.41499999999999,92.545,1228
92.645,92.95500000000001,93.345,92.465,610
92.95,92.66499999999999,93.505,92.525,705
92.63499999999999,92.675,92.86500000000001,91.295,854
92.66,92.275,92.83500000000001,91.255,750
92.22999999999999,92.405,92.605,92.05000000000001,725
92.41999999999999,92.61500000000001,92.875,92.1,760
92.25,93.555,93.605,92.10499999999999,491
93.575,93.305,93.58500000000001,93.17500000000001,373
93.315,92.935,93.89500000000001,92.65,742
92.925,94.42500000000001,94.655,92.705,853
94.405,95.72999999999999,96.38499999999999,94.145,1424
95.715,96.405,97.045,95.66999999999999,1112
96.375,96.1,98.295,95.305,1966
96.08500000000001,95.25999999999999,96.715,94.555,1637
95.25,94.61500000000001,95.525,93.955,1353
94.625,93.515,94.715,93.10499999999999,935
93.505,94.475,94.475,93.14500000000001,1119
94.465,94.12,94.545,93.895,973
94.115,95.10499999999999,95.36,93.935,760
95.11,93.475,95.22999999999999,93.055,1038
93.48500000000001,93.66499999999999,93.805,92.36500000000001,1054
93.675,94.72,94.995,93.59,841
94.725,96.945,97.145,94.6,1015
96.95,97.355,98.225,96.85499999999999,899
97.315,97.735,97.785,96.785,714
97.74000000000001,96.23500000000001,98.045,95.4845,1085
96.195,95.91499999999999,97.025,95.875,841
95.935,95.565,96.15,95.205,759
95.575,95.805,96.215,95.155,1041
95.795,96.985,97.035,95.785,958
97.005,97.655,97.755,96.055,894
97.695,100.215,102.14500000000001,97.57499999999999,1849
100.205,99.815,100.755,99.815,1119
99.785,100.6,101.065,99.36500000000001,1018
100.62,101.48,102.20500000000001,100.315,1232
101.485,100.09,101.58500000000001,99.705,1128
100.1,99.08500000000001,100.305,99.08500000000001,981
99.065,99.885,99.955,98.88,878
99.865,100.155,100.625,99.375,1224
100.16499999999999,99.68,100.435,98.4245,1378
99.685,98.37,99.685,97.625,1321
98.37,98.675,98.875,97.85499999999999,1252
98.655,96.9,98.855,95.91,1545
96.905,98.25999999999999,98.405,96.705,1278
98.22999999999999,99.39,99.645,98.01,1432
99.405,98.895,99.985,98.77000000000001,1478
98.91499999999999,98.32499999999999,99.025,97.815,1167
98.33,98.94,99.405,98.32,1250
98.945,97.92500000000001,99.07499999999999,97.86500000000001,1253
97.935,97.17500000000001,98.22999999999999,96.695,1129
97.16499999999999,97.125,98.015,96.97999999999999,1085
97.11500000000001,96.445,97.685,96.32499999999999,891
96.435,96.785,96.995,96.10499999999999,1011
96.775,96.785,97.025,96.04499999999999,597
96.83500000000001,97.39,97.73500000000001,96.515,500
97.39500000000001,96.45500000000001,97.625,96.065,467
96.46000000000001,96.16499999999999,96.755,95.805,652
96.155,96.455,96.47999999999999,95.58500000000001,521
96.465,96.48500000000001,97.055,96.305,776
96.475,95.775,96.57499999999999,94.89500000000001,834
95.895,95.725,96.0,94.525,919
95.785,95.11500000000001,95.805,94.015,827
95.105,95.66499999999999,95.725,94.525,669
95.545,96.115,96.415,95.465,468
96.11,96.24000000000001,96.42500000000001,95.935,555
96.235,96.73500000000001,97.015,96.235,506
96.73,96.805,96.83,95.66999999999999,926
96.595,96.445,96.645,96.275,520
96.44,96.53999999999999,96.985,96.3,589
96.53,96.73,97.08500000000001,96.4845,509
96.72,97.075,97.075,96.58000000000001,579
97.08500000000001,97.19,97.495,96.83500000000001,339
97.195,97.475,97.685,97.195,427
97.465,97.53999999999999,97.83000000000001,96.815,534
97.5,96.775,97.565,96.5,942
96.77000000000001,96.44999999999999,96.89,95.895,968
96.455,97.18,98.195,96.42500000000001,1106
97.17,96.515,97.295,96.26499999999999,1338
96.535,99.77000000000001,100.245,96.305,1205
99.75999999999999,99.045,100.935,98.97,986
99.055,100.465,100.905,98.80000000000001,1245
100.46000000000001,99.31,100.71000000000001,98.92949999999999,1277
99.32,98.535,99.555,98.35499999999999,1092
98.505,97.59,98.755,97.345,919
97.58500000000001,96.815,97.72999999999999,96.815,1022
96.815,95.955,97.065,95.255,1637
95.965,96.64,96.895,95.735,1644
96.695,95.575,97.51499999999999,95.435,1792
95.565,96.74000000000001,96.815,95.355,665
96.73500000000001,97.11,97.285,96.6,653
97.11,96.92,97.5,96.28,551
96.905,96.27,96.94,96.18,856
96.25999999999999,94.08500000000001,96.305,93.995,919
94.095,93.735,94.275,92.625,1090
93.73,93.445,93.945,92.485,1027
93.455,92.985,93.91499999999999,92.965,838
92.995,94.15,94.355,92.975,723
94.135,93.705,94.265,93.53,623
93.695,93.58500000000001,94.405,93.16499999999999,750
93.6,92.975,93.6,92.905,717
92.995,90.185,93.525,89.61500000000001,1395
90.16499999999999,91.185,91.535,90.035,1247
91.1,91.45,91.745,90.9905,512
91.445,92.71000000000001,93.315,91.14500000000001,621
92.7,92.395,92.7,92.075,343
92.33500000000001,91.105,92.625,90.975,726
91.11500000000001,90.535,91.355,90.17500000000001,804
90.525,90.815,91.36500000000001,90.405,735
90.82,91.46000000000001,91.86500000000001,90.745,733
91.465,91.875,91.88499999999999,90.685,835
91.88499999999999,92.13999999999999,92.775,91.83,623
92.155,91.555,92.28,91.255,558
91.56,90.975,92.055,90.895,671
90.97999999999999,88.98500000000001,91.22,88.89500000000001,1450
88.965,89.36,89.84,88.935,902
89.375,89.61,89.945,89.33500000000001,554
89.605,88.575,89.785,88.065,968
88.57,89.47999999999999,89.685,88.55000000000001,552
89.46,89.63,89.975,89.46,313
89.655,90.05,90.285,89.58,573
90.04499999999999,89.405,90.08500000000001,89.395,500
89.395,89.21000000000001,89.685,89.055,800
89.22,90.695,90.91499999999999,89.19,649
90.705,90.3,90.75,90.185,532
90.305,89.815,90.375,89.67,675
89.805,90.31,90.33000000000001,89.715,846
90.32,91.075,91.285,90.28,712
91.055,91.11500000000001,91.255,90.86500000000001,497
91.145,90.875,91.5755,90.78999999999999,528
90.88499999999999,90.505,91.295,90.445,693
90.50999999999999,89.675,90.74,89.45,937
89.67,90.35499999999999,90.765,89.63,940
90.35,91.525,91.685,90.225,1090
91.51499999999999,91.875,92.275,91.4645,731
91.88,91.985,92.795,91.595,1072
91.975,93.445,93.755,91.875,1228
93.485,92.405,93.63499999999999,91.945,938
92.41499999999999,92.445,92.905,92.045,1028
92.435,92.61500000000001,92.83500000000001,92.16499999999999,897
92.62,92.76,93.08500000000001,92.58,733
92.745,94.91499999999999,95.065,92.74000000000001,1767
94.92500000000001,95.69,95.775,94.855,1194
95.685,94.625,95.75,94.565,1178
94.64,94.61500000000001,94.71000000000001,94.185,1078
94.62,95.57499999999999,96.745,94.61500000000001,785
95.58,95.775,95.775,95.36,455
95.795,96.245,96.785,95.775,522
96.255,96.63,96.745,95.735,613
96.62,96.255,97.495,96.025,1196
96.25,96.20500000000001,96.845,96.125,1191
96.14500000000001,96.03,96.16,95.785,297
96.005,95.69,96.03,95.53999999999999,329
95.68,95.15,95.765,94.725,788
95.16,95.16,95.345,94.785,508
95.155,96.065,96.185,95.11500000000001,649
96.05,95.445,96.33500000000001,95.38,656
95.49000000000001,94.995,95.52000000000001,94.79499999999999,901
94.965,95.745,96.29499999999999,94.965,1187
95.72,94.85,95.795,94.73500000000001,572
94.845,94.19,94.94,94.065,541
94.185,93.705,94.28999999999999,93.63499999999999,620
93.695,93.15,93.97,93.055,712
93.155,93.215,93.58500000000001,93.045,741
93.23500000000001,93.28,93.37,92.995,500
93.295,93.20500000000001,93.47999999999999,93.20500000000001,668
93.195,93.145,93.32499999999999,92.38499999999999,1062
93.13,93.53999999999999,93.655,92.685,1314
93.54499999999999,94.015,94.095,93.5,704
94.0,93.935,94.305,93.86500000000001,806
93.925,94.345,94.545,93.875,889
94.355,94.65,95.105,94.14,703
94.63,93.81,94.945,93.435,806
93.82,94.695,94.76499999999999,93.65,697
94.70500000000001,94.77,94.945,94.09,803
94.775,96.16499999999999,96.29499999999999,94.765,1351
96.17,95.47999999999999,96.175,95.375,622
95.485,95.965,96.215,95.4795,587
95.975,95.225,96.155,95.205,579
95.24000000000001,95.545,95.74000000000001,95.16499999999999,640
95.535,95.715,95.775,95.295,573
95.695,95.17,95.965,95.025,839
95.18,94.745,95.33500000000001,94.535,983
94.755,93.995,94.875,93.785,935
93.99000000000001,92.995,94.265,92.985,993
93.01499999999999,92.955,93.095,92.185,896
92.945,93.28,93.515,92.825,747
93.28999999999999,91.745,93.41499999999999,91.64500000000001,687
91.765,91.145,91.795,90.815,871
91.14,91.375,91.38499999999999,90.895,845
91.395,91.35499999999999,91.66499999999999,91.12,646
91.36,91.045,91.7,90.86500000000001,691
91.06,91.015,91.195,90.535,963
91.005,91.05000000000001,91.13,90.685,632
91.045,91.39,91.51499999999999,91.035,450
91.39500000000001,91.55000000000001,91.625,91.275,379
91.555,89.355,91.57499999999999,89.065,1536
89.35,88.66499999999999,89.35,88.4755,782
88.655,88.84,88.93,88.4,639
88.82,89.31,89.36500000000001,88.82,381
89.305,89.565,89.645,89.275,276
89.575,89.71000000000001,90.185,89.13,420
89.705,90.255,90.465,89.695,318
90.215,89.75999999999999,90.26499999999999,89.605,368
89.765,89.51499999999999,89.925,89.395,549
89.50999999999999,90.21000000000001,90.33500000000001,88.635,791
90.20500000000001,90.345,90.655,89.88499999999999,508
90.36500000000001,90.775,90.88499999999999,90.28999999999999,489
90.785,90.88,91.13499999999999,90.75999999999999,265
90.86500000000001,91.485,91.485,90.86500000000001,367
91.505,91.36500000000001,91.83500000000001,91.145,493
91.38,91.435,91.505,91.19,358
91.445,91.47,91.76499999999999,91.375,421
91.465,91.72999999999999,91.765,91.445,301
91.735,92.595,92.965,91.72999999999999,633
92.61500000000001,92.75999999999999,92.805,92.555,428
92.745,92.065,92.75999999999999,92.035,347
92.075,91.895,92.185,91.795,278
91.88999999999999,92.08,92.425,91.805,527
92.09,91.775,92.21,91.28999999999999,684
91.78,91.41,91.85499999999999,91.245,557
91.425,91.83500000000001,91.875,91.385,427
91.775,89.805,91.785,89.705,798
89.825,90.13,90.195,89.66499999999999,735
90.13499999999999,90.285,90.38499999999999,90.08000000000001,389
90.28999999999999,90.37,90.59,90.17500000000001,492
90.365,87.47,90.365,87.37,885
87.485,87.435,87.6,86.445,740
87.405,86.685,87.505,86.605,777
86.675,87.005,87.08500000000001,85.965,806
87.01,87.095,87.33500000000001,86.93,502
87.08500000000001,87.685,87.785,87.03999999999999,583
87.68,87.91,88.035,87.525,427
87.91499999999999,87.565,88.19,87.50999999999999,454
87.56,87.13499999999999,87.775,86.66,640
87.155,87.555,88.075,87.055,686
87.55000000000001,87.66499999999999,87.905,87.39,659
87.655,87.89,88.015,87.55000000000001,485
87.89,87.435,88.025,87.325,772
87.44,86.9,87.54,86.39500000000001,847
86.88,86.145,86.885,86.105,1021
86.125,86.49000000000001,86.55,85.4845,712
86.485,85.86500000000001,86.495,85.76499999999999,592
85.88499999999999,86.13499999999999,86.255,85.41,536
86.13,86.94,87.04499999999999,86.1,333
86.95,87.125,87.405,86.83500000000001,469
87.12,87.61500000000001,87.66499999999999,87.09,336
87.49000000000001,87.305,87.625,87.24000000000001,214
87.31,87.25999999999999,87.39,87.095,161
87.24,88.595,88.685,87.24,325
88.60499999999999,89.255,89.33500000000001,88.595,323
89.235,89.685,89.91499999999999,89.145,449
89.66499999999999,89.41499999999999,89.83500000000001,89.315,344
89.41999999999999,89.9,90.645,89.41999999999999,613
89.875,89.435,90.07499999999999,89.39,425
89.445,89.47999999999999,89.805,89.1,415
89.485,88.945,89.565,88.64500000000001,517
88.92,89.25,89.315,88.775,320
89.265,89.825,89.905,89.265,451
89.845,89.015,89.905,88.98949999999999,486
89.005,88.57499999999999,89.0505,88.57,495
88.565,88.75,88.85499999999999,88.315,600
88.755,89.25,89.405,88.73,333
89.255,90.785,91.055,89.185,712
90.795,91.325,91.465,90.745,645
91.375,92.075,92.11500000000001,91.185,539
92.08500000000001,91.95,92.195,91.81,432
91.965,91.945,92.36500000000001,91.89500000000001,302
91.95500000000001,91.63,92.00550000000001,91.625,454
91.57499999999999,91.145,91.71000000000001,91.075,488
91.18,91.25,91.345,90.98949999999999,385
91.255,91.32499999999999,91.375,91.05,597
91.315,90.785,91.495,90.71000000000001,586
90.775,90.905,90.975,90.63499999999999,546
90.9,90.31,90.945,90.035,536
90.315,91.74000000000001,91.85499999999999,90.265,885
91.725,91.305,92.10050000000001,91.215,486
91.295,92.49000000000001,93.29499999999999,90.975,710
92.485,90.625,92.49,90.475,729
90.72,90.655,90.735,90.15,541
90.63,90.5,90.63499999999999,90.155,675
90.49000000000001,91.63499999999999,91.655,90.185,977
91.655,91.54499999999999,91.75,91.305,461
91.53999999999999,91.745,92.015,91.4,461
91.74000000000001,91.125,91.745,90.945,367
91.45,90.445,91.69,90.33000000000001,818
90.435,90.32,90.61500000000001,90.27,443
90.33500000000001,90.905,91.125,90.315,532
90.9,90.845,90.965,90.29,361
90.81,90.79499999999999,91.045,90.605,527
90.805,90.715,90.875,90.55,482
90.71000000000001,90.78999999999999,90.91999999999999,90.41499999999999,714
90.78,90.905,91.205,90.745,622
91.33500000000001,91.495,91.64500000000001,91.12,361
91.505,91.85499999999999,91.86500000000001,91.485,355
91.88499999999999,92.07,92.445,91.745,430
92.07499999999999,91.125,93.38499999999999,90.9145,1091
91.14,91.595,91.595,90.445,1027
91.6,90.65,91.695,90.63,751
90.66499999999999,89.015,91.245,88.85,1041
89.025,87.795,89.145,87.605,1274
87.78999999999999,87.13499999999999,87.78999999999999,87.065,834
87.14500000000001,87.375,87.645,86.955,781
87.36500000000001,87.47999999999999,87.6,86.875,1019
87.475,86.615,87.475,86.36500000000001,849
86.61,85.305,86.615,85.175,1554
85.3,85.255,85.46000000000001,84.875,727
85.25,85.225,85.315,84.61500000000001,765
85.235,86.075,86.075,85.18,340
86.025,86.125,86.475,85.905,554
86.13,86.735,86.745,86.115,271
86.745,86.245,86.745,86.03999999999999,490
86.25,84.955,86.43,84.775,527
84.975,85.285,85.54499999999999,84.975,681
85.28,85.34,85.465,85.195,592
85.35,84.975,85.39,84.845,473
84.995,85.82,86.015,84.945,867
85.84,85.63,85.94,85.555,282
85.64500000000001,85.535,85.755,85.4845,182
85.52000000000001,85.93,85.94,85.25,302
85.935,85.89500000000001,86.035,85.785,236
85.88,85.73,86.145,85.63499999999999,333
85.74000000000001,85.465,85.875,85.33,343
85.475,85.025,85.485,84.765,515
85.02000000000001,85.09,85.195,84.9045,284
85.095,85.06,85.25,84.38499999999999,630
85.0,84.94,85.33500000000001,84.41499999999999,631
84.945,83.905,85.025,83.3955,900
83.895,84.64,84.685,83.77000000000001,864
84.64500000000001,84.66499999999999,84.83000000000001,84.275,650
84.67,84.88,84.95,84.655,319
84.875,85.05,85.725,84.87,454
85.03,85.235,85.31,84.54499999999999,382
85.24,85.455,85.46000000000001,85.115,374
85.4,84.94,85.43,84.715,474
84.93,84.985,85.05,84.9045,399
84.97,84.695,85.155,84.645,315
84.695,82.975,84.805,82.975,611
82.965,84.225,84.245,82.565,877
84.21000000000001,85.36500000000001,85.805,84.16,1274
85.35499999999999,85.49000000000001,85.76499999999999,85.17500000000001,838
85.49000000000001,85.445,85.535,85.32,243
85.45,85.245,85.52,85.155,258
85.24,83.63,85.28,83.63,745
83.62,84.895,84.985,83.49449999999999,711
84.9,84.375,84.945,84.145,535
84.425,81.825,84.5455,81.595,519
81.87,80.53999999999999,81.99000000000001,80.22,878
80.55,80.305,80.725,80.155,841
80.35499999999999,80.37,80.5,80.16499999999999,434
80.36,80.11500000000001,80.37,80.10499999999999,147
80.155,80.10499999999999,80.35,79.985,300
80.11500000000001,80.775,80.91999999999999,80.08500000000001,159
80.785,81.205,81.24000000000001,80.095,592
81.19999999999999,82.145,82.22,81.19,637
82.14,82.545,82.655,81.93,369
82.53,81.91499999999999,82.59,81.89,126
81.91999999999999,81.56,81.97,81.36500000000001,158
81.565,81.91999999999999,82.065,81.44999999999999,329
81.91499999999999,81.57499999999999,82.005,81.45,326
81.58,81.225,81.58500000000001,81.09,170
81.225,81.38,81.53,81.02,363
81.375,81.02000000000001,81.385,80.88499999999999,211
81.045,80.795,81.0455,80.695,191
80.805,80.86,81.055,80.78,430
80.86500000000001,80.96000000000001,80.995,80.755,258
80.955,81.16,81.495,80.94,421
81.145,80.47,81.28,80.215,395
80.45,80.39500000000001,80.57,80.275,372
80.41499999999999,80.56,80.61,80.305,373
80.555,80.265,80.625,79.545,826
80.25999999999999,79.965,80.645,79.85,856
79.975,78.815,80.0205,78.625,812
78.82499999999999,78.6,78.87,77.965,863
78.595,78.64,78.96000000000001,78.34,734
78.625,78.30000000000001,79.035,78.14500000000001,795
78.295,78.66,78.755,78.0,510
78.65,77.785,78.71000000000001,77.66,817
77.775,77.46000000000001,78.035,77.375,908
77.465,77.925,78.01,77.4345,671
77.92,78.55,78.575,77.91499999999999,602
78.555,78.84,79.255,78.435,725
78.845,78.21000000000001,78.88,78.15,586
78.215,78.255,78.64,78.185,431
78.16499999999999,77.50999999999999,78.4,77.16,675
77.505,76.93,77.615,76.845,833
76.935,77.01,77.08500000000001,76.61500000000001,627
77.02000000000001,77.595,78.0195,76.685,1064
77.58500000000001,77.815,77.865,77.36,542
78.025,78.33500000000001,78.845,78.025,568
78.34,78.025,78.375,77.595,522
78.015,79.305,79.345,77.975,574
79.295,79.82,80.255,79.16,679
79.815,79.725,80.235,79.615,722
79.725,81.12,81.33500000000001,79.63499999999999,954
81.11500000000001,80.71000000000001,81.39500000000001,80.59,939
80.705,80.445,80.71000000000001,80.16499999999999,588
80.435,80.22999999999999,80.705,80.025,593
80.24,80.01,80.305,79.98949999999999,385
80.04,79.61500000000001,80.09,79.495,496
79.63499999999999,79.975,79.975,79.455,455
79.94,79.64500000000001,79.995,79.55,506
79.63499999999999,79.115,79.65,78.945,292
79.145,79.75,79.775,79.08,484
79.745,79.93,80.075,79.655,596
79.945,81.11500000000001,81.20500000000001,79.91,635
81.125,81.60499999999999,81.83500000000001,81.10499999999999,663
81.58500000000001,81.02,81.715,80.9505,547
81.015,81.485,81.555,80.765,444
81.58500000000001,82.14500000000001,82.425,81.45949999999999,693
82.13499999999999,82.13499999999999,82.355,82.075,386
82.14,82.245,82.58500000000001,82.095,423
82.235,82.02000000000001,82.315,81.955,272
82.005,81.975,82.16499999999999,81.59,466
81.985,81.66499999999999,81.985,81.52,387
81.66,81.775,81.83500000000001,81.4,419
81.795,81.50999999999999,81.965,81.42,466
81.505,81.66499999999999,81.735,81.26,377
81.675,81.42,82.375,81.29499999999999,536
81.425,81.70500000000001,82.0455,81.155,637
81.69,83.015,83.155,81.68,608
83.025,82.325,83.035,82.295,539
82.34,83.66499999999999,83.805,82.325,581
83.695,83.57,83.885,83.41,459
83.58500000000001,83.33000000000001,83.595,83.195,578
83.32,83.03999999999999,83.43,82.9,513
83.025,83.455,83.525,82.99950000000001,524
83.425,84.735,84.88499999999999,83.28999999999999,882
84.745,83.045,85.175,82.755,835
83.065,84.20500000000001,84.20500000000001,82.805,801
84.215,84.35,84.755,84.08500000000001,951
84.345,88.84,89.13499999999999,84.34,1816
88.85,90.735,90.89500000000001,88.31,1432
90.75,92.4,93.005,90.735,1304
92.435,93.0,93.455,92.16999999999999,1028
93.00999999999999,94.235,94.38499999999999,93.00999999999999,951
94.245,94.195,94.63499999999999,94.025,683
93.86500000000001,93.60499999999999,94.06,93.565,363
93.595,93.675,93.925,93.20500000000001,444
93.685,95.03999999999999,95.265,93.675,618
95.045,94.455,95.485,94.395,757
94.445,94.02000000000001,94.86,93.895,736
94.025,94.57,94.76499999999999,93.975,764
94.58,93.33500000000001,94.815,93.23500000000001,892
93.32499999999999,93.47,93.685,93.125,622
93.48,92.795,93.535,92.67,592
92.775,93.05,93.175,92.745,493
93.04499999999999,92.83500000000001,93.125,92.745,386
92.92,95.69,96.355,92.9195,1088
95.66499999999999,95.245,95.715,94.995,737
95.24000000000001,93.555,95.24000000000001,93.42500000000001,459
93.545,93.43,94.07499999999999,93.305,474
93.425,92.785,93.43,92.765,550
92.805,93.07499999999999,93.1,92.525,591
93.04499999999999,93.00999999999999,93.185,92.73,436
93.00999999999999,92.795,93.11,92.595,435
92.805,93.41,93.63499999999999,92.765,385
93.405,92.785,93.41,92.595,704
92.765,92.045,92.775,91.83500000000001,692
92.035,92.25,92.425,92.025,551
92.245,92.305,92.37,91.995,570
92.30000000000001,91.57,92.5855,91.315,586
91.565,91.715,91.745,91.535,456
91.725,92.215,92.255,91.66999999999999,506
92.235,92.02,92.545,91.965,516
92.025,92.445,92.465,91.98949999999999,471
92.44999999999999,93.025,93.10499999999999,92.275,551
93.035,91.655,93.035,90.88499999999999,982
91.67500000000001,92.045,92.685,89.83500000000001,2138
92.05000000000001,97.42500000000001,97.76499999999999,91.525,1288
97.44,92.595,97.83500000000001,92.295,1342
92.59,93.035,93.42500000000001,92.38499999999999,1332
93.03,94.715,94.935,92.625,785
94.695,97.715,97.715,94.36,1311
97.655,98.865,100.055,97.32,1958
98.88999999999999,100.425,100.67500000000001,98.735,947
100.475,100.655,101.735,100.315,1361
100.66,102.235,103.305,100.655,1186
102.275,102.49000000000001,103.125,102.13499999999999,962
102.535,99.45500000000001,102.53550000000001,99.33500000000001,1255
99.445,99.785,100.02,99.215,797
99.775,100.41,100.475,99.685,722
100.405,100.025,100.405,99.45500000000001,903
99.995,101.215,101.235,99.99,779
101.16499999999999,101.405,103.235,100.57499999999999,1815
101.795,100.515,101.955,100.405,574
100.505,100.89500000000001,100.94999999999999,99.945,433
100.9,101.02000000000001,101.055,100.105,659
101.01,100.72,101.045,100.275,772
100.71000000000001,99.715,100.735,99.655,936
99.705,100.41999999999999,100.59,99.345,682
100.43,99.065,100.755,98.965,1178
99.07499999999999,101.33000000000001,101.58500000000001,98.695,1222
101.325,100.765,101.41499999999999,100.63499999999999,1183
100.785,100.91499999999999,101.005,100.28,796
100.905,101.05000000000001,101.61500000000001,100.175,950
101.045,100.325,101.0505,100.145,1006
100.315,100.38499999999999,100.655,99.875,878
100.39,101.495,101.61500000000001,100.37,705
101.455,101.58500000000001,101.795,101.03999999999999,632
101.60499999999999,101.895,102.13,101.365,913
101.89,100.535,101.89,100.225,1031
100.53,101.1,101.785,100.455,965
101.095,100.995,101.225,100.525,988
101.005,99.735,102.12,99.465,1380
99.715,97.95500000000001,99.85,97.86500000000001,1497
97.965,98.62,98.775,97.89500000000001,601
98.63,98.32,98.775,97.375,945
98.32,98.35,98.475,97.88499999999999,689
98.36,98.33500000000001,98.455,97.945,656
98.345,99.305,99.36500000000001,98.21000000000001,606
99.31,98.385,99.365,98.365,811
98.365,98.595,99.08500000000001,98.225,707
98.61500000000001,96.255,98.935,96.195,1312
96.305,95.575,96.65,95.245,1311
95.57,95.325,95.845,95.06,1032
95.315,94.85499999999999,95.58,94.11500000000001,1193
94.865,96.33500000000001,96.775,94.715,1195
96.33,97.305,97.64500000000001,95.745,1229
97.2,99.60499999999999,99.825,97.17,1175
99.61500000000001,98.055,99.63,98.015,931
98.08500000000001,97.805,98.505,97.58500000000001,922
97.815,98.11,98.355,97.79499999999999,703
98.12,94.945,98.145,94.595,1450
94.965,94.945,95.14,93.925,1059
94.965,94.185,95.185,93.945,922
94.155,95.78,96.16499999999999,94.155,918
95.785,96.45500000000001,97.345,95.64,1034
96.465,96.525,96.965,96.26499999999999,768
96.53999999999999,96.305,96.865,95.995,804
96.315,96.695,97.075,95.745,1052
96.725,96.28,97.28,96.19,946
96.285,96.705,97.055,96.215,774
96.89,96.605,96.985,96.315,370
96.595,96.215,96.595,95.64,322
96.225,96.795,96.955,95.9,468
96.775,97.485,98.015,96.655,562
97.475,98.015,98.455,97.065,734
98.02,97.555,98.105,97.265,227
