4.97555,4.97315,5.0017,4.95595,1153
4.97165,4.9724,4.9944,4.9566,1100
4.9727,4.998749999999999,5.0023,4.967549999999999,1154
4.9989,4.998749999999999,5.005599999999999,4.9779,1132
4.99865,4.967700000000001,5.0066500000000005,4.964700000000001,1114
4.9686,5.02275,5.02435,4.96575,1102
5.021850000000001,5.01515,5.03005,5.00195,1078
5.01535,5.0550999999999995,5.059200000000001,5.008649999999999,1182
5.05525,5.0438,5.0665,5.0222999999999995,1043
5.04725,5.04005,5.05715,5.0310500000000005,1054
5.0397,5.0360499999999995,5.0493500000000004,5.0299499999999995,901
5.0359,5.0425,5.0533,5.03395,1026
5.0426,5.0601,5.0763,5.04105,1192
5.05985,5.05175,5.0709,5.03045,1077
5.05145,5.052,5.05775,5.0313,993
5.052099999999999,5.0609,5.0635,5.034,971
5.06085,5.029,5.061249999999999,5.01735,1074
5.0294,5.02055,5.0369,5.00975,854
5.02145,5.02205,5.03415,5.003500000000001,790
5.022349999999999,5.0403,5.0433,5.0131,900
5.04155,5.0363,5.045,5.02725,813
5.0361,4.9839,5.0382,4.95775,1041
4.9838000000000005,4.96075,5.0066,4.95535,1202
4.96095,4.977650000000001,4.98915,4.96095,1091
4.9784500000000005,5.0012,5.0028500000000005,4.9768,783
5.0005500000000005,4.9871,5.0036000000000005,4.9742999999999995,1072
4.986599999999999,5.011950000000001,5.0275,4.9784500000000005,1122
5.01145,4.99,5.01435,4.9816,987
4.98945,5.0156,5.018549999999999,4.9857,915
5.01205,5.0031,5.0173000000000005,4.9892,943
5.00305,5.0388,5.0457,5.00045,1071
5.0383,5.0676000000000005,5.0677,5.03545,1050
5.0674,5.03885,5.069050000000001,5.0296,1063
5.0398499999999995,5.0776,5.0928,5.037850000000001,1175
5.0768,5.0664,5.090249999999999,5.04405,1000
5.06495,5.05035,5.09465,5.04965,939
5.05025,5.04425,5.0668,5.0165500000000005,909
5.0438,5.0664,5.0722000000000005,5.0387,790
5.066050000000001,5.056749999999999,5.07085,5.056,790
5.057,5.0641,5.0703,5.0558,840
5.068099999999999,5.0591,5.0802,5.0543499999999995,583
5.05915,5.04285,5.0676000000000005,5.0384,529
5.0428,5.0641,5.0722000000000005,5.03935,1029
5.062200000000001,5.034,5.0685,5.0152,785
5.0339,5.02485,5.0486,5.0205,748
5.024649999999999,5.011900000000001,5.030749999999999,4.9916,890
5.01155,5.0334,5.037100000000001,4.9809,959
5.0351,4.987,5.0472,4.97625,1033
4.9866,5.0031,5.018800000000001,4.97545,901
5.0006,4.9575499999999995,5.0056,4.9544,775
4.95775,4.86555,4.9807500000000005,4.86555,1200
4.86365,4.8962,4.906599999999999,4.84395,1322
4.89595,4.88425,4.907,4.870799999999999,1171
4.88415,4.8964,4.9173,4.8723,1028
4.896,4.900399999999999,4.912599999999999,4.88325,1073
4.89915,4.9206,4.92955,4.8816,1092
4.9205000000000005,4.9124,4.931699999999999,4.9097,1059
4.91235,4.90995,4.9270499999999995,4.9073,1008
4.9102,4.90655,4.9144000000000005,4.8904,926
4.9037500000000005,4.9038,4.91915,4.88355,1129
4.9043,4.9079999999999995,4.91005,4.893,1054
4.90785,4.91805,4.9307,4.901300000000001,945
4.917199999999999,4.9272,4.9395500000000006,4.91235,979
4.9253,4.9119,4.9392,4.8919,1122
4.912100000000001,4.8993,4.9232499999999995,4.8947,1028
4.8994,4.9016,4.9109,4.8944,853
4.9007000000000005,4.89595,4.9077,4.88415,887
4.89545,4.882099999999999,4.898899999999999,4.856,1071
4.8835,4.8639,4.892799999999999,4.8473500000000005,1189
4.86495,4.88575,4.89705,4.8454,1029
4.8857,4.90285,4.9132,4.881550000000001,1092
4.90075,4.911149999999999,4.912599999999999,4.8929,1029
4.9086,4.886950000000001,4.908799999999999,4.8827,1037
4.8870000000000005,4.881,4.8878,4.8471,1210
4.8809000000000005,4.79835,4.8816500000000005,4.7817,1270
4.7983,4.7899,4.8147,4.78385,1313
4.7902000000000005,4.8063,4.83095,4.7854,1263
4.80615,4.768000000000001,4.819100000000001,4.75625,1143
4.7681000000000004,4.728400000000001,4.78275,4.702999999999999,1368
4.728949999999999,4.7666,4.78505,4.7273499999999995,1249
4.76715,4.7801,4.78355,4.757350000000001,1058
4.778650000000001,4.78545,4.81335,4.77505,947
4.78675,4.77025,4.79025,4.766,794
4.76995,4.787,4.790850000000001,4.76235,873
4.78705,4.7645,4.787800000000001,4.75885,842
4.7646,4.80805,4.81025,4.76105,813
4.83095,4.838749999999999,4.84485,4.8275500000000005,834
4.8388,4.8180499999999995,4.8453,4.8151,746
4.81825,4.78575,4.81825,4.76,1073
4.785,4.81665,4.8267500000000005,4.78215,812
4.8163,4.7992,4.81665,4.7798,836
4.80025,4.787649999999999,4.805999999999999,4.777,898
4.7877,4.7383,4.7884,4.71945,1106
4.73655,4.77565,4.785500000000001,4.73,1061
4.7758,4.6548,4.77665,4.6521,1072
4.65485,4.65835,4.6899999999999995,4.65245,1137
4.657500000000001,4.629,4.664149999999999,4.61345,1201
4.62945,4.6381,4.646599999999999,4.62945,972
4.63795,4.66615,4.6803,4.60625,1191
4.66665,4.67025,4.67335,4.64395,975
4.6648499999999995,4.63465,4.68175,4.63295,1100
4.6342,4.63275,4.654249999999999,4.617,1197
4.634,4.64195,4.64805,4.614050000000001,1106
4.6437,4.6081,4.65625,4.5923,1072
4.6082,4.5601,4.6186,4.54895,1226
4.56125,4.533899999999999,4.56815,4.5254,1115
4.534,4.5451999999999995,4.5642,4.52245,1134
4.54735,4.5504999999999995,4.56585,4.541600000000001,1020
4.55045,4.551500000000001,4.5783000000000005,4.5364,1101
4.55195,4.55985,4.5681,4.5433,1098
4.55805,4.6061499999999995,4.61135,4.556699999999999,1081
4.6052,4.6066,4.6097,4.5854,1004
4.60655,4.62285,4.62575,4.59725,1023
4.6228,4.60305,4.6364,4.5963,1124
4.6029,4.596,4.6128,4.5861,1098
4.596,4.56545,4.60555,4.5497499999999995,1180
4.56445,4.582000000000001,4.58935,4.5546,1045
4.5813500000000005,4.6177,4.6225000000000005,4.58105,965
4.6175,4.59535,4.6274999999999995,4.5952,965
4.5950500000000005,4.5184999999999995,4.6359,4.49005,1029
4.5156,4.5280000000000005,4.56465,4.49805,1121
4.5289,4.5266,4.5581499999999995,4.5245,1069
4.52905,4.5354,4.54175,4.5179,951
4.5354,4.54705,4.560549999999999,4.5287500000000005,1003
4.54795,4.5614,4.5637,4.538,999
4.56095,4.5308,4.577,4.5248,1052
4.530749999999999,4.6005,4.613300000000001,4.5153,1180
4.60055,4.6019000000000005,4.612,4.58295,1156
4.60175,4.59435,4.60635,4.581799999999999,1069
4.5944,4.58685,4.618650000000001,4.5823,1084
4.586650000000001,4.57495,4.593249999999999,4.5587,1181
4.5748999999999995,4.57655,4.5961,4.56455,1041
4.5798000000000005,4.54785,4.5865,4.5314499999999995,964
4.5478000000000005,4.52455,4.55145,4.5113,1004
4.5206,4.50935,4.5302,4.50795,612
4.5093,4.4986,4.52785,4.43915,1037
4.4986,4.39115,4.4986,4.3666,1378
4.390750000000001,4.32505,4.390750000000001,4.3118,1342
4.3241,4.33455,4.3453,4.2809,1258
4.33595,4.33595,4.36955,4.32435,1164
4.33685,4.3256,4.37265,4.300800000000001,1300
4.3260000000000005,4.28085,4.349,4.27465,1345
4.28235,4.321199999999999,4.3263,4.28235,1200
4.32085,4.334099999999999,4.3408,4.3085,1156
4.33385,4.3572500000000005,4.36045,4.331300000000001,1103
4.3561,4.35,4.3619,4.3378499999999995,1151
4.34985,4.309950000000001,4.3525,4.3091,1251
4.308949999999999,4.31475,4.3186,4.29645,1046
4.31485,4.34475,4.34815,4.303100000000001,949
4.34515,4.34605,4.3578,4.3339,1064
4.3462,4.3738,4.38015,4.3347999999999995,1051
4.3755500000000005,4.3671500000000005,4.39575,4.3645499999999995,1126
4.36705,4.341049999999999,4.3728,4.33265,1146
4.34075,4.3237000000000005,4.35985,4.31645,1182
4.32375,4.25775,4.32375,4.2528500000000005,1365
4.25995,4.2774,4.293150000000001,4.22815,1267
4.27745,4.26485,4.29865,4.2527,1177
4.2649,4.27605,4.28895,4.2633,1045
4.274649999999999,4.2478,4.29125,4.2395,1055
4.2479499999999994,4.2262,4.247999999999999,4.18685,1270
4.226649999999999,4.255649999999999,4.26735,4.225300000000001,1109
4.2552,4.23965,4.2736,4.23525,1134
4.23905,4.29555,4.3003,4.23565,1083
4.2955000000000005,4.29895,4.32375,4.2907,1156
4.2985500000000005,4.3232,4.3393999999999995,4.2985500000000005,1143
4.3243,4.3145,4.334849999999999,4.30635,1177
4.3147,4.296200000000001,4.34005,4.2836,1221
4.2982,4.27915,4.3393999999999995,4.27605,1029
4.26845,4.27395,4.29665,4.2588,1151
4.2739,4.3096,4.3183,4.2739,1318
4.309950000000001,4.344200000000001,4.3529,4.3073,1258
4.345549999999999,4.3205,4.3505,4.302,1234
4.3195,4.3599,4.3735,4.31155,1149
4.359500000000001,4.3567,4.3751,4.347099999999999,1091
4.3593,4.3269,4.36515,4.3241,1098
4.32745,4.3487,4.35095,4.32405,1012
4.350350000000001,4.3208,4.350350000000001,4.3100000000000005,1104
4.32035,4.28725,4.3216,4.2802500000000006,1107
4.28405,4.2286,4.28595,4.2212499999999995,1343
4.22865,4.22475,4.26105,4.19295,1151
4.22375,4.2473,4.249750000000001,4.21045,987
4.24735,4.23435,4.2528500000000005,4.2075499999999995,941
4.220549999999999,4.23915,4.24275,4.22,811
4.23915,4.197150000000001,4.23945,4.197150000000001,793
4.19715,4.23965,4.2406500000000005,4.1793,1183
4.23975,4.2197499999999994,4.2407,4.1987000000000005,883
4.21695,4.21205,4.241,4.2066,933
4.2120999999999995,4.24,4.24145,4.186450000000001,1000
4.2399000000000004,4.26955,4.31555,4.2234,1277
4.2693,4.33015,4.3314,4.2616499999999995,1249
4.32665,4.28815,4.3519000000000005,4.28655,1279
4.2887,4.2909500000000005,4.3172999999999995,4.2867999999999995,1107
4.2911,4.31165,4.349550000000001,4.2911,1093
4.311450000000001,4.318849999999999,4.33995,4.3048,1001
4.31765,4.298,4.3297,4.2860499999999995,1024
4.2974499999999995,4.2875,4.308450000000001,4.2844999999999995,1021
4.2874,4.374700000000001,4.39555,4.286250000000001,1213
4.373950000000001,4.35135,4.37635,4.33295,1213
4.352,4.3663,4.372249999999999,4.309200000000001,1145
4.36645,4.35665,4.39335,4.3555,1213
4.35675,4.3459,4.36315,4.3393999999999995,1069
4.3462,4.37335,4.37995,4.33925,1149
4.37395,4.443300000000001,4.468,4.3696,1336
4.443250000000001,4.4995,4.5072,4.43915,1417
4.499,4.5136,4.5621,4.498749999999999,1369
4.51355,4.4988,4.5311,4.4966,1337
4.4986999999999995,4.4899000000000004,4.504899999999999,4.4779,1255
4.48995,4.4817,4.49055,4.446899999999999,1141
4.484,4.45975,4.4940999999999995,4.4564,1165
4.459350000000001,4.4645,4.48565,4.456799999999999,1078
4.4633,4.4384999999999994,4.464,4.42135,1160
4.4386,4.5001999999999995,4.5292,4.4349,1223
4.50235,4.5644,4.5734,4.4661,1398
4.56475,4.27585,4.56475,4.2216000000000005,1418
4.27585,4.20125,4.3121,4.1971,1473
4.20425,4.29235,4.31005,4.1903,949
4.2932,4.2934,4.323,4.2689,999
4.293699999999999,4.42145,4.44205,4.28485,1123
4.42145,4.3915500000000005,4.4709,4.3899,1201
4.3915500000000005,4.3785,4.4094,4.3677,1284
4.37765,4.35355,4.3819,4.32225,1312
4.35375,4.40175,4.40545,4.3485499999999995,1427
4.4017,4.46715,4.4862,4.3957,1412
4.4668,4.4886,4.50075,4.43385,1440
4.48965,4.46,4.48965,4.4384,1223
4.46,4.46735,4.47595,4.44245,1275
4.46755,4.43945,4.4777000000000005,4.4287,1215
4.43845,4.41995,4.44415,4.41725,1229
4.41985,4.4218,4.4498,4.4159,1179
4.422000000000001,4.407450000000001,4.42905,4.39705,991
4.403499999999999,4.42605,4.42675,4.401199999999999,819
4.4293499999999995,4.4636499999999995,4.47265,4.42405,741
4.465,4.4979499999999994,4.5174,4.457,1228
4.4976,4.469849999999999,4.5194,4.456,1229
4.470000000000001,4.547000000000001,4.59835,4.46665,1387
4.547750000000001,4.5809999999999995,4.59665,4.547750000000001,1350
4.57835,4.53575,4.61995,4.52675,1190
4.5369,4.5762,4.57745,4.5369,1036
4.5754,4.587350000000001,4.6197,4.55165,1166
4.5869,4.57845,4.58725,4.55285,949
4.581200000000001,4.5405,4.58555,4.5342,942
4.5411,4.55235,4.57235,4.536899999999999,1035
4.5534,4.57695,4.590199999999999,4.5526,1108
4.5771,4.547000000000001,4.5805,4.54265,1072
4.5471,4.5386500000000005,4.5939,4.52355,1177
4.54,4.518750000000001,4.5663,4.5127500000000005,1233
4.51845,4.5533,4.5553,4.514200000000001,1110
4.5523,4.5381,4.5939499999999995,4.5214,1185
4.5351,4.49355,4.54875,4.49355,1227
4.4912,4.5039,4.51795,4.4658,1371
4.50375,4.4793,4.51255,4.46255,1233
4.47945,4.47575,4.4956,4.4605999999999995,1170
4.476000000000001,4.4508,4.49295,4.4349,1312
4.4486,4.3995,4.45375,4.38795,1326
4.39955,4.4023,4.41065,4.3881,1191
4.4024,4.408849999999999,4.4094999999999995,4.3566,1217
4.40855,4.405749999999999,4.420450000000001,4.38955,1156
4.4058,4.41615,4.44205,4.3972999999999995,1157
4.41625,4.36075,4.426,4.3568999999999996,1233
4.3636,4.3755500000000005,4.3914,4.33725,1284
4.37575,4.3667,4.40695,4.35475,1444
4.36675,4.4066,4.4185,4.3505,1371
4.40615,4.3950499999999995,4.42675,4.3909,1267
4.39415,4.41755,4.4306,4.37735,991
4.41605,4.424049999999999,4.42625,4.39315,1457
4.42395,4.465,4.4765999999999995,4.39855,1333
4.46545,4.50185,4.52365,4.45975,1261
4.50265,4.555899999999999,4.5799,4.48195,1194
4.56155,4.5177,4.5811,4.51445,1350
4.5175,4.53115,4.5474,4.505,1265
4.5312,4.62985,4.6339500000000005,4.5179,1268
4.6301,4.6668,4.681900000000001,4.604699999999999,1360
4.6669,4.72025,4.73625,4.65835,1363
4.7203,4.71965,4.7274,4.6836,1310
4.71945,4.7262,4.727449999999999,4.681150000000001,1214
4.726649999999999,4.68685,4.75905,4.6844,1289
4.6878,4.687049999999999,4.6959,4.6619,1125
4.6871,4.66305,4.6896,4.64745,1017
4.664899999999999,4.6326,4.66715,4.6292,777
4.6331,4.608,4.64805,4.60685,752
4.610049999999999,4.58695,4.6304,4.5753,866
4.5835,4.6536,4.6599,4.583349999999999,1039
4.65475,4.67225,4.6818,4.63595,898
4.6719,4.6881,4.7071000000000005,4.661099999999999,890
4.68755,4.648149999999999,4.7105,4.6284,1186
4.648,4.61625,4.65545,4.592499999999999,1172
4.6156500000000005,4.61345,4.6216,4.5872,990
4.6133,4.74075,4.74655,4.61145,1060
4.74035,4.703799999999999,4.7977,4.69825,1378
4.70395,4.6907,4.71495,4.666449999999999,1427
4.6912,4.69375,4.7222,4.67365,1302
4.695,4.7052499999999995,4.7235,4.6767,1021
4.7044999999999995,4.7357,4.7384,4.6962,1144
4.73585,4.68685,4.73705,4.6681,1261
4.6865000000000006,4.6930499999999995,4.69815,4.6806,1093
4.69365,4.69215,4.69515,4.64795,1363
4.6911000000000005,4.68785,4.69655,4.66695,1184
4.687849999999999,4.65245,4.691800000000001,4.6432,1257
4.6511,4.709849999999999,4.71835,4.624750000000001,1404
4.70995,4.7351,4.7504,4.7006499999999996,1210
4.7358,4.74315,4.76385,4.70885,1216
4.743399999999999,4.72475,4.76495,4.72475,1241
4.7248,4.7791999999999994,4.78665,4.72425,1325
4.779,4.7339,4.7847,4.7302,1389
4.7330000000000005,4.7166999999999994,4.75115,4.70575,1178
4.7169,4.7036999999999995,4.7194,4.680400000000001,996
4.70185,4.6934000000000005,4.7292000000000005,4.67695,1277
4.69355,4.6683,4.70095,4.657349999999999,1206
4.66825,4.7065,4.71655,4.6647,1252
4.703799999999999,4.7056000000000004,4.7334499999999995,4.66465,1408
4.7040500000000005,4.6859,4.7275,4.65935,1303
4.685549999999999,4.6647,4.7074,4.638,1098
4.6806,4.70135,4.70795,4.6606000000000005,1060
4.6998,4.66025,4.7042,4.642950000000001,1224
4.6602,4.649699999999999,4.689,4.649699999999999,1204
4.6501,4.6168499999999995,4.6612,4.6110500000000005,1308
4.6144,4.55265,4.6152999999999995,4.528700000000001,1311
4.55165,4.5611999999999995,4.57515,4.5443999999999996,1159
4.5596,4.5938,4.6236999999999995,4.5547,1243
4.5919,4.561400000000001,4.6013,4.55335,1327
4.5615000000000006,4.60285,4.6055,4.556,1027
4.6018,4.67585,4.67775,4.5926,1248
4.6753,4.6316500000000005,4.6753,4.6278500000000005,1120
4.63145,4.7143,4.72315,4.62425,1223
4.7158999999999995,4.726850000000001,4.7578,4.68655,1251
4.7261,4.6507000000000005,4.7326,4.63565,1230
4.66115,4.6413,4.6819500000000005,4.61065,772
4.641249999999999,4.6753,4.6753,4.64115,569
4.674849999999999,4.65135,4.67955,4.64095,1035
4.65285,4.6789000000000005,4.68655,4.64475,719
4.67915,4.616,4.6851,4.60405,982
4.61555,4.6057500000000005,4.63225,4.5972,958
4.6038499999999996,4.5889500000000005,4.6305499999999995,4.5716,1118
4.5874500000000005,4.51875,4.5896,4.5184,1233
4.51835,4.5595,4.56765,4.51835,1037
4.56085,4.56395,4.5667,4.541,830
4.5639,4.53015,4.573449999999999,4.51,1247
4.5301,4.559200000000001,4.56185,4.52615,957
4.5527999999999995,4.5716,4.57545,4.5471,1116
4.57105,4.5633,4.5794,4.5517,1002
4.5619,4.54755,4.5753,4.527950000000001,990
4.547499999999999,4.56595,4.5694,4.54045,956
4.56615,4.5746,4.579549999999999,4.5603,794
4.574450000000001,4.5280000000000005,4.57595,4.5242,912
4.53095,4.49655,4.54555,4.48635,1136
4.4966,4.4849499999999995,4.5028,4.460100000000001,1130
4.4848,4.493650000000001,4.51005,4.47775,884
4.49375,4.47225,4.49525,4.45325,946
4.4712499999999995,4.49755,4.5017,4.46755,1045
4.497199999999999,4.491099999999999,4.5116499999999995,4.47215,926
4.4911,4.4895,4.50385,4.473,997
4.48935,4.4863,4.50115,4.47455,940
4.486000000000001,4.51085,4.5146999999999995,4.4843,901
4.51135,4.5126,4.518649999999999,4.48465,883
4.5113,4.5108,4.514,4.4894,845
4.51325,4.5005500000000005,4.520250000000001,4.49615,941
4.5009,4.4991,4.5179,4.48655,924
4.50065,4.5363,4.5527,4.4946,968
4.536099999999999,4.561299999999999,4.590249999999999,4.5292,1177
4.56135,4.58155,4.5847,4.5502,979
4.5813500000000005,4.56975,4.58945,4.5632,1009
4.5697,4.5661000000000005,4.583349999999999,4.5499,889
4.5678,4.605,4.6136,4.566000000000001,1204
4.60525,4.64935,4.65465,4.58835,1215
4.6492,4.75455,4.80155,4.64795,1477
4.7558,4.82685,4.84405,4.7558,1531
4.8291,4.83705,4.88905,4.8252500000000005,1525
4.83805,4.78125,4.8766,4.7771,1306
4.78095,4.768,4.79195,4.75035,1277
4.76805,4.766249999999999,4.77975,4.7369,1066
4.768050000000001,4.7704,4.8025,4.757899999999999,1145
4.7725,4.7296499999999995,4.773,4.7174,1236
4.7298,4.6781500000000005,4.7447,4.6573,1209
4.67845,4.734999999999999,4.73535,4.6758500000000005,1181
4.72925,4.72625,4.73235,4.69985,915
4.7264,4.7062,4.72955,4.6915,757
4.70625,4.715999999999999,4.72455,4.6857500000000005,1082
4.71645,4.76,4.76515,4.6953499999999995,1108
4.761150000000001,4.73925,4.7627500000000005,4.7291,983
4.7376000000000005,4.776,4.784,4.73745,1098
4.774900000000001,4.76905,4.82465,4.750500000000001,1346
4.7700499999999995,4.75545,4.785,4.7372499999999995,1268
4.75485,4.6829,4.769550000000001,4.6767,1186
4.6827000000000005,4.67285,4.6856,4.6406,1224
4.67375,4.69935,4.70505,4.66935,1029
4.7016,4.6918500000000005,4.7248,4.6785,961
4.691,4.74685,4.75645,4.690799999999999,1090
4.746700000000001,4.74525,4.759449999999999,4.72195,1174
4.7449,4.74695,4.7799499999999995,4.7406500000000005,1233
4.7474,4.734999999999999,4.75115,4.7231000000000005,1249
4.73625,4.78315,4.802199999999999,4.73515,1139
4.7834,4.7721,4.79905,4.7652,1061
4.77215,4.81545,4.83095,4.7712,1121
4.8154,4.86755,4.87585,4.812,1280
4.8675999999999995,4.844799999999999,4.87695,4.8394,1196
4.8411,4.8521,4.87465,4.83925,1082
4.85215,4.836,4.8924,4.83265,1187
4.83565,4.8441,4.8505,4.803,1105
4.8428,4.92085,4.99985,4.83685,1351
4.91985,5.00005,5.003349999999999,4.88875,1319
5.0003,5.0417000000000005,5.0573,4.949,1433
5.04115,4.99595,5.042400000000001,4.9376,1322
4.9863,4.951499999999999,4.99615,4.9364,1262
4.94995,4.9551,4.9637,4.91355,1257
4.955299999999999,4.98085,4.9979,4.9483999999999995,1294
4.9807500000000005,4.929399999999999,4.99175,4.9271,1317
4.92955,5.0476,5.049250000000001,4.87405,1478
5.049300000000001,5.001099999999999,5.0763,4.98315,1408
5.00225,5.003349999999999,5.0801,4.992800000000001,1461
5.0055,5.123749999999999,5.14775,5.001049999999999,1452
5.1224,5.0747,5.13635,5.0646,1420
5.0745000000000005,5.0796,5.09005,5.03355,1340
5.07955,5.0337499999999995,5.0947499999999994,5.00385,1439
5.03415,5.0417000000000005,5.05985,5.024900000000001,1328
5.042400000000001,5.1168,5.17295,5.04035,1325
5.1182,5.0445,5.12645,5.01445,1469
5.0445,4.998749999999999,5.0939499999999995,4.9808,1440
4.99885,4.9814,5.0167,4.964,1279
4.981450000000001,5.000299999999999,5.0161,4.9613,1214
5.0004,5.02205,5.0456,5.0001999999999995,1170
5.0184999999999995,5.05435,5.05435,5.008649999999999,935
5.0537,5.0532,5.05635,5.02375,1134
5.0525,5.01025,5.07335,4.992100000000001,1141
5.0108,5.02665,5.0461,5.006550000000001,1095
5.02655,5.0693,5.116099999999999,5.0167,1274
5.0687999999999995,4.98015,5.07845,4.95775,1264
4.9826,5.0599,5.0804,4.97955,1261
5.0601,5.03275,5.121650000000001,5.016,1261
5.033200000000001,5.130850000000001,5.16245,5.02285,1314
5.1328,5.22525,5.26695,5.12715,1440
5.2253,5.158200000000001,5.2253,5.1543,1291
5.15845,5.27645,5.2917000000000005,5.13165,1444
5.27685,5.2529,5.34975,5.24845,1416
5.2542,5.2128,5.2558,5.2078500000000005,1219
5.2134,5.22475,5.2455,5.189,1329
5.224600000000001,5.2239,5.24505,5.1997,1100
5.22555,5.2799499999999995,5.29535,5.21765,1377
5.2799499999999995,5.2873,5.3078,5.242900000000001,1421
5.290050000000001,5.26185,5.2911,5.20985,1304
5.26155,5.30915,5.39035,5.25625,1480
5.31025,5.3279499999999995,5.3643,5.27445,1396
5.3274,5.36005,5.3657,5.2893,1326
5.3598,5.43655,5.5643,5.337899999999999,1522
5.43635,5.77605,5.8383,5.4275,1504
5.7844999999999995,6.01355,6.087899999999999,5.7558,1543
6.0153,6.085100000000001,6.12595,5.980449999999999,1542
6.085000000000001,6.2193000000000005,6.222099999999999,6.01145,1550
6.22445,6.13175,6.26255,6.068350000000001,1524
6.129,6.11195,6.1599,6.037850000000001,1474
6.1119,6.0163,6.1273,5.94995,1529
6.02125,5.9556000000000004,6.04595,5.901999999999999,1512
5.9559,6.0361,6.0563,5.9363,1485
6.0362,6.026,6.05415,6.00095,1359
6.02635,5.95825,6.1122,5.9468,1155
5.9593,5.9193,6.004300000000001,5.905849999999999,1310
5.919650000000001,6.00465,6.0128,5.9167000000000005,1401
6.0055499999999995,6.0078499999999995,6.0289,5.9879,1306
6.00775,6.1023,6.15285,5.99805,1395
6.103199999999999,5.980700000000001,6.11295,5.96835,1479
5.9807500000000005,5.9723,6.011950000000001,5.9221,1420
5.971,5.84875,5.9773,5.78855,1453
5.84815,5.76585,5.86065,5.748799999999999,1465
5.7730999999999995,5.7293,5.7858,5.7128499999999995,1377
5.7296499999999995,5.656499999999999,5.758749999999999,5.6477,1349
5.6587499999999995,5.6942,5.74495,5.6196,1450
5.6927,5.65215,5.69965,5.5851,1345
5.65275,5.69015,5.7143999999999995,5.6105,1318
5.690250000000001,5.7314,5.7669,5.68815,1314
5.70115,5.80475,5.8119499999999995,5.6927,1088
5.8042,5.79425,5.821350000000001,5.77965,1066
5.79635,5.834300000000001,5.8675,5.7459,1267
5.83495,5.903449999999999,5.91015,5.79185,1393
5.9033,5.97975,6.00915,5.868449999999999,1519
5.97945,5.99705,6.0454,5.9399999999999995,1480
5.993550000000001,5.92485,6.1248000000000005,5.86515,1567
5.9213000000000005,5.7812,5.95055,5.75975,1478
5.7783999999999995,5.777200000000001,5.79,5.6784,1419
5.7789,5.6909,5.7822,5.66465,1269
5.6915,5.74315,5.7472,5.6566,1290
5.74375,5.80265,5.84495,5.7288499999999996,1165
5.802849999999999,5.88375,5.920249999999999,5.7732,1168
5.88615,5.75495,5.911849999999999,5.7399000000000004,1291
5.7547999999999995,5.77555,5.78965,5.66705,1314
5.7752,5.80755,5.80945,5.752549999999999,1172
5.8073999999999995,5.84645,5.8611,5.7606,1256
5.84605,5.8145,5.92485,5.80945,1451
5.812200000000001,5.8862000000000005,5.89285,5.7648,1317
5.886,5.7232,5.8877,5.6793,1400
5.72255,5.7217,5.7628,5.7064,1310
5.72135,5.6736,5.723000000000001,5.6273,1132
5.673299999999999,5.71655,5.7776,5.647550000000001,1365
5.71275,5.83965,5.84025,5.71275,1251
5.8407,5.7936,5.8425,5.7286,1247
5.79355,5.7552,5.80515,5.71675,1273
5.75525,5.7837,5.80035,5.734249999999999,1195
5.7841000000000005,5.861,5.8909,5.75995,1296
5.86125,5.91465,5.9305,5.8362,1227
5.91465,5.8523499999999995,5.9254,5.8124,1288
5.8530999999999995,5.8418,5.9083000000000006,5.82025,1272
5.84165,6.04455,6.0535,5.8359000000000005,1387
6.045,6.0336,6.0736,5.93825,1454
6.0344999999999995,6.04045,6.12665,5.9222,1185
6.04355,6.00855,6.04355,5.9246,1211
6.0085,6.147600000000001,6.1643,5.9559,1302
6.1477,6.1720500000000005,6.39605,6.03665,1443
6.172,6.1937999999999995,6.2475000000000005,6.0858,1470
6.1911000000000005,6.2963000000000005,6.33275,6.0826,1461
6.29735,6.2457,6.352399999999999,6.19655,1440
6.24635,6.1761,6.25075,6.1167,1366
6.1768,6.21535,6.25135,6.17395,1381
6.2158,6.18305,6.23855,6.1545000000000005,1305
6.18375,6.1678,6.22105,6.11635,1296
6.16785,6.148350000000001,6.2209,6.14395,1277
6.1485,6.1052,6.19185,6.068350000000001,1241
6.10445,6.10475,6.1453500000000005,6.08445,1291
6.1048,6.0958000000000006,6.1227,6.05885,1097
6.0991,6.1609,6.173,6.07655,846
6.16095,6.21235,6.242850000000001,6.1609,1101
6.2123,6.1906,6.29945,6.18815,1251
6.19205,6.1556999999999995,6.1979500000000005,6.1011,1159
6.155799999999999,6.1591000000000005,6.2141,6.1337,1240
6.1589,6.0808,6.1802,6.0565,1230
6.0804,6.0428,6.1131,6.008800000000001,1287
6.04275,5.9319500000000005,6.0497,5.9038,1362
5.93235,5.9921500000000005,6.00075,5.898350000000001,1252
5.99145,6.0398,6.07745,5.9773,1238
6.038,6.150650000000001,6.1514,6.02575,1127
6.14405,6.0999,6.1492,6.07945,1208
6.09995,6.1814,6.186,6.06405,1253
6.1815,6.1564,6.20075,6.13445,1196
6.1532,6.12495,6.187749999999999,6.1190999999999995,1044
6.12205,6.14745,6.163550000000001,6.11115,1104
6.14955,6.15735,6.16115,6.1118500000000004,1121
6.1572,6.2367,6.2713,6.1403,1296
6.2362,6.30275,6.3290500000000005,6.23385,1327
6.30275,6.28185,6.31795,6.2554,1349
6.278700000000001,6.3773,6.3979,6.2218,1298
6.3779,6.2271,6.3998,6.2115,1425
6.225149999999999,6.259,6.26285,6.19745,1278
6.2592,6.16375,6.2592,6.14565,1272
6.162,6.233,6.2445,6.117900000000001,1226
6.23315,6.2048,6.2536000000000005,6.19665,1117
6.20485,6.31565,6.37355,6.1884,1340
6.3165,6.3205,6.41385,6.2768,1428
6.3206500000000005,6.327450000000001,6.3900500000000005,6.2665500000000005,1413
6.32895,6.3695,6.4131,6.3232,1431
6.37115,6.4577,6.502750000000001,6.339650000000001,1440
6.4559,6.42535,6.5007,6.39755,1432
6.42865,6.3876,6.453,6.35325,1406
6.3934999999999995,6.3195,6.4540500000000005,6.2859,1144
6.3191500000000005,6.394399999999999,6.39585,6.2671,1279
6.3957999999999995,6.403449999999999,6.43205,6.36615,1301
6.40185,6.37955,6.4092,6.34065,1304
6.3812,6.3736,6.4110499999999995,6.340299999999999,1268
6.37335,6.21275,6.3879,6.1992,1279
6.21275,6.14135,6.2326999999999995,6.0776,1436
6.1395,6.077249999999999,6.15995,6.01365,1345
6.07615,5.9827,6.1625,5.969099999999999,1337
5.9834499999999995,6.06265,6.089650000000001,5.9723,1292
6.0625,6.056150000000001,6.08645,6.01455,1212
6.052350000000001,6.13475,6.145300000000001,6.052350000000001,1285
6.1354500000000005,6.1127,6.168699999999999,6.10505,1305
6.1129999999999995,5.86435,6.15565,5.823650000000001,1483
5.86475,5.90385,5.94305,5.815049999999999,1488
5.9014500000000005,5.9677500000000006,6.0023,5.89695,1110
5.96795,6.058249999999999,6.1113,5.9342500000000005,1239
6.05425,5.99435,6.0544,5.9906500000000005,1068
5.99405,5.93105,6.02165,5.92745,1222
5.937749999999999,5.8980999999999995,5.9466,5.8458000000000006,1338
5.8994,5.8756,5.94785,5.8555,1212
5.8719,5.8683,5.9373000000000005,5.86755,1248
5.8672,5.83755,5.8717,5.7501999999999995,1358
5.83605,5.8744,5.92165,5.8264499999999995,1227
5.8735,5.8757,5.9337,5.8431999999999995,1214
5.8762,5.80905,5.90585,5.7974499999999995,1226
5.8088,5.71225,5.85175,5.71225,1462
5.7116,5.7196,5.763199999999999,5.69755,1363
5.7196,5.7235,5.754,5.70205,1156
5.72435,5.7377,5.7581500000000005,5.6457999999999995,1389
5.7372,5.78595,5.81435,5.7328,1358
5.7859,5.7897,5.852550000000001,5.7844999999999995,1112
5.78955,5.808,5.8424499999999995,5.78525,1213
5.808,5.7545,5.85175,5.751200000000001,1142
5.75455,5.7334499999999995,5.777200000000001,5.718999999999999,1260
5.7333,5.85855,5.8669,5.72785,1250
5.8585,5.79165,5.8596,5.78815,1071
5.79235,5.7544,5.82225,5.7362,1172
5.754099999999999,5.7958,5.805899999999999,5.7511,1301
5.79575,5.80995,5.8406,5.78895,1171
5.81,5.86245,5.86275,5.79845,1161
5.86175,5.82335,5.86975,5.8143,1165
5.8253,5.7418499999999995,5.827249999999999,5.7341,1143
5.7421500000000005,5.70415,5.769349999999999,5.67265,1304
5.70425,5.727650000000001,5.75365,5.70045,1335
5.72405,5.8069,5.8212,5.7097,1259
5.80655,5.8088,5.8465,5.7803,1236
5.809150000000001,5.8147,5.8260000000000005,5.767250000000001,1191
5.813750000000001,5.82855,5.8485499999999995,5.77905,972
5.82615,5.70975,5.84165,5.6835,1102
5.7109000000000005,5.72585,5.7331,5.66065,1219
5.72595,5.7286,5.7517499999999995,5.7057,1193
5.73,5.765,5.7667,5.716049999999999,1238
5.764049999999999,6.0066500000000005,6.05175,5.75685,1399
6.0069,6.0126,6.0322499999999994,5.977,1374
6.012449999999999,5.97565,6.0768,5.94475,1315
5.976100000000001,6.0336,6.04385,5.9437999999999995,1179
6.0337499999999995,6.0576,6.0933,6.0194,1249
6.05425,6.05945,6.06475,6.0282,1190
6.0596499999999995,6.29515,6.30145,6.0546,1353
6.29495,6.3503,6.36435,6.246700000000001,1327
6.35045,6.44965,6.46715,6.35045,1451
6.445,6.473649999999999,6.5532,6.44295,1482
6.4566,6.42515,6.4597999999999995,6.4176,1077
6.42465,6.36575,6.450950000000001,6.3575,1258
6.365349999999999,6.32315,6.3729499999999994,6.2799,1362
6.322699999999999,6.36495,6.3922,6.31555,1247
6.36405,6.3951,6.48135,6.35295,1314
6.3949,6.42515,6.44275,6.35975,1215
6.42515,6.53,6.5442,6.38585,1388
6.52855,6.7029,6.7532499999999995,6.50455,1465
6.7012,6.82695,6.8783,6.7012,1481
6.82835,6.80635,6.891450000000001,6.77285,1445
6.8074,6.7866,6.86265,6.7542,1351
6.7886,6.7374,6.8206,6.7315000000000005,1289
6.7413,6.84165,6.873749999999999,6.7413,1377
6.84155,6.720599999999999,6.84235,6.6949000000000005,1260
6.720599999999999,6.7392,6.786,6.66655,1303
6.73925,6.8176000000000005,6.837,6.6828,1342
6.81325,6.8017,6.883649999999999,6.7658000000000005,1387
6.801550000000001,6.82305,6.8354,6.742,1337
6.8233,6.8001,6.8233,6.7555,1358
6.800000000000001,6.798,6.85525,6.777150000000001,1323
6.7983,6.7622,6.8129,6.7412,1330
6.75955,6.7237,6.81175,6.64745,1384
6.7237,6.7924,6.79665,6.6996,1341
6.7942,6.7964,6.81955,6.7462,1382
6.79565,6.83525,6.9313,6.7933,1533
6.838,6.7802,6.83875,6.7641,1316
6.7774,6.8004999999999995,6.8392,6.76995,1317
6.80175,6.75115,6.8433,6.741099999999999,1338
6.75005,6.82005,6.8378,6.7423,1278
6.8187999999999995,6.83545,6.8889,6.7978000000000005,1342
6.8342,6.7382,6.8674,6.71305,1387
6.7398,6.724349999999999,6.7814499999999995,6.698,1369
6.7267,6.6984,6.7535,6.638,1341
6.700049999999999,6.6486,6.750249999999999,6.64465,1116
6.6485,6.7042,6.73465,6.56985,1209
6.7033000000000005,6.69275,6.7372499999999995,6.65005,1292
6.69325,6.56185,6.7,6.5156,1339
6.562200000000001,6.4972,6.5735,6.4433,1412
6.495900000000001,6.5291,6.58805,6.47065,1369
6.52895,6.53565,6.5738,6.511699999999999,1343
6.535550000000001,6.50195,6.5796,6.46815,1304
6.500500000000001,6.49315,6.5569500000000005,6.4693000000000005,1365
6.4911,6.5181000000000004,6.53315,6.4457,1321
6.51945,6.5467,6.561249999999999,6.511749999999999,1249
6.54665,6.52295,6.57385,6.51905,1270
6.52305,6.30325,6.5278,6.2777,1405
6.3002,6.276199999999999,6.33575,6.2287,1390
6.2761499999999995,6.24095,6.2964,6.2132000000000005,1371
6.26205,6.2896,6.3007,6.2607,1173
6.2895,6.300800000000001,6.32835,6.28365,1097
6.3008500000000005,6.21705,6.3207,6.215450000000001,1244
6.2178,6.27075,6.2993500000000004,6.21725,1110
6.2704,6.2181999999999995,6.299250000000001,6.1818,1207
6.2202,6.19675,6.245050000000001,6.1791,1235
6.19675,6.25675,6.26465,6.134600000000001,1359
6.2578499999999995,6.25705,6.28975,6.207750000000001,1324
6.25735,6.300599999999999,6.30405,6.24365,1398
6.3004,6.33605,6.3677,6.28205,1376
6.33765,6.4262,6.4262,6.32535,1405
6.4254999999999995,6.48385,6.5351,6.4254999999999995,1448
6.48395,6.44165,6.48395,6.39395,1244
6.44145,6.4211,6.475849999999999,6.4136500000000005,1503
6.42135,6.3984000000000005,6.433999999999999,6.3957,1418
6.398350000000001,6.49255,6.5537,6.3835999999999995,1607
6.492850000000001,6.58315,6.5875,6.488849999999999,1595
6.5823,6.506349999999999,6.5823,6.49205,1337
6.5072,6.514,6.5363500000000005,6.4922,1133
6.5139499999999995,6.54615,6.5846,6.4893,1315
6.5485,6.5440000000000005,6.564299999999999,6.4742999999999995,1346
6.54485,6.4849,6.5494,6.4456,1218
6.484249999999999,6.5709,6.58455,6.48315,1338
6.57,6.34905,6.5746,6.33275,1465
6.3497,6.39795,6.40535,6.300599999999999,1488
6.3971,6.32765,6.4014500000000005,6.2846,1311
6.3275500000000005,6.3308,6.356199999999999,6.3077000000000005,1187
6.33065,6.24525,6.33905,6.23945,1367
6.2494,6.2639,6.28575,6.2075,1373
6.2639499999999995,6.228,6.2639499999999995,6.17975,1495
6.2225,6.272,6.3222000000000005,6.17055,1366
6.2722,6.269,6.3081499999999995,6.26005,1240
6.26895,6.3094,6.34375,6.24935,1242
6.3094,6.36345,6.3843499999999995,6.3081,1187
6.36505,6.299300000000001,6.38495,6.2927,1235
6.2991,6.3056,6.330299999999999,6.2368500000000004,1225
6.30865,6.35215,6.4416,6.303100000000001,1440
6.351050000000001,6.33205,6.3828,6.299849999999999,1434
6.3324,6.42605,6.471,6.29895,1328
6.42625,6.381550000000001,6.4412,6.35655,1379
6.38065,6.4094,6.434,6.34605,1374
6.40955,6.36445,6.42515,6.31605,1371
6.36745,6.465999999999999,6.5037,6.33555,1397
6.4658999999999995,6.39635,6.4765,6.35405,1272
6.39645,6.4833,6.48415,6.3762,1372
6.4830000000000005,6.666650000000001,6.6958,6.4811499999999995,1399
6.666550000000001,6.85435,6.8759999999999994,6.6638,1465
6.8507,6.78565,6.896050000000001,6.71005,1443
6.7906,6.70975,6.802849999999999,6.70945,1048
6.7051,6.69895,6.7562999999999995,6.66995,1159
6.699999999999999,6.741149999999999,6.79785,6.679600000000001,1434
6.741099999999999,6.6964500000000005,6.793900000000001,6.6788,1317
6.6983,6.71485,6.7635000000000005,6.678699999999999,1269
6.71305,6.6436,6.7312,6.633900000000001,1233
6.64365,6.8272,6.8539,6.64365,1390
6.8268,6.7726500000000005,6.94265,6.76585,1345
6.77275,6.7719000000000005,6.8149,6.7257,1318
6.77045,6.735049999999999,6.79265,6.6953,1355
6.73515,6.70305,6.7432,6.6617,1207
6.7017,6.6828,6.7307,6.63605,1192
6.68285,6.6035,6.68585,6.5737000000000005,1131
6.6045,6.51935,6.61315,6.509650000000001,1159
6.5181000000000004,6.5258,6.55095,6.474600000000001,1130
6.52755,6.56355,6.572,6.5229,1056
6.563549999999999,6.65445,6.6871,6.55525,1381
6.65805,6.6055,6.69855,6.5988,1356
6.6061499999999995,6.6678,6.6701,6.5695,1326
6.66775,6.620150000000001,6.6678999999999995,6.6059,1184
6.6202000000000005,6.6675,6.68275,6.6195,1122
6.6671,6.6582,6.7151,6.6387,1234
6.6583000000000006,6.6145,6.67155,6.602449999999999,1189
6.612299999999999,6.63045,6.63755,6.5679,1223
6.6301000000000005,6.64245,6.6622,6.60225,1084
6.6418,6.586650000000001,6.6609,6.562749999999999,1402
6.5863,6.572,6.6029,6.5493500000000004,1227
6.5719,6.54335,6.5818,6.4965,1257
6.54375,6.6341,6.67825,6.54045,1290
6.6338,6.59285,6.65395,6.58625,1336
6.5928,6.59255,6.6188,6.5573,1207
6.5924,6.488099999999999,6.5953,6.4779,1436
6.48555,6.4994,6.5179,6.4739,1363
6.4994,6.48,6.50345,6.4478,1233
6.480700000000001,6.53475,6.56345,6.45105,1486
6.53365,6.5198,6.54715,6.49585,1419
6.52145,6.5494,6.5581,6.48975,1628
6.54945,6.57625,6.58385,6.52025,1519
6.57595,6.48315,6.5840499999999995,6.4754,1766
6.48255,6.5009999999999994,6.522500000000001,6.482200000000001,1434
6.5009,6.5301,6.55505,6.49545,1592
6.52945,6.51745,6.53,6.4677500000000006,1613
6.5181000000000004,6.50095,6.5219000000000005,6.4826999999999995,1577
6.5009999999999994,6.4765999999999995,6.5039,6.4352,1756
6.47725,6.51535,6.52195,6.4574,1443
6.515599999999999,6.49785,6.544449999999999,6.48715,1436
6.5772,6.5901499999999995,6.61775,6.5482,1004
6.59025,6.6111,6.63795,6.58975,1085
6.61055,6.59945,6.64735,6.58225,1373
6.59845,6.45235,6.6919,6.4431,1539
6.452450000000001,6.51025,6.51335,6.4346,1625
6.5135000000000005,6.45195,6.5259,6.438750000000001,1429
6.4518,6.33605,6.50615,6.3341,1364
6.33635,6.25365,6.35365,6.219200000000001,1437
6.2520500000000006,6.2052,6.2520500000000006,6.1965,1301
6.20745,6.2063500000000005,6.22865,6.1703,1338
6.2035,6.1782,6.2194,6.14815,1327
6.1788,6.18135,6.19805,6.15305,1305
6.18075,6.2333,6.2509,6.1503499999999995,1316
6.23255,6.2683,6.27165,6.2151,1222
6.26525,6.30555,6.31295,6.2379,1192
6.303599999999999,6.31435,6.327500000000001,6.2786,1178
6.3143,6.33455,6.4214,6.2856000000000005,1209
6.3355,6.35745,6.36525,6.3336500000000004,1169
6.3586,6.309749999999999,6.36295,6.30115,1135
6.308949999999999,6.2532,6.322649999999999,6.2058,1240
6.253349999999999,6.2923,6.33295,6.2368500000000004,1210
6.29025,6.2971,6.3281,6.2752,1108
6.297000000000001,6.26735,6.3049,6.24465,1196
6.2671,6.37275,6.37505,6.2618,1350
6.3728,6.34445,6.39645,6.3419,1200
6.3471,6.35405,6.38075,6.33965,1115
6.3558,6.4582,6.47395,6.353,1209
6.458349999999999,6.5907,6.6044,6.4517,1411
6.5911,6.57385,6.6626,6.52275,1442
6.5739,6.52585,6.59035,6.5245,1304
6.52825,6.5131499999999996,6.6312,6.49175,1432
6.5136,6.53255,6.546250000000001,6.461650000000001,1338
6.5326,6.4807500000000005,6.5344,6.4415,1397
6.4834499999999995,6.48745,6.5601,6.4742,1232
6.4817,6.388450000000001,6.4973,6.344950000000001,1223
6.3906,6.4155,6.4498999999999995,6.37775,1272
6.4144000000000005,6.340199999999999,6.43825,6.28965,1337
6.33805,6.3573,6.3759,6.33465,1288
6.3563,6.328799999999999,6.40435,6.30735,1356
6.3283000000000005,6.3479,6.360049999999999,6.27685,1315
6.3489,6.352399999999999,6.38105,6.33335,1232
6.35255,6.297,6.3602,6.28925,1324
6.29735,6.2523,6.3104,6.24045,1319
6.25245,6.23025,6.2918,6.217700000000001,1223
6.23175,6.08855,6.2367,6.08855,1374
6.087350000000001,6.147550000000001,6.15225,6.0418,1476
6.1476500000000005,6.26735,6.3384,6.12955,1446
6.2674,6.284000000000001,6.36465,6.2471,1363
6.2726,6.271850000000001,6.30045,6.259,983
6.271750000000001,6.22755,6.283799999999999,6.21665,1091
6.227650000000001,6.1297,6.22805,6.129250000000001,1430
6.129099999999999,6.17185,6.22075,6.11555,1362
6.17105,6.15085,6.2033000000000005,6.13565,1342
6.14915,6.006600000000001,6.14915,5.9866,1424
6.00915,5.9910499999999995,6.0661000000000005,5.9489,1449
5.9918,5.90335,6.053599999999999,5.85325,1468
5.90075,5.9289000000000005,5.9642,5.893050000000001,1267
5.92805,5.8315,5.9285499999999995,5.8315,1314
5.8321000000000005,5.86155,5.90965,5.8295,1120
5.86275,5.86955,5.89405,5.85065,1254
5.8694500000000005,5.9031,5.9203,5.80385,1250
5.9045000000000005,5.94345,5.9504,5.89225,1232
5.943250000000001,5.9632000000000005,5.9884,5.93135,1147
5.9633,5.9468,5.97565,5.93025,1148
5.946,5.912850000000001,5.9491,5.90925,1165
5.91295,5.950950000000001,5.9689499999999995,5.890499999999999,1209
5.94745,5.88605,5.955550000000001,5.867649999999999,1211
5.885949999999999,5.8058,5.89165,5.7851,1286
5.8007,5.853,5.86005,5.7961,1226
5.8528,5.8104499999999994,5.855700000000001,5.80505,1149
5.809749999999999,5.8145500000000006,5.83775,5.7889,1164
5.8147,5.8141,5.84935,5.81025,1135
5.81385,5.83015,5.8464,5.8104499999999994,1091
5.8306000000000004,5.86775,5.8842,5.82945,1059
5.8678,5.8165,5.8805,5.80145,1172
5.816549999999999,5.79535,5.8327,5.77825,1167
5.79515,5.8012999999999995,5.81325,5.761,1182
5.800599999999999,5.807,5.8328,5.7334,1265
5.8065,5.79455,5.868,5.76675,1377
5.79535,5.7475000000000005,5.80245,5.71155,1406
5.74725,5.7176,5.7562999999999995,5.6721,1430
5.71685,5.70655,5.75095,5.6957,1165
5.6989,5.68555,5.737,5.6579999999999995,1309
5.68635,5.71385,5.71385,5.6509,1329
5.71275,5.6264,5.71275,5.60905,1325
5.62185,5.614800000000001,5.641,5.59085,1402
5.61475,5.6211,5.6332,5.59435,1228
5.620749999999999,5.676500000000001,5.6858,5.620749999999999,1225
5.677849999999999,5.6876999999999995,5.7308,5.64625,1408
5.68785,5.61445,5.6968499999999995,5.61395,1316
5.6136,5.6389,5.659750000000001,5.611549999999999,1261
5.6383,5.5139499999999995,5.6383,5.511749999999999,1363
5.514,5.4561,5.5502,5.4534,1338
5.4553,5.4933,5.51815,5.435,1303
5.4937000000000005,5.518599999999999,5.5636,5.44735,1430
5.5189,5.542949999999999,5.5496,5.4863,1238
5.5600000000000005,5.5588,5.6294,5.5586,1089
5.5581,5.54165,5.5597,5.4973,1180
5.54225,5.6301000000000005,5.654999999999999,5.5360499999999995,1429
5.62745,5.6524,5.66045,5.6155,1360
5.65095,5.634399999999999,5.68725,5.6221,1281
5.63455,5.76085,5.773949999999999,5.6129,1380
5.7615,5.78395,5.8477,5.73085,1388
5.7838,5.73405,5.7838,5.70005,1245
5.7332,5.7438,5.7687,5.716150000000001,1307
5.74585,5.6899,5.7484,5.68165,1164
5.6921,5.6889,5.70945,5.67005,1049
5.68845,5.7209,5.73095,5.672599999999999,1077
5.72085,5.6953499999999995,5.73775,5.6897,1108
5.6965,5.66155,5.7002500000000005,5.651199999999999,1255
5.661099999999999,5.72515,5.7332,5.6403,1159
5.7253,5.70915,5.73615,5.69665,1398
5.7089,5.7842,5.81775,5.6945,1293
5.78395,5.8483,5.87615,5.78125,1561
5.848,5.78615,5.85905,5.7756,1474
5.7857,5.82235,5.8256499999999996,5.76365,1434
5.821,5.86445,5.9017,5.818849999999999,1359
5.8644,5.8492,5.8721,5.82925,1219
5.84925,5.84105,5.899,5.835850000000001,1334
5.83935,5.8137,5.8497,5.7970500000000005,905
5.8139,5.7883,5.8139,5.7730999999999995,1197
5.78845,5.748900000000001,5.79215,5.7326,1188
5.74755,5.777150000000001,5.7799499999999995,5.7325,1199
5.7778,5.73465,5.7878,5.7195,1181
5.73445,5.7415,5.74735,5.7162500000000005,1136
5.74125,5.71875,5.78775,5.69045,1103
5.7189,5.7494499999999995,5.777,5.6991,1333
5.74955,5.804399999999999,5.8443000000000005,5.7443,1293
5.80595,5.76455,5.81825,5.7616,1305
5.76985,5.86405,5.898,5.7603,1412
5.86795,5.85805,5.88555,5.83845,1329
5.8586,5.8732500000000005,5.89495,5.8332,1278
5.8735,5.85155,5.88785,5.84215,1268
5.8515999999999995,5.861800000000001,5.87185,5.8361,1205
5.8614999999999995,5.933199999999999,5.947649999999999,5.83165,1311
5.9336,5.80295,5.9542,5.78255,1398
5.80645,5.88805,5.88805,5.77905,1413
5.88855,5.8614999999999995,5.90325,5.8543,1398
5.86055,6.28185,6.373049999999999,5.86055,1363
6.281750000000001,6.37615,6.471299999999999,6.238300000000001,1133
6.391,6.44495,6.482049999999999,6.367699999999999,1351
6.4481,6.469200000000001,6.49985,6.4137,1455
6.4704,6.6307,6.63525,6.4697499999999994,1423
6.63355,6.5709,6.641249999999999,6.57085,1409
6.5487,6.54435,6.5764,6.53695,1033
6.5438,6.54545,6.58495,6.4977,1216
6.54555,6.657299999999999,6.66615,6.54555,1411
6.6537500000000005,6.77635,6.810499999999999,6.612349999999999,1406
6.776,6.79,6.91675,6.7637,1411
6.78975,6.8277,6.85335,6.7831,1321
6.82735,6.77295,6.9354499999999994,6.76235,1423
6.771800000000001,6.7555,6.790100000000001,6.7409,1347
6.7559000000000005,6.6781500000000005,6.75905,6.6678999999999995,1314
6.678100000000001,6.68875,6.71235,6.64945,1203
6.68905,6.6678999999999995,6.6992,6.6616,895
6.6676,6.8317,6.896,6.667400000000001,1359
6.8335,6.75105,6.8335,6.7465,1178
6.7504,6.69995,6.773,6.6782,1245
6.6982,6.6739,6.731,6.63835,1260
6.6739,6.6026,6.6802,6.5998,1249
6.603899999999999,6.62085,6.62735,6.5857,1308
6.62075,6.67985,6.69805,6.61755,1398
6.68025,6.6597,6.69215,6.6318,1280
6.6603,6.674899999999999,6.69085,6.6267499999999995,1183
6.674300000000001,6.6994,6.7255,6.6267,1354
6.7031,6.6175,6.72955,6.6046499999999995,1387
6.6173,6.611800000000001,6.635400000000001,6.58975,1359
6.60815,6.60445,6.634650000000001,6.5788,1338
6.604850000000001,6.539,6.63415,6.51645,1351
6.5385,6.5049,6.55415,6.46915,1287
6.5055,6.529450000000001,6.5616,6.49965,1184
6.5295000000000005,6.521,6.5744,6.5145,1311
6.5228,6.552,6.5556,6.5176,1258
6.55235,6.5823,6.5950500000000005,6.51145,1345
6.582050000000001,6.5311,6.582050000000001,6.4459,1353
6.53425,6.534800000000001,6.619,6.3364,1556
6.5344,6.64545,6.67085,6.4979499999999994,1459
6.648949999999999,6.5404,6.7464,6.4983,1104
6.542,6.5197,6.5581499999999995,6.4771,1216
6.51845,6.629899999999999,6.6368,6.49645,1298
6.62745,6.79375,6.80035,6.59235,1388
6.7926,6.86395,6.9732,6.6947,1468
6.863899999999999,7.01185,7.0169999999999995,6.8466000000000005,1493
7.026999999999999,6.89575,7.0753,6.8878,1443
6.8977,7.0747,7.1215,6.866,1455
7.0757,7.1913,7.207649999999999,7.0677,1458
7.19045,6.974349999999999,7.19045,6.962400000000001,1420
6.9726,6.9871,7.0192,6.9424,1296
6.98315,7.029,7.04045,6.9748,1319
7.0282,6.9491499999999995,7.02895,6.8957999999999995,1286
6.949450000000001,7.0785,7.0785,6.9493,1291
7.0704,7.0956,7.2125,6.9784500000000005,1502
7.0961,7.00385,7.124700000000001,6.9861,1135
7.00395,6.9923,7.01225,6.92595,1240
6.99,6.9897,7.01665,6.893700000000001,1311
6.99345,7.0467,7.0479,6.9211,1208
7.0459,6.9113500000000005,7.0498,6.89625,1288
6.9121500000000005,6.926399999999999,6.9533,6.89395,1210
6.924899999999999,6.8182,6.9898,6.77445,1379
6.8172,6.986599999999999,7.0181000000000004,6.8055,1446
6.98665,6.893700000000001,6.9993,6.892849999999999,1314
6.89565,6.9408,6.95915,6.84545,1285
6.9366,6.947699999999999,6.995950000000001,6.8733,1252
6.94715,6.9397,6.962,6.9039,1150
6.9396,6.9802,6.989850000000001,6.90865,1193
6.9855,7.08675,7.1151,6.974,1293
7.0806000000000004,7.11135,7.159,7.0493,1302
7.1108,7.0754,7.1332,7.040900000000001,1350
7.07105,7.036,7.074,6.9944500000000005,1288
7.0362,7.0600000000000005,7.1469000000000005,7.02195,1380
7.0598,7.0729,7.0914,7.010199999999999,1316
7.07075,6.964700000000001,7.16655,6.92695,1428
6.9632000000000005,6.9251000000000005,6.98015,6.89515,1406
6.92515,6.9369499999999995,6.98395,6.9096,1286
6.9371,6.9193999999999996,6.95345,6.8184000000000005,1337
6.919549999999999,6.90925,6.9433,6.883,1274
6.9087,6.926,6.9338,6.857900000000001,1314
6.9265,7.015499999999999,7.0381,6.9125499999999995,1242
7.013450000000001,6.9466,7.02585,6.9323,1301
6.9460999999999995,6.9252,6.988099999999999,6.9153,1159
6.9251000000000005,6.754250000000001,6.94585,6.72515,1367
6.75405,6.69795,6.7669,6.67295,1424
6.699350000000001,6.6604,6.7238,6.628550000000001,1376
6.6587499999999995,6.6493,6.69285,6.57715,1422
6.648350000000001,6.7268,6.751849999999999,6.6392,1352
6.7279,6.79505,6.8194,6.655200000000001,1182
6.78595,6.919700000000001,6.953,6.78595,1236
6.9205000000000005,6.85695,6.9437,6.85485,1297
6.8556,6.78925,6.9060500000000005,6.78625,1313
6.789899999999999,6.8196,6.866099999999999,6.78925,1247
6.8209,6.60655,6.82305,6.606,1408
6.6078,6.6752,6.7023,6.60225,1311
6.6757,6.5398,6.67685,6.52205,1377
6.53975,6.66905,6.6936,6.5378,1288
6.6671,6.72575,6.814,6.6477,1401
6.7245,6.70125,6.7664,6.6959,1402
6.706099999999999,6.6726,6.73665,6.6548,1317
6.672650000000001,6.6991499999999995,6.731949999999999,6.627800000000001,1351
6.700900000000001,6.68565,6.772399999999999,6.66175,1366
6.6882,6.737349999999999,6.7730999999999995,6.687250000000001,1352
6.7475000000000005,6.705299999999999,6.7587,6.68945,957
6.70515,6.6776,6.70515,6.604,1184
6.67745,6.7764,6.7857,6.6601,1173
6.77625,6.765750000000001,6.8264,6.7413,1266
6.7659,6.8332,6.8641,6.74395,1277
6.8332,6.7858,6.8457,6.77055,351
