0.8854,0.8854249999999999,0.8857,0.884725,2137
0.8854,0.8859,0.8859,0.885175,1358
0.8859250000000001,0.8855999999999999,0.8861749999999999,0.88535,1502
0.885575,0.88545,0.8859,0.88535,1231
0.8854249999999999,0.885475,0.8855,0.8846,991
0.8855,0.8854249999999999,0.8858,0.8853249999999999,898
0.8854,0.885025,0.885475,0.8848,786
0.885,0.88495,0.885175,0.8848,930
0.884925,0.88435,0.884925,0.8839,1226
0.8843749999999999,0.88475,0.8849750000000001,0.884225,1574
0.8847750000000001,0.88485,0.885275,0.884525,1321
0.8848750000000001,0.8844,0.88515,0.88425,2100
0.884425,0.884125,0.8847,0.8838250000000001,1872
0.8841,0.8845000000000001,0.8846,0.8837250000000001,1746
0.884475,0.8844,0.8848,0.88415,1434
0.8843749999999999,0.883675,0.884575,0.883625,1414
0.8837,0.8826,0.8837250000000001,0.8825000000000001,1509
0.882625,0.8827,0.8831249999999999,0.8822749999999999,1402
0.882725,0.8819,0.882825,0.881675,1353
0.8819250000000001,0.88165,0.883,0.881625,1225
0.881675,0.881,0.88215,0.88085,1308
0.881025,0.8803,0.88135,0.8803,1858
0.880325,0.87785,0.8808,0.87765,2803
0.877875,0.877,0.8782,0.8765000000000001,2104
0.877,0.8765000000000001,0.8773,0.875525,2645
0.87645,0.87605,0.87675,0.8755999999999999,2459
0.876025,0.8754500000000001,0.87645,0.875275,2598
0.8754,0.8758,0.8760749999999999,0.8750249999999999,2019
0.8758250000000001,0.87605,0.876575,0.87575,2323
0.8760749999999999,0.875,0.87615,0.8748750000000001,2188
0.8750249999999999,0.875675,0.8758250000000001,0.8749750000000001,1278
0.8757,0.875875,0.8760749999999999,0.875625,1246
0.87585,0.8762,0.87635,0.8758250000000001,1177
0.876225,0.8759250000000001,0.8764,0.875575,1267
0.87595,0.8757250000000001,0.8760749999999999,0.87535,1228
0.875775,0.876025,0.8760749999999999,0.87535,1322
0.87605,0.875625,0.87605,0.8752249999999999,1427
0.87565,0.8757,0.8759,0.875575,702
0.8757250000000001,0.8758250000000001,0.876225,0.87525,871
0.87565,0.8755,0.875975,0.8752500000000001,100
0.875525,0.875725,0.8759,0.8755,175
0.875675,0.87575,0.8760749999999999,0.87565,589
0.875775,0.875875,0.876025,0.875475,790
0.8759250000000001,0.8762749999999999,0.876325,0.875775,623
0.87625,0.876125,0.8763749999999999,0.8759250000000001,882
0.8761,0.87575,0.87645,0.8757250000000001,1333
0.8757250000000001,0.875775,0.8763,0.8751249999999999,1766
0.8758,0.875675,0.8758250000000001,0.87465,2305
0.8757,0.876925,0.877075,0.8755999999999999,2824
0.87695,0.8763749999999999,0.8773249999999999,0.8761749999999999,2190
0.8764000000000001,0.876125,0.876725,0.8759250000000001,1792
0.8761,0.875575,0.876225,0.8753249999999999,1593
0.87555,0.8762749999999999,0.876325,0.8751249999999999,1222
0.87625,0.87585,0.8763,0.875475,1108
0.875875,0.8758,0.876125,0.87555,1100
0.8758250000000001,0.875875,0.876125,0.8754500000000001,1579
0.8759,0.875675,0.876,0.8754,1547
0.8757,0.8766,0.8768,0.875575,2160
0.876625,0.876525,0.877175,0.8763749999999999,1806
0.8765499999999999,0.8758250000000001,0.8767,0.8754,2612
0.8758,0.8762,0.8763,0.8753,2051
0.876225,0.8761,0.8765000000000001,0.8758,1792
0.8760749999999999,0.87595,0.8772,0.8758,1556
0.8759250000000001,0.876,0.87625,0.875525,1910
0.876025,0.876625,0.87675,0.87585,1565
0.8766,0.8765499999999999,0.877375,0.87645,1716
0.876525,0.877175,0.877175,0.87595,1605
0.87715,0.877775,0.877975,0.87685,1883
0.8778,0.87805,0.878625,0.877775,1738
0.8780749999999999,0.8786750000000001,0.87915,0.87805,1843
0.8787,0.8793249999999999,0.879475,0.87865,1951
0.87935,0.8792249999999999,0.87975,0.878725,2169
0.87925,0.88,0.8805000000000001,0.879175,2678
0.8800250000000001,0.8792,0.8806,0.878525,2356
0.879175,0.88045,0.88065,0.8788,2810
0.8805499999999999,0.8805000000000001,0.8807,0.8799,2071
0.880525,0.8805000000000001,0.881,0.8803,1819
0.880475,0.88045,0.8809,0.88035,1817
0.880425,0.88005,0.8808750000000001,0.87995,1101
0.8800250000000001,0.8797,0.8800749999999999,0.8795,1229
0.87965,0.8797,0.87985,0.879425,1242
0.879675,0.8794,0.8797,0.87925,995
0.879425,0.8800749999999999,0.8801749999999999,0.879375,1044
0.88005,0.8800749999999999,0.8802,0.879675,1198
0.88005,0.87995,0.880475,0.879875,1383
0.879975,0.879675,0.880225,0.8793249999999999,809
0.87965,0.88005,0.8805000000000001,0.879525,770
0.879675,0.87975,0.880725,0.878225,533
0.879775,0.87985,0.880675,0.8795999999999999,581
0.8798250000000001,0.87975,0.8801,0.87965,658
0.8797250000000001,0.879575,0.87985,0.879525,505
0.8795999999999999,0.879525,0.879775,0.8793249999999999,828
0.8795,0.8792249999999999,0.87985,0.87915,927
0.8792,0.8791,0.87965,0.87885,1859
0.879075,0.87935,0.87965,0.8787750000000001,1388
0.8793249999999999,0.8797250000000001,0.880475,0.87925,2144
0.8797,0.88,0.88025,0.879275,2049
0.8800250000000001,0.8800250000000001,0.880925,0.879575,2535
0.88005,0.880525,0.880725,0.8800250000000001,1704
0.8805000000000001,0.88095,0.88125,0.880425,1362
0.880925,0.88085,0.8814,0.8804,1104
0.8808750000000001,0.8813,0.88145,0.8807,718
0.881275,0.8813249999999999,0.8814,0.88095,1021
0.88135,0.880575,0.88145,0.88045,1495
0.8805499999999999,0.8805000000000001,0.88095,0.88025,1548
0.880475,0.88045,0.88105,0.8797250000000001,2136
0.880425,0.88005,0.88085,0.8800250000000001,1888
0.88,0.881375,0.8818,0.8799,2754
0.88135,0.8818250000000001,0.8822,0.88095,2190
0.8818,0.882125,0.8823,0.8817,1878
0.88215,0.882425,0.88315,0.88195,1772
0.8824,0.882525,0.8827,0.8822,1236
0.8825000000000001,0.8823,0.88255,0.88215,1120
0.882325,0.882525,0.88295,0.8822749999999999,1054
0.8825000000000001,0.883075,0.88375,0.8823749999999999,1270
0.8831,0.8829,0.883275,0.8826499999999999,1019
0.88295,0.8825000000000001,0.8831,0.8824,1185
0.882475,0.8826,0.8834249999999999,0.8822,1854
0.8826,0.8787,0.882675,0.87805,8274
0.8787,0.879525,0.8805499999999999,0.877975,5595
0.8795999999999999,0.8789,0.8803,0.878825,3170
0.8751,0.875625,0.8762,0.873525,5890
0.8757250000000001,0.879775,0.881025,0.875425,4035
0.8798250000000001,0.8794,0.8806,0.879275,3320
0.879425,0.87905,0.8798,0.8787750000000001,2463
0.879075,0.878925,0.879375,0.878425,2677
0.8789,0.878575,0.8793249999999999,0.878325,1985
0.8785499999999999,0.8792,0.879375,0.8783749999999999,2036
0.8792,0.879175,0.879625,0.878825,1282
0.8792,0.8782749999999999,0.8792249999999999,0.877525,3821
0.8783,0.8777250000000001,0.8788,0.8774,1751
0.8777250000000001,0.877975,0.8780749999999999,0.877525,1251
0.87795,0.877075,0.877975,0.87675,1520
0.87705,0.876575,0.8772,0.87645,746
0.876575,0.876925,0.877625,0.8760749999999999,886
0.8767750000000001,0.8772249999999999,0.877725,0.876425,742
0.8772,0.87685,0.877375,0.8768,531
0.8768750000000001,0.87705,0.8773249999999999,0.876825,398
0.8770249999999999,0.8766,0.87725,0.876425,772
0.876575,0.8759250000000001,0.876575,0.875775,993
0.87595,0.87525,0.8761,0.875175,1427
0.8752249999999999,0.87635,0.876825,0.8752249999999999,1894
0.8763749999999999,0.87605,0.8765000000000001,0.875425,2030
0.8761,0.8762,0.87645,0.875375,2253
0.87625,0.87765,0.8783749999999999,0.876225,2977
0.877675,0.878325,0.8785499999999999,0.877625,1993
0.87835,0.8798,0.8798250000000001,0.8781749999999999,1900
0.8798250000000001,0.8801749999999999,0.8803,0.879575,1424
0.8802,0.879675,0.880325,0.879675,1306
0.8797,0.8798,0.8800250000000001,0.879425,970
0.8798250000000001,0.8788750000000001,0.8799,0.878525,1202
0.87885,0.8783,0.8793,0.8781749999999999,1464
0.878325,0.8781749999999999,0.87835,0.8769750000000001,1734
0.8781,0.87875,0.8791,0.8780749999999999,2382
0.878725,0.878825,0.879775,0.8786750000000001,2142
0.87885,0.881175,0.882425,0.878425,5064
0.88115,0.8813,0.88165,0.8804000000000001,2961
0.8813249999999999,0.88035,0.8815999999999999,0.8799,2908
0.8803749999999999,0.880125,0.8806,0.8795999999999999,2541
0.8801,0.881675,0.8818250000000001,0.8801,2469
0.8816999999999999,0.883025,0.8834500000000001,0.8815,2342
0.883,0.88345,0.883625,0.88215,2213
0.883475,0.881575,0.883475,0.8815500000000001,2266
0.8815999999999999,0.88165,0.88215,0.8813249999999999,2202
0.881625,0.88285,0.8835500000000001,0.881575,3044
0.882825,0.8835500000000001,0.8840250000000001,0.882625,2504
0.883675,0.883275,0.884725,0.883,4265
0.8832249999999999,0.8832,0.884,0.8828750000000001,3486
0.883175,0.8818,0.884125,0.88165,3819
0.8818250000000001,0.88205,0.8826,0.88135,3278
0.8820749999999999,0.88195,0.8824,0.88105,3662
0.882,0.88275,0.883625,0.8815500000000001,4000
0.8827750000000001,0.88325,0.8843,0.882575,3802
0.883275,0.882475,0.883475,0.8822,3050
0.8825000000000001,0.882475,0.882925,0.8820250000000001,3233
0.882525,0.8838,0.883875,0.882225,2730
0.88375,0.8841749999999999,0.8846499999999999,0.88315,2062
0.8842,0.8849,0.8854249999999999,0.8839250000000001,1942
0.8848750000000001,0.8855999999999999,0.88575,0.884675,1674
0.885625,0.8841749999999999,0.885675,0.88405,1733
0.8842,0.88405,0.884625,0.8839250000000001,1424
0.8840250000000001,0.88475,0.8847750000000001,0.884,571
0.8847750000000001,0.88535,0.885575,0.88445,342
0.8851249999999999,0.885275,0.8856999999999999,0.8849,185
0.8852249999999999,0.88525,0.885575,0.88435,501
0.885175,0.885725,0.8859250000000001,0.8849750000000001,807
0.88575,0.8849750000000001,0.88585,0.8849750000000001,296
0.885,0.885575,0.885675,0.884925,813
0.8855999999999999,0.885625,0.8860250000000001,0.885275,816
0.8858,0.8853,0.88625,0.8849750000000001,1888
0.885275,0.884675,0.885475,0.884575,1782
0.8847,0.885525,0.885575,0.88435,2235
0.8855500000000001,0.885625,0.885975,0.8852249999999999,2331
0.8855999999999999,0.885375,0.885875,0.88485,1948
0.8854,0.8850750000000001,0.8855,0.884675,1690
0.8851,0.8835,0.8851249999999999,0.88345,1610
0.883525,0.8837250000000001,0.883975,0.88345,974
0.8836999999999999,0.8840250000000001,0.8843749999999999,0.883475,826
0.884,0.883525,0.8843,0.8834249999999999,860
0.8835,0.883025,0.8835500000000001,0.882475,1165
0.88305,0.8829750000000001,0.883525,0.8828,1309
0.88295,0.882825,0.88315,0.882525,1912
0.8828,0.8828,0.88315,0.882225,1990
0.8827750000000001,0.8838,0.88385,0.882625,2793
0.883775,0.882525,0.8839,0.88245,1938
0.88255,0.882425,0.882675,0.8818250000000001,1824
0.88245,0.8832249999999999,0.883475,0.8824,1788
0.883275,0.88365,0.883775,0.8831249999999999,1662
0.883625,0.88295,0.8837250000000001,0.882575,1588
0.8829750000000001,0.88325,0.8835500000000001,0.882825,1430
0.883275,0.8835500000000001,0.8840749999999999,0.88325,1529
0.883575,0.8833,0.883625,0.883075,1114
0.8833249999999999,0.882625,0.8837,0.882625,1580
0.8826499999999999,0.8836999999999999,0.883875,0.882625,1673
0.883675,0.884625,0.8848750000000001,0.88205,5525
0.8846,0.8841,0.884825,0.8832249999999999,3309
0.8841749999999999,0.8829750000000001,0.8841749999999999,0.88275,3161
0.883025,0.8843,0.885175,0.88275,4028
0.88435,0.8847750000000001,0.886,0.883625,3424
0.884825,0.8854,0.8857,0.884225,2379
0.8854249999999999,0.885975,0.88605,0.885,1815
0.886,0.8851249999999999,0.886,0.88475,1363
0.88515,0.8848750000000001,0.885175,0.884325,1126
0.8849,0.8853249999999999,0.885775,0.884825,1010
0.88535,0.8852249999999999,0.885575,0.8850750000000001,1057
0.8852,0.8853249999999999,0.885575,0.8850750000000001,968
0.88535,0.884925,0.885675,0.8847750000000001,959
0.8849,0.885025,0.8851249999999999,0.8847750000000001,784
0.885,0.88475,0.885025,0.8842749999999999,923
0.8847,0.8848,0.88495,0.88425,371
0.8847750000000001,0.8841,0.8860250000000001,0.883325,538
0.8839,0.8845000000000001,0.884525,0.883725,126
0.884475,0.8843,0.884575,0.8841749999999999,577
0.8842749999999999,0.8840749999999999,0.88575,0.883975,1029
0.88415,0.885625,0.88595,0.8840250000000001,1448
0.885575,0.88585,0.8862,0.8849750000000001,1154
0.8858250000000001,0.8862749999999999,0.8865000000000001,0.885675,985
0.88625,0.886075,0.88645,0.8857250000000001,1264
0.8861,0.8858250000000001,0.88625,0.88525,1388
0.8858,0.88595,0.88645,0.8853249999999999,2016
0.885975,0.8858250000000001,0.8863749999999999,0.885525,1672
0.88585,0.88515,0.8860250000000001,0.8851249999999999,1146
0.8851249999999999,0.8851249999999999,0.8854,0.885025,1129
0.8851,0.885175,0.8854,0.8848750000000001,1438
0.8852,0.8847750000000001,0.8852249999999999,0.8846,1013
0.88475,0.8844,0.884925,0.8842,1045
0.8843749999999999,0.8846,0.8846499999999999,0.884,782
0.884575,0.8846,0.8847,0.88415,872
0.884575,0.883975,0.8846499999999999,0.88385,1185
0.88395,0.883475,0.88415,0.883075,1587
0.88345,0.8845000000000001,0.884575,0.8833249999999999,1507
0.884525,0.8864,0.886625,0.8843749999999999,2841
0.8863749999999999,0.886525,0.887175,0.886125,2010
0.88655,0.8870750000000001,0.8876,0.886225,1751
0.8871249999999999,0.887175,0.887575,0.886675,1683
0.8872249999999999,0.887,0.8873249999999999,0.8868,1425
0.8869750000000001,0.88675,0.8872,0.886575,1138
0.8867750000000001,0.88695,0.88725,0.88635,1158
0.8869750000000001,0.88645,0.8870750000000001,0.8863749999999999,1130
0.886425,0.88725,0.8873,0.8862,1294
0.887275,0.886725,0.8874249999999999,0.886325,1501
0.8867,0.88525,0.886825,0.8849750000000001,2003
0.8852249999999999,0.8850750000000001,0.885475,0.884675,1901
0.8851249999999999,0.884825,0.8851249999999999,0.883775,2222
0.88485,0.885175,0.88595,0.884725,2405
0.88515,0.88525,0.886,0.885025,2444
0.8852249999999999,0.8834,0.88535,0.8834,2785
0.8834249999999999,0.8833249999999999,0.88365,0.8826,1927
0.8833249999999999,0.88345,0.884,0.8832,1286
0.883475,0.883575,0.884125,0.88295,1157
0.8835999999999999,0.884625,0.884725,0.8835,1170
0.8846,0.8847750000000001,0.8851249999999999,0.88425,1275
0.8848,0.8840749999999999,0.8848,0.883675,1554
0.8840250000000001,0.883625,0.88415,0.883575,1503
0.8835999999999999,0.883675,0.8840749999999999,0.8834,1311
0.88365,0.883775,0.8839250000000001,0.883525,1234
0.883775,0.8840250000000001,0.8840749999999999,0.883575,1663
0.8841,0.88395,0.8843,0.8838250000000001,323
0.883975,0.88445,0.8849,0.88365,351
0.8840250000000001,0.8839999999999999,0.8848499999999999,0.8833,229
0.884025,0.88455,0.884725,0.88375,222
0.884525,0.883975,0.8849750000000001,0.883725,799
0.88395,0.884425,0.8845000000000001,0.883575,380
0.88445,0.883875,0.884475,0.883625,595
0.8839,0.8839250000000001,0.8841749999999999,0.88375,604
0.88395,0.883775,0.884125,0.883475,1049
0.8838,0.8838,0.8843749999999999,0.8837,1003
0.8838250000000001,0.88405,0.88415,0.8834249999999999,1234
0.8840250000000001,0.884725,0.8848750000000001,0.883575,1807
0.88475,0.8857,0.8857250000000001,0.884575,1167
0.885675,0.885625,0.885975,0.88535,966
0.8855999999999999,0.8862749999999999,0.8863,0.88545,1030
0.8863,0.88715,0.887575,0.88615,945
0.8871249999999999,0.88725,0.887375,0.8868,848
0.887275,0.8872,0.88795,0.8870750000000001,1011
0.887175,0.88735,0.88745,0.886825,970
0.8873249999999999,0.8874249999999999,0.8881,0.8871,1361
0.8874,0.887725,0.8879250000000001,0.887175,1794
0.88775,0.8875500000000001,0.88795,0.88725,1311
0.887525,0.8890750000000001,0.8891249999999999,0.88745,2112
0.8891,0.890925,0.890925,0.8889750000000001,2483
0.89095,0.89225,0.89325,0.89055,2622
0.8922749999999999,0.892925,0.892925,0.89205,1745
0.8929,0.8921749999999999,0.892925,0.8919250000000001,1697
0.89215,0.89275,0.8929750000000001,0.892075,1624
0.892725,0.8930750000000001,0.893175,0.89255,1601
0.8931,0.893025,0.893375,0.89245,1692
0.893,0.8929750000000001,0.8934,0.8927,1489
0.89295,0.8925,0.8932249999999999,0.892425,1102
0.8924749999999999,0.89205,0.892675,0.891775,1539
0.8920250000000001,0.8923749999999999,0.8928,0.891725,1882
0.8924,0.8923749999999999,0.89305,0.8921250000000001,1917
0.892325,0.891675,0.89255,0.891375,2096
0.89165,0.891125,0.892225,0.89075,2777
0.8910750000000001,0.8901749999999999,0.8913,0.88995,2719
0.8901749999999999,0.8896999999999999,0.89035,0.8892249999999999,1830
0.889725,0.88965,0.890225,0.88915,1420
0.889625,0.89005,0.8901,0.88925,1292
0.8900250000000001,0.8898,0.8902,0.8895,1241
0.889775,0.88965,0.8898250000000001,0.8895,917
0.889675,0.889525,0.890225,0.88935,730
0.889525,0.8891,0.88965,0.8890750000000001,1044
0.8890750000000001,0.88815,0.8891,0.888125,1038
0.888125,0.88855,0.888675,0.8881,1236
0.888525,0.887975,0.888725,0.887875,1021
0.8880250000000001,0.888,0.8882749999999999,0.8878,488
0.887975,0.887775,0.888325,0.887525,355
0.887925,0.88795,0.888375,0.887475,90
0.8879,0.888075,0.8881,0.887875,137
0.8881,0.888325,0.8886499999999999,0.88785,431
0.88835,0.888225,0.8885000000000001,0.88805,361
0.8882,0.8884,0.88905,0.8881,1687
0.888425,0.88775,0.888425,0.887625,895
0.887775,0.8885000000000001,0.888825,0.8874249999999999,1686
0.888525,0.88845,0.888575,0.8876999999999999,1130
0.888425,0.88765,0.888725,0.8875500000000001,1138
0.887625,0.887625,0.8880250000000001,0.887375,1134
0.887575,0.88775,0.8880250000000001,0.887475,841
0.887725,0.88895,0.88905,0.887675,1562
0.8889750000000001,0.889675,0.889725,0.8888,1130
0.88965,0.8895,0.88965,0.8891,802
0.889475,0.8901,0.8906000000000001,0.889375,1014
0.890075,0.8904,0.890525,0.88995,830
0.8903749999999999,0.8904,0.890525,0.89,1052
0.8903749999999999,0.889525,0.8903749999999999,0.88915,1139
0.8895,0.888575,0.8896999999999999,0.8883749999999999,1655
0.88855,0.889775,0.8898,0.888125,1668
0.88975,0.8899250000000001,0.89025,0.889175,2188
0.88995,0.8895,0.8903,0.8890750000000001,2232
0.889475,0.8888750000000001,0.88985,0.888825,2239
0.88885,0.8887,0.8890750000000001,0.8884,1475
0.888675,0.8894249999999999,0.8902,0.8886000000000001,1315
0.8894,0.8902,0.89045,0.88935,1300
0.890225,0.890525,0.89095,0.8898,1290
0.8905,0.889275,0.8906000000000001,0.889025,2439
0.8893,0.889475,0.889875,0.889025,1521
0.88945,0.88875,0.8896,0.888325,1682
0.888725,0.888475,0.8893,0.8881749999999999,2256
0.8885000000000001,0.8896,0.890075,0.88845,2975
0.8895500000000001,0.890525,0.89075,0.889525,2375
0.8905,0.888475,0.89075,0.88825,2376
0.88845,0.8884749999999999,0.88875,0.887575,2639
0.88845,0.88855,0.8894249999999999,0.8881749999999999,2525
0.888625,0.88795,0.8886499999999999,0.88775,1800
0.887975,0.887975,0.8883749999999999,0.8876,1412
0.88795,0.8878250000000001,0.88845,0.8878250000000001,1053
0.8878,0.886475,0.888,0.88645,1465
0.886475,0.88655,0.8869750000000001,0.8863,2235
0.88655,0.8871,0.8873,0.8865000000000001,1663
0.8870750000000001,0.887025,0.88735,0.88685,1538
0.88705,0.8868,0.8871249999999999,0.8866499999999999,1237
0.886825,0.8868750000000001,0.88725,0.88675,958
0.8869,0.88675,0.8870750000000001,0.886675,846
0.88675,0.887025,0.8870750000000001,0.8867,365
0.887,0.887375,0.887825,0.886825,443
0.8874,0.887425,0.887775,0.8866,135
0.887425,0.887575,0.8883000000000001,0.887375,186
0.8876,0.887525,0.88815,0.8871,659
0.8875500000000001,0.88805,0.8882,0.887175,611
0.888075,0.88715,0.8881,0.8868750000000001,892
0.8871249999999999,0.8872,0.887525,0.8869750000000001,510
0.8872249999999999,0.88725,0.887575,0.8867750000000001,1199
0.887275,0.88735,0.8878250000000001,0.8868,1476
0.887375,0.8868,0.887625,0.8866,1637
0.8867750000000001,0.8876,0.887725,0.886425,2078
0.8875500000000001,0.8870750000000001,0.8878,0.88695,1358
0.8871,0.88775,0.88795,0.887,1124
0.887725,0.8876999999999999,0.888,0.8873,1720
0.887725,0.88725,0.8878,0.8871249999999999,882
0.887275,0.8881,0.88825,0.88725,758
0.888125,0.88935,0.8895,0.88805,1444
0.889375,0.88895,0.88965,0.8886499999999999,1036
0.889,0.888925,0.88925,0.88855,957
0.88895,0.88775,0.8890750000000001,0.887675,1760
0.887725,0.88825,0.8884,0.887275,1358
0.8882749999999999,0.8863,0.8883749999999999,0.886225,2490
0.88635,0.88685,0.88705,0.885975,2222
0.8869,0.8867750000000001,0.88725,0.88635,2319
0.8868,0.88645,0.887,0.88635,1935
0.886475,0.8866,0.88675,0.8861749999999999,1618
0.886575,0.8873249999999999,0.88745,0.88655,1526
0.88735,0.8876999999999999,0.8880250000000001,0.88715,1396
0.8877250000000001,0.8878250000000001,0.888,0.88745,1372
0.88785,0.88805,0.88815,0.8876,1391
0.888075,0.88785,0.8884,0.8875500000000001,1495
0.887875,0.888225,0.88855,0.88725,4742
0.88825,0.8903,0.8906000000000001,0.8880250000000001,4184
0.89025,0.88815,0.8905,0.8878250000000001,5041
0.888125,0.890125,0.89075,0.8880250000000001,3533
0.89015,0.889975,0.891375,0.8899250000000001,3606
0.8899250000000001,0.889,0.8900250000000001,0.887675,2980
0.8889750000000001,0.8887,0.88985,0.8884,2948
0.888675,0.8887750000000001,0.88925,0.8884749999999999,2214
0.88875,0.8887,0.88885,0.8881,1558
0.8886499999999999,0.8883,0.8888,0.8879,1066
0.8882749999999999,0.8886499999999999,0.8886499999999999,0.88795,1347
0.888625,0.8888,0.8889,0.88805,1351
0.8888,0.8896999999999999,0.89,0.8888,1116
0.889675,0.89,0.890075,0.8896,1149
0.89005,0.8904,0.8906000000000001,0.8898250000000001,1089
0.89035,0.8908750000000001,0.890925,0.8902,993
0.89085,0.891675,0.891675,0.890575,692
0.89165,0.8921250000000001,0.892725,0.8909750000000001,759
0.8921749999999999,0.8925000000000001,0.892825,0.89175,164
0.892475,0.892225,0.892875,0.89215,322
0.89215,0.89205,0.892675,0.8919,669
0.892,0.892,0.892075,0.891625,363
0.891975,0.8920250000000001,0.89215,0.891475,723
0.892,0.891625,0.8922749999999999,0.8915500000000001,636
0.8916,0.8914249999999999,0.8918250000000001,0.891,1174
0.8914,0.891125,0.891625,0.891125,1013
0.89115,0.891625,0.8921749999999999,0.89115,1398
0.8916,0.891725,0.8922749999999999,0.891475,1452
0.8916999999999999,0.8912,0.8918250000000001,0.890925,1400
0.891175,0.89105,0.8915,0.890925,1367
0.891025,0.8907750000000001,0.891275,0.8901749999999999,1049
0.89075,0.890675,0.8909750000000001,0.8904749999999999,821
0.8906499999999999,0.89015,0.8907,0.8901,531
0.890125,0.889675,0.8903,0.889625,726
0.88965,0.8898,0.890075,0.88945,1004
0.8898250000000001,0.89,0.8902,0.8893249999999999,950
0.8900250000000001,0.89025,0.890525,0.889725,1376
0.8902749999999999,0.891175,0.8912,0.889975,1355
0.89115,0.8903749999999999,0.8913,0.8899250000000001,2213
0.890325,0.8898,0.89035,0.8887,2672
0.889775,0.8907750000000001,0.8907750000000001,0.8896999999999999,1865
0.89075,0.8903749999999999,0.8909750000000001,0.889975,1925
0.8904,0.8900250000000001,0.8908750000000001,0.8899250000000001,1705
0.89,0.890525,0.8907750000000001,0.88975,1415
0.8905,0.8906000000000001,0.89075,0.89,1262
0.890575,0.8913,0.8915500000000001,0.8905,1555
0.891275,0.892075,0.8922,0.89105,1368
0.8921,0.892725,0.89295,0.89185,1991
0.8927,0.89325,0.893475,0.89245,1859
0.8932249999999999,0.892675,0.8932249999999999,0.892525,1826
0.8926499999999999,0.893025,0.89345,0.8925,2106
0.893,0.8943,0.895175,0.892425,3663
0.894325,0.89425,0.8949750000000001,0.8934249999999999,3707
0.894225,0.893575,0.8945,0.8930750000000001,3102
0.893525,0.8939250000000001,0.8942749999999999,0.892675,2281
0.89395,0.893375,0.894,0.892925,1853
0.89335,0.8938250000000001,0.8939250000000001,0.89315,1689
0.8938,0.89445,0.8946000000000001,0.89375,1348
0.894425,0.8940250000000001,0.8950750000000001,0.893725,1497
0.894,0.8933249999999999,0.8941,0.8933,1437
0.8933,0.8934,0.893625,0.892725,1815
0.893375,0.893175,0.893625,0.892825,1616
0.89315,0.89325,0.893675,0.89295,1255
0.893275,0.893625,0.893725,0.893175,1108
0.89365,0.89385,0.8939,0.8933249999999999,595
0.8938250000000001,0.894075,0.895875,0.8928750000000001,547
0.8951,0.8947499999999999,0.8954249999999999,0.894175,147
0.8948,0.894575,0.8949499999999999,0.894275,409
0.89455,0.8933,0.8948499999999999,0.8931,961
0.89325,0.89315,0.893625,0.89315,505
0.893125,0.893,0.89345,0.8926000000000001,728
0.893025,0.892425,0.893275,0.892325,674
0.8924,0.892525,0.893025,0.892075,1524
0.8925,0.891125,0.892675,0.89005,2012
0.89115,0.891725,0.8922749999999999,0.8910750000000001,1638
0.8916999999999999,0.8933,0.893375,0.891625,1764
0.893275,0.893575,0.89395,0.893125,1451
0.8935500000000001,0.893775,0.893875,0.8928,1503
0.89375,0.8928750000000001,0.893775,0.892725,1129
0.8929,0.89285,0.8932249999999999,0.89275,851
0.892825,0.89335,0.8934249999999999,0.8928,719
0.8933249999999999,0.8933249999999999,0.893375,0.893,624
0.8933,0.893275,0.893475,0.892575,996
0.8933249999999999,0.8935500000000001,0.8936999999999999,0.89275,1184
0.893525,0.893725,0.89445,0.8933249999999999,1393
0.893675,0.8944749999999999,0.894775,0.893575,1490
0.8945,0.894575,0.894775,0.89405,2528
0.89455,0.8939250000000001,0.894925,0.893875,1542
0.89395,0.89455,0.8949750000000001,0.8939250000000001,1789
0.894525,0.894675,0.895275,0.894525,1775
0.8947,0.894825,0.8955,0.894525,1875
0.89485,0.8950750000000001,0.895375,0.8946000000000001,1301
0.8951,0.8947,0.895575,0.8947,1161
0.894725,0.89525,0.8954,0.89455,1218
0.8952249999999999,0.8951,0.8954249999999999,0.894775,1393
0.895125,0.894675,0.8953249999999999,0.8944749999999999,1426
0.89465,0.894575,0.8953249999999999,0.89445,1736
0.8946000000000001,0.8941,0.895025,0.8940250000000001,1719
0.8941250000000001,0.89445,0.895175,0.8941250000000001,1685
0.8944749999999999,0.8941749999999999,0.894825,0.89375,2110
0.8941749999999999,0.894425,0.894675,0.893875,2204
0.8944,0.8935500000000001,0.8948,0.893125,3226
0.893575,0.8936,0.8939250000000001,0.893125,1876
0.893625,0.893125,0.893975,0.8929750000000001,1500
0.8931,0.89445,0.8944749999999999,0.8930750000000001,1121
0.894425,0.8945,0.8949,0.8944,805
0.894525,0.894225,0.8946000000000001,0.894075,876
0.8942,0.89375,0.89435,0.89365,802
0.893775,0.893525,0.8940250000000001,0.89345,750
0.8935,0.8932,0.89365,0.89315,946
0.8932249999999999,0.893575,0.893625,0.893175,832
0.8936,0.8935500000000001,0.893725,0.893275,748
0.893525,0.8934,0.893675,0.8933,355
0.893375,0.8935,0.894525,0.892825,574
0.8936,0.89415,0.894475,0.893275,141
0.89405,0.893675,0.89405,0.8935500000000001,181
0.89365,0.8935500000000001,0.894,0.8935,259
0.893525,0.89365,0.89375,0.89325,482
0.893625,0.893475,0.89385,0.893275,472
0.89345,0.8932,0.893525,0.89315,640
0.8932249999999999,0.893675,0.8940250000000001,0.8932249999999999,1199
0.8936999999999999,0.8936,0.8941250000000001,0.8933249999999999,1174
0.893575,0.8949750000000001,0.8953249999999999,0.8933,1839
0.895,0.89525,0.895975,0.894925,1479
0.895275,0.894725,0.8953,0.8943749999999999,991
0.8947,0.8949750000000001,0.895475,0.894625,1155
0.895,0.8940250000000001,0.8950750000000001,0.893725,916
0.89405,0.893525,0.89405,0.8933,1015
0.8935500000000001,0.893675,0.89385,0.8935,689
0.8936999999999999,0.893625,0.893875,0.8933,685
0.8936,0.8933249999999999,0.894075,0.89305,1013
0.8933,0.8926000000000001,0.89335,0.8925,897
0.892625,0.892825,0.893175,0.8922749999999999,1154
0.89285,0.8927,0.8932249999999999,0.892675,945
0.892725,0.893775,0.893975,0.892675,1617
0.8938,0.89315,0.893875,0.8928,1324
0.893175,0.893625,0.893975,0.8928750000000001,1304
0.89365,0.8926499999999999,0.89365,0.8924749999999999,1125
0.892675,0.8934,0.894075,0.892625,1567
0.893375,0.893675,0.89375,0.8932,1348
0.8936999999999999,0.8927,0.8936999999999999,0.891775,1898
0.892725,0.8926499999999999,0.893025,0.8922,1575
0.892675,0.8932,0.8933,0.8924,1375
0.8932249999999999,0.8923,0.893375,0.89225,1331
0.892325,0.892925,0.89335,0.8923,1623
0.89295,0.8926499999999999,0.8934,0.8921749999999999,1623
0.892675,0.8935,0.8935500000000001,0.892325,2185
0.893525,0.8937999999999999,0.893975,0.8929750000000001,2114
0.893825,0.894075,0.8942749999999999,0.893125,2610
0.89405,0.8958,0.8964749999999999,0.8938250000000001,2935
0.895775,0.894325,0.89595,0.8942749999999999,1976
0.8943,0.89455,0.894675,0.8941,1595
0.894575,0.894575,0.8949,0.8943749999999999,1353
0.8946000000000001,0.894225,0.894825,0.8942,938
0.8942,0.893725,0.894675,0.893675,1075
0.8936999999999999,0.893525,0.89375,0.8933249999999999,918
0.8935500000000001,0.894225,0.894425,0.8935500000000001,1132
0.89425,0.8939250000000001,0.8942749999999999,0.8938250000000001,912
0.89395,0.8939250000000001,0.8942749999999999,0.89385,906
0.89395,0.893725,0.8941749999999999,0.893575,992
0.89375,0.89345,0.8938250000000001,0.893375,731
0.893475,0.89435,0.894525,0.893375,503
0.894625,0.89395,0.895175,0.893375,495
0.8939250000000001,0.89395,0.8943000000000001,0.893825,387
0.893975,0.894225,0.8944749999999999,0.893675,488
0.8942,0.894325,0.894625,0.8941749999999999,414
0.89435,0.894675,0.89485,0.8942749999999999,523
0.89465,0.894325,0.895,0.8943,594
0.89435,0.89455,0.895125,0.89405,1268
0.894525,0.89415,0.89515,0.894075,1155
0.8941250000000001,0.8941749999999999,0.8947,0.89395,1350
0.89425,0.891275,0.8944,0.89055,3328
0.89125,0.890825,0.8915500000000001,0.890075,1304
0.8908,0.890925,0.8910750000000001,0.890575,1161
0.8908750000000001,0.8909750000000001,0.891675,0.8908750000000001,769
0.89095,0.8908,0.891125,0.890625,480
0.8907750000000001,0.891625,0.891625,0.8904749999999999,499
0.891575,0.891975,0.8921250000000001,0.891575,578
0.892,0.89165,0.89205,0.89145,587
0.891675,0.892075,0.892225,0.89145,888
0.8921250000000001,0.891275,0.892525,0.891275,1662
0.8913,0.891,0.8915500000000001,0.890825,1317
0.891025,0.891125,0.891975,0.8909,1640
0.8911,0.8920250000000001,0.8921250000000001,0.891025,1356
0.892,0.8922749999999999,0.892625,0.89175,1622
0.892225,0.8921749999999999,0.8924749999999999,0.892075,1018
0.8922,0.893275,0.8934,0.892075,935
0.8933,0.893475,0.893625,0.893025,1074
0.89345,0.893125,0.893775,0.893,1039
0.89315,0.8930750000000001,0.8932249999999999,0.8928750000000001,909
0.89305,0.893675,0.8938,0.893025,1252
0.8936999999999999,0.8934249999999999,0.893775,0.892825,1146
0.8934,0.892725,0.8934249999999999,0.892225,1304
0.8927,0.89275,0.8928,0.8921250000000001,1681
0.8927750000000001,0.8927750000000001,0.89315,0.89245,1597
0.8928,0.892225,0.893725,0.8919,1832
0.892325,0.892075,0.8928750000000001,0.891875,2034
0.89205,0.8928,0.893125,0.8918250000000001,2341
0.8928,0.89245,0.89305,0.892325,1462
0.8924749999999999,0.891375,0.892675,0.89115,1337
0.8914,0.8910750000000001,0.891775,0.8908750000000001,924
0.89105,0.892425,0.892425,0.891,888
0.8924,0.892675,0.89285,0.8923749999999999,908
0.8926499999999999,0.8933,0.893475,0.892525,1176
0.893275,0.8940250000000001,0.89425,0.892825,3213
0.894,0.897875,0.8983749999999999,0.8921,6284
0.89785,0.897475,0.8981,0.896525,3853
0.89745,0.896625,0.8982,0.896575,2311
0.8966000000000001,0.897125,0.8972249999999999,0.89615,1290
0.89715,0.8968,0.8974500000000001,0.8962,863
0.89715,0.8969499999999999,0.8982,0.896575,280
0.896975,0.896875,0.8971,0.896775,155
0.8969,0.89685,0.897275,0.896675,382
0.8968750000000001,0.896725,0.897025,0.896625,283
0.8967499999999999,0.8968750000000001,0.8971,0.896675,680
0.89685,0.8964749999999999,0.89725,0.89635,675
0.8965,0.896575,0.89705,0.8963,1334
0.89655,0.8961749999999999,0.8968,0.895975,1151
0.8962,0.896675,0.897475,0.8961749999999999,2033
0.8967,0.8968750000000001,0.897375,0.8962749999999999,2329
0.8969,0.89585,0.8969,0.8954249999999999,1470
0.895875,0.8964,0.896425,0.895675,1075
0.8963749999999999,0.896675,0.8971,0.896225,974
0.8967,0.8973249999999999,0.8974,0.8965,1041
0.89735,0.8968750000000001,0.89755,0.8967,802
0.89685,0.8964749999999999,0.896925,0.8963749999999999,853
0.89645,0.8967,0.896725,0.896225,675
0.896725,0.8967499999999999,0.89725,0.8963749999999999,993
0.896725,0.897625,0.897625,0.896575,1547
0.8976,0.8972249999999999,0.897675,0.896725,1888
0.897125,0.895975,0.897275,0.8955,2231
0.89595,0.896225,0.896325,0.895575,1806
0.8962749999999999,0.896,0.89665,0.895875,1797
0.8960250000000001,0.896425,0.8967499999999999,0.895725,1552
0.8964,0.896425,0.896675,0.8960250000000001,1619
0.89645,0.895275,0.89645,0.89515,1652
0.8953,0.8953249999999999,0.8955249999999999,0.8948,1799
0.89535,0.894675,0.8958,0.8944749999999999,1786
0.89465,0.89395,0.895,0.8938250000000001,1583
0.893975,0.893475,0.8941,0.89325,1420
0.89345,0.8934,0.8938,0.89295,2049
0.893425,0.89585,0.8961250000000001,0.893425,4709
0.8958250000000001,0.895775,0.896425,0.8948,3343
0.8958,0.89555,0.896825,0.894625,2945
0.895675,0.8944749999999999,0.8959250000000001,0.89445,2820
0.8944749999999999,0.895575,0.8958,0.8944749999999999,2790
0.89555,0.8956500000000001,0.895875,0.8948750000000001,2043
0.895625,0.894725,0.8960250000000001,0.894625,1528
0.8947499999999999,0.8945,0.894825,0.894225,1184
0.894525,0.89385,0.894825,0.893725,1071
0.893875,0.8940250000000001,0.89435,0.893675,905
0.894,0.8939250000000001,0.8942749999999999,0.8938250000000001,685
0.89395,0.893875,0.8940250000000001,0.893525,705
0.8939,0.8942749999999999,0.894325,0.8936,711
0.894325,0.894675,0.894825,0.8941250000000001,837
0.89465,0.8948750000000001,0.895025,0.894525,739
0.89485,0.8955249999999999,0.8956999999999999,0.894825,683
0.89545,0.895275,0.895775,0.895125,581
0.89515,0.8955500000000001,0.8964,0.8941749999999999,227
0.8955500000000001,0.89525,0.89575,0.8952249999999999,253
0.8952,0.8956500000000001,0.8957999999999999,0.89505,786
0.895675,0.8956,0.8959,0.8955,502
0.895625,0.896225,0.896425,0.895625,605
0.8962,0.8961749999999999,0.896525,0.896,663
0.896325,0.896,0.896775,0.8959250000000001,1214
0.8960250000000001,0.896225,0.8964749999999999,0.895975,952
0.89625,0.89635,0.89685,0.8959,1036
0.896325,0.8962749999999999,0.896575,0.895875,1286
0.8963,0.89635,0.896425,0.8959,897
0.896325,0.896625,0.896675,0.8961250000000001,741
0.89665,0.896325,0.8969,0.8961749999999999,969
0.89635,0.89735,0.8978,0.895975,1285
0.897375,0.897725,0.8982,0.8973249999999999,1024
0.89775,0.897,0.897775,0.89685,773
0.897025,0.8969750000000001,0.8975249999999999,0.896925,982
0.89695,0.8974,0.8978,0.896925,1275
0.897375,0.89895,0.89895,0.8971750000000001,1526
0.898925,0.8983,0.8989750000000001,0.89795,2114
0.89835,0.899,0.899,0.897875,2302
0.899025,0.898825,0.899475,0.898075,1798
0.8988,0.8969750000000001,0.8988750000000001,0.8967499999999999,1777
0.897,0.896775,0.8972249999999999,0.8962749999999999,1608
0.8967499999999999,0.8960250000000001,0.89695,0.8956,1704
0.89605,0.8965,0.896525,0.8958250000000001,1340
0.896525,0.8965,0.8969750000000001,0.89615,1228
0.8964749999999999,0.8968750000000001,0.8973249999999999,0.8964,1279
0.89685,0.89585,0.8969750000000001,0.895625,1152
0.895875,0.8955249999999999,0.896775,0.8950750000000001,1744
0.895475,0.8945000000000001,0.895625,0.8941250000000001,2218
0.894475,0.8924749999999999,0.894475,0.8921749999999999,3917
0.8925,0.890125,0.89255,0.8895,3006
0.890125,0.889625,0.89015,0.888125,3039
0.8897999999999999,0.891125,0.891475,0.8882,3053
0.8912,0.89385,0.8942,0.8909750000000001,3937
0.893875,0.894225,0.894925,0.89345,3086
0.89425,0.894225,0.8943749999999999,0.8930750000000001,1831
0.8942,0.893475,0.894725,0.8934,1344
0.8935,0.8940250000000001,0.89405,0.8932249999999999,1059
0.894,0.8941749999999999,0.8944749999999999,0.8938,824
0.89415,0.8949750000000001,0.89525,0.8940250000000001,691
0.895,0.8952249999999999,0.895375,0.894925,614
0.895275,0.896225,0.896425,0.895275,931
0.89625,0.895375,0.8964749999999999,0.8952249999999999,960
0.8954,0.894675,0.895625,0.89455,1099
0.894675,0.8948,0.89525,0.89455,928
0.894825,0.894625,0.8955500000000001,0.89425,872
0.8948,0.8943749999999999,0.895475,0.893825,73
0.8943749999999999,0.8949750000000001,0.89515,0.89405,419
0.895025,0.8939,0.8952,0.893825,950
0.8939250000000001,0.8943,0.894575,0.8939250000000001,662
0.8942749999999999,0.893775,0.894425,0.893675,633
0.893725,0.8933,0.893775,0.89325,530
0.8933249999999999,0.89465,0.894775,0.89315,1224
0.894675,0.894425,0.8947499999999999,0.89385,1516
0.89445,0.894525,0.8952249999999999,0.89425,1691
0.8945,0.8947,0.89485,0.8939,1483
0.894725,0.8959,0.895975,0.894675,1009
0.8959250000000001,0.8952249999999999,0.89595,0.89515,792
0.89525,0.8944749999999999,0.8953249999999999,0.89415,843
0.8945,0.89435,0.8946000000000001,0.894225,527
0.894325,0.895,0.89525,0.89405,591
0.895025,0.8949,0.895275,0.8947,616
0.8948750000000001,0.89505,0.89515,0.89485,531
0.8950750000000001,0.89485,0.8952,0.894425,785
0.8948750000000001,0.89445,0.895275,0.8944,1057
0.8944749999999999,0.895675,0.8958250000000001,0.8943749999999999,1140
0.8956999999999999,0.89655,0.8968,0.89555,1457
0.896575,0.897,0.8973,0.8962749999999999,1453
0.89695,0.8981250000000001,0.898225,0.89685,1350
0.89815,0.8984,0.899475,0.898075,1366
0.898425,0.8981250000000001,0.89855,0.897675,1179
0.89815,0.89855,0.8994,0.8981250000000001,1195
0.898525,0.89935,0.89945,0.898525,1031
0.899375,0.8993249999999999,0.8999,0.8991,1031
0.89935,0.899575,0.899675,0.8988750000000001,1337
0.89955,0.899575,0.8998250000000001,0.8992249999999999,1076
0.8995500000000001,0.8994249999999999,0.9001250000000001,0.8993249999999999,1436
0.89945,0.89855,0.8998250000000001,0.8984749999999999,1810
0.898525,0.898075,0.899125,0.897675,2529
0.8981,0.899875,0.90025,0.897975,3314
0.899725,0.8999,0.9008,0.8989499999999999,4535
0.8999250000000001,0.9027000000000001,0.9027000000000001,0.899875,3106
0.902675,0.9024,0.902825,0.90155,2052
0.9023749999999999,0.9026,0.9029,0.90205,1565
0.9025749999999999,0.9017999999999999,0.9027499999999999,0.901625,1081
0.901825,0.9019250000000001,0.9021250000000001,0.901575,901
0.9019,0.901275,0.9020250000000001,0.9011,932
0.9013,0.90155,0.90155,0.901025,1033
0.9015249999999999,0.90135,0.9019250000000001,0.9013249999999999,945
0.9013249999999999,0.901875,0.9019250000000001,0.9013249999999999,882
0.90185,0.9021250000000001,0.902175,0.901575,658
0.9021,0.902225,0.902525,0.901975,761
0.902225,0.9023749999999999,0.9025749999999999,0.902175,255
0.90235,0.9020250000000001,0.9023749999999999,0.9018999999999999,189
0.9020999999999999,0.90265,0.90305,0.901375,162
0.902675,0.902225,0.9028499999999999,0.90185,428
0.90225,0.9024749999999999,0.902675,0.90205,554
0.90245,0.902625,0.902775,0.9023,305
0.9026000000000001,0.902825,0.90305,0.9023749999999999,446
0.902775,0.902225,0.902775,0.901975,569
0.90225,0.9024,0.9027000000000001,0.90155,1444
0.9023749999999999,0.901675,0.9028,0.901475,2110
0.9016500000000001,0.901575,0.9017999999999999,0.9009750000000001,1972
0.90155,0.901475,0.901875,0.900925,1883
0.90145,0.9015249999999999,0.901825,0.9009750000000001,1345
0.9015,0.90175,0.9019,0.9011,1155
0.901775,0.9013249999999999,0.9019250000000001,0.90095,1355
0.9013,0.9016,0.901825,0.901125,860
0.901625,0.901375,0.9019,0.9011750000000001,782
0.9014,0.896325,0.9016,0.89575,3814
0.8963,0.8953249999999999,0.896775,0.8953249999999999,1949
0.89535,0.895175,0.8956500000000001,0.8943749999999999,1372
0.89515,0.894725,0.89535,0.8942749999999999,2039
0.8947,0.893975,0.894925,0.893725,1337
0.894,0.8921,0.894075,0.891975,2279
0.892075,0.891125,0.8921,0.8909,2051
0.8911,0.8907750000000001,0.8914,0.8906499999999999,2060
0.8908,0.8900250000000001,0.89095,0.88985,1650
0.89,0.890525,0.890725,0.88965,1160
0.89055,0.8908,0.8910750000000001,0.8903749999999999,1416
0.8907750000000001,0.891725,0.8918,0.8904749999999999,1342
0.89175,0.891175,0.891875,0.891025,1068
0.8912,0.8918250000000001,0.8919250000000001,0.8910750000000001,1352
0.89185,0.891375,0.89205,0.8913,1410
0.8914,0.8921,0.8921749999999999,0.891125,1644
0.8921250000000001,0.891175,0.892325,0.89115,1843
0.8912,0.891625,0.8927750000000001,0.891175,2756
0.89165,0.89185,0.892425,0.8912249999999999,4096
0.8918250000000001,0.891375,0.8919250000000001,0.890575,3981
0.8914,0.8942,0.89425,0.8908750000000001,4295
0.8941749999999999,0.89405,0.894425,0.8927750000000001,3236
0.89405,0.89365,0.8948750000000001,0.893525,2201
0.893675,0.892625,0.894325,0.892575,1854
0.892625,0.89215,0.8927750000000001,0.891875,1136
0.8921250000000001,0.8913249999999999,0.8922749999999999,0.891125,1170
0.89135,0.891275,0.891575,0.8907750000000001,1373
0.89125,0.891525,0.891575,0.890925,1019
0.8915,0.8902749999999999,0.891525,0.8899250000000001,1161
0.8903,0.890825,0.8910750000000001,0.8902,971
0.8907750000000001,0.891025,0.891175,0.890675,832
0.891,0.891125,0.8914,0.8908750000000001,453
0.8911,0.891025,0.891575,0.8907499999999999,393
0.89105,0.89105,0.891375,0.8907,119
0.8910750000000001,0.890975,0.891375,0.8906000000000001,295
0.890925,0.89125,0.891825,0.890675,800
0.8912249999999999,0.8899250000000001,0.891375,0.889475,884
0.8899,0.889775,0.8905000000000001,0.889675,814
0.8898,0.88805,0.8901749999999999,0.8879,1007
0.8881,0.8882,0.88925,0.88785,1815
0.888225,0.88825,0.8886499999999999,0.887775,1301
0.8882749999999999,0.8883,0.8888,0.88785,1612
0.8882749999999999,0.88915,0.889375,0.88815,1662
0.889175,0.8903,0.8906499999999999,0.88905,1269
0.890325,0.8903749999999999,0.8908,0.889625,1288
0.8904,0.89075,0.8913,0.8902,1171
0.8907,0.89145,0.891875,0.8906499999999999,1018
0.8914,0.8911,0.8916,0.8909,1215
0.89115,0.89095,0.89135,0.89035,955
0.8909750000000001,0.89125,0.8914249999999999,0.89075,841
0.8912249999999999,0.89105,0.891875,0.89105,897
0.8910750000000001,0.8915500000000001,0.89175,0.890625,1454
0.891575,0.8908,0.891625,0.8903749999999999,1353
0.890825,0.8921749999999999,0.89255,0.890825,2074
0.8922,0.8916,0.892425,0.89135,1394
0.891575,0.891525,0.891975,0.89125,1303
0.8915,0.89115,0.891625,0.890825,1253
0.891125,0.89205,0.8921250000000001,0.891025,1103
0.8920250000000001,0.89125,0.89225,0.8912,979
0.891275,0.89025,0.89145,0.8902,1314
0.8902749999999999,0.8912249999999999,0.8914249999999999,0.89015,1201
0.8912,0.8922,0.8923,0.8907750000000001,1221
0.892225,0.8918250000000001,0.892325,0.891175,1447
0.89185,0.89095,0.8919,0.890675,1755
0.8909750000000001,0.8906000000000001,0.8913,0.8903,1867
0.8906499999999999,0.8902,0.891125,0.88995,1461
0.890225,0.891025,0.891175,0.89005,2701
0.89105,0.8901749999999999,0.8910750000000001,0.888525,5487
0.890125,0.8906499999999999,0.8908750000000001,0.8890750000000001,3753
0.8906000000000001,0.89095,0.89115,0.88965,2174
0.8909750000000001,0.8918250000000001,0.8918250000000001,0.890675,1865
0.8918,0.891875,0.8928,0.891625,1385
0.8919,0.89205,0.892225,0.891675,1014
0.8920250000000001,0.891675,0.8923,0.891625,870
0.8916999999999999,0.891675,0.891875,0.89125,828
0.89165,0.89185,0.8919250000000001,0.8915,962
0.891875,0.8921250000000001,0.89225,0.891375,938
0.8921,0.892625,0.892725,0.8918250000000001,860
0.8926000000000001,0.8924749999999999,0.8929750000000001,0.8923749999999999,657
0.89245,0.892675,0.89275,0.892225,398
0.892625,0.8924,0.892875,0.892075,414
0.8927,0.892825,0.893325,0.8921,249
0.89285,0.892775,0.893,0.892,295
0.892725,0.89255,0.892925,0.89205,534
0.892575,0.89255,0.892825,0.8924,371
0.892575,0.892425,0.8927750000000001,0.8921749999999999,478
0.89245,0.8918250000000001,0.892525,0.8918,419
0.8918,0.89225,0.8923,0.891575,1153
0.892225,0.89225,0.8927750000000001,0.89205,1147
0.8922749999999999,0.8931,0.8935500000000001,0.892225,1248
0.893125,0.89305,0.8938,0.893,1338
0.8930750000000001,0.893,0.8934249999999999,0.89285,819
0.89295,0.893275,0.89335,0.8926499999999999,846
0.89325,0.893775,0.89395,0.89325,761
0.89375,0.8934,0.89385,0.893,889
0.893375,0.894075,0.894075,0.89335,532
0.89405,0.8938,0.8941,0.8936,470
0.8938250000000001,0.8942749999999999,0.89435,0.8933249999999999,799
0.8943,0.8941749999999999,0.89465,0.8939,1313
0.89415,0.894575,0.89495,0.8941,1428
0.8946000000000001,0.8946000000000001,0.89495,0.894325,1097
0.894625,0.895575,0.8959250000000001,0.894525,1875
0.8956,0.895,0.895775,0.8949,1152
0.8949750000000001,0.8952,0.8953,0.894925,1035
0.8952249999999999,0.8959,0.896,0.89515,1339
0.8959250000000001,0.895475,0.896075,0.895475,1810
0.8955,0.8955249999999999,0.895725,0.89515,860
0.8955,0.896075,0.89615,0.8952,1051
0.8961,0.8957999999999999,0.8965,0.8954249999999999,992
0.895775,0.8956500000000001,0.8962,0.8949750000000001,2397
0.895625,0.894575,0.895875,0.893975,2255
0.8946000000000001,0.894525,0.8950750000000001,0.893975,2044
0.894525,0.894075,0.8951,0.893875,2657
0.89405,0.8941,0.8947,0.893725,2243
0.8941250000000001,0.8948,0.8950750000000001,0.8939250000000001,3131
0.894825,0.8944,0.89535,0.89425,2733
0.8943749999999999,0.89485,0.895025,0.8939,2805
0.894825,0.89505,0.89535,0.8941749999999999,2089
0.895025,0.8952,0.895475,0.894725,1767
0.8952249999999999,0.89645,0.896575,0.895,1082
0.89645,0.896425,0.8968,0.896075,1244
0.8964,0.896725,0.8967499999999999,0.8963,965
0.8967,0.896575,0.8969,0.89645,973
0.896525,0.896625,0.8968,0.8963749999999999,814
0.89665,0.8969750000000001,0.8970750000000001,0.89645,740
0.8969,0.8969750000000001,0.897125,0.896675,626
0.89695,0.8968750000000001,0.8970750000000001,0.896525,886
0.896925,0.8965,0.896925,0.8963749999999999,732
0.8964749999999999,0.8963,0.8968499999999999,0.8958999999999999,609
0.896825,0.89635,0.897375,0.89555,153
0.89635,0.8963749999999999,0.8967499999999999,0.895675,287
0.8964000000000001,0.895775,0.896575,0.8955500000000001,993
0.8957999999999999,0.89575,0.8962749999999999,0.89575,454
0.895775,0.8964749999999999,0.896575,0.89575,445
0.89645,0.895725,0.89645,0.895675,513
0.89575,0.8953,0.89595,0.8953,915
0.895275,0.89515,0.895675,0.8950750000000001,852
0.895175,0.8971,0.8973249999999999,0.89515,1211
0.897125,0.8966000000000001,0.8973249999999999,0.896575,1382
0.896625,0.8965,0.8969,0.8962749999999999,922
0.8964749999999999,0.8964749999999999,0.8968750000000001,0.896425,845
0.8965,0.896525,0.89705,0.8964,602
0.8964749999999999,0.896225,0.8965,0.8960250000000001,545
0.8962,0.896425,0.896575,0.8961749999999999,390
0.89645,0.8962749999999999,0.896775,0.8961749999999999,447
0.89625,0.896,0.8963749999999999,0.896,577
0.895975,0.89665,0.89685,0.895975,906
0.896625,0.8965,0.896725,0.8963,1136
0.8964749999999999,0.8972249999999999,0.8972249999999999,0.8961250000000001,1034
0.8972,0.896725,0.897575,0.8965,1213
0.8967499999999999,0.8962749999999999,0.89715,0.8961749999999999,1093
0.8963,0.8954249999999999,0.896325,0.895175,1341
0.89545,0.8955249999999999,0.8962,0.8953249999999999,916
0.8955500000000001,0.8955,0.895725,0.895375,906
0.895475,0.8956,0.895625,0.8951,750
0.895575,0.896075,0.8961749999999999,0.8954249999999999,887
0.8961,0.8951,0.8961250000000001,0.895025,834
0.895125,0.8955249999999999,0.8955249999999999,0.894775,883
0.8955,0.8959250000000001,0.8961,0.895475,942
0.89595,0.895375,0.89625,0.895025,1396
0.8954,0.8926000000000001,0.895875,0.891875,7461
0.892625,0.8924749999999999,0.8936,0.891525,3521
0.89245,0.89255,0.8929,0.8915500000000001,3846
0.8926000000000001,0.89335,0.89375,0.891525,3466
0.8933249999999999,0.8938,0.894525,0.8933,2806
0.8938250000000001,0.89245,0.8939250000000001,0.892325,1895
0.8925,0.8929750000000001,0.8929750000000001,0.892425,1561
0.89295,0.893175,0.893275,0.892625,1167
0.8932,0.893675,0.893875,0.8928750000000001,985
0.89365,0.893375,0.894075,0.8932249999999999,1186
0.89335,0.8939250000000001,0.893975,0.893125,943
0.89395,0.893525,0.894325,0.893275,927
0.893475,0.893775,0.893775,0.893175,824
0.8938250000000001,0.893875,0.8941250000000001,0.893375,864
0.89385,0.8941250000000001,0.894325,0.893775,736
0.89415,0.8942,0.89455,0.8939250000000001,540
0.894225,0.8943749999999999,0.894825,0.8936,590
0.8939,0.893975,0.894325,0.893175,97
0.8940250000000001,0.8939250000000001,0.89445,0.893625,275
0.893825,0.8936,0.894375,0.893475,603
0.893625,0.8934249999999999,0.89385,0.8934,568
0.89345,0.8936999999999999,0.8939,0.89345,478
0.893725,0.893575,0.894,0.89335,960
0.8935500000000001,0.89395,0.894225,0.8930750000000001,1349
0.8939250000000001,0.894425,0.8945,0.89385,1318
0.89445,0.89505,0.8950750000000001,0.8941749999999999,1123
0.8950750000000001,0.8955249999999999,0.89575,0.894575,984
0.8955,0.89635,0.8964,0.89515,888
0.896325,0.8962,0.8966000000000001,0.896,847
0.8961749999999999,0.89575,0.8964,0.8955500000000001,875
0.895725,0.895975,0.89605,0.8956999999999999,510
0.89595,0.895975,0.896325,0.8956999999999999,476
0.89595,0.896675,0.896675,0.8958250000000001,360
0.89665,0.897125,0.897125,0.896625,578
0.89715,0.8964,0.89715,0.89635,671
0.896425,0.89605,0.896525,0.8956500000000001,1064
0.8960250000000001,0.8964749999999999,0.89655,0.895375,1029
0.89645,0.8978,0.8978,0.8964,1848
0.897775,0.898625,0.898725,0.8976500000000001,1405
0.8986000000000001,0.8983749999999999,0.89865,0.8979250000000001,1173
0.89835,0.8984,0.89845,0.897875,928
0.8983749999999999,0.89835,0.89845,0.8979250000000001,830
0.898325,0.8988750000000001,0.89895,0.898225,857
0.8989,0.8988750000000001,0.8991750000000001,0.89865,748
0.8989,0.8996,0.8996999999999999,0.89885,983
0.899575,0.899375,0.9005,0.899375,943
0.8994,0.8988750000000001,0.8996500000000001,0.898575,959
0.8989,0.898575,0.89935,0.8984749999999999,1467
0.89855,0.898625,0.898675,0.897875,1460
0.898575,0.8987499999999999,0.898925,0.897975,1732
0.8988,0.89805,0.89905,0.89785,2048
0.898075,0.89905,0.8992249999999999,0.8976999999999999,1985
0.899025,0.89945,0.90025,0.898775,1969
0.899475,0.89895,0.900075,0.8987499999999999,1118
0.898925,0.898625,0.899,0.89845,1189
0.89865,0.8982749999999999,0.8988,0.89815,1182
0.8983,0.897775,0.898425,0.897775,1060
0.8977999999999999,0.898175,0.898225,0.897625,1218
0.89815,0.8984,0.898425,0.897875,1077
0.898425,0.89775,0.8984749999999999,0.897625,1584
0.897775,0.897875,0.898075,0.89745,1235
0.89785,0.8976999999999999,0.8979250000000001,0.8975500000000001,1082
0.897725,0.8980250000000001,0.898175,0.897675,639
0.89805,0.898225,0.898325,0.897975,411
0.8982,0.8977999999999999,0.898225,0.89775,342
0.8973,0.8973500000000001,0.897425,0.897125,21
