107739.185,107631.76000000001,108347.91,107537.185,32733
107631.695,107784.115,107924.82,107564.13,28055
107784.175,108120.4,108141.815,107754.255,27102
108120.34,108007.39,108191.23,107749.315,25218
108007.59,107421.845,108197.87,107306.51999999999,22761
107421.595,108212.825,108263.33,107405.36,21574
108211.325,107934.315,108339.79000000001,107777.36499999999,21595
107934.38,108187.89499999999,108218.17000000001,107814.01999999999,15228
108188.11,108014.23000000001,108598.555,107807.505,18699
108014.17000000001,108018.395,108119.17499999999,107794.795,18943
108018.525,108064.41500000001,108160.37,107907.38500000001,15594
108064.47,108274.255,108386.345,108061.145,20710
108274.685,108798.255,108901.88,108264.775,23669
108796.565,108845.255,109014.56,108559.05,23747
108844.82,108786.57500000001,108912.765,108452.77,22325
108786.45,109069.15,109076.985,108547.565,23517
109068.33499999999,108565.625,109080.17,108456.405,7815
108565.695,108545.61499999999,108659.23,108371.65,5879
108545.86499999999,108619.14,108827.35500000001,108347.225,6831
108619.8,108968.935,108998.205,108582.67,7932
108968.64499999999,108852.035,109074.51000000001,108743.8,7196
108851.775,107610.78,108854.155,107268.095,9628
107613.45,107801.13500000001,108084.72,107398.435,11260
107801.11499999999,107969.0,108071.95000000001,107746.66500000001,8307
107970.0,108328.515,108336.715,107910.92000000001,8225
108328.34,108051.9,108340.07500000001,107789.20499999999,8644
108051.77,108452.905,108705.975,107879.07500000001,10240
108452.62,108202.82,108457.63,108093.9,8750
108202.425,108469.68,108478.465,108099.685,7447
108469.75,108234.575,108475.685,108062.04000000001,8065
108234.07999999999,108375.715,108517.16,108110.61,16874
108375.66500000001,108820.66500000001,108898.255,108362.09,20942
108820.705,108813.195,108960.95,108695.57500000001,18831
108813.14499999999,109549.26999999999,109753.22,108784.1,34357
109550.265,109396.595,109643.655,109115.715,24438
109396.58499999999,109096.255,109787.975,109043.9,21755
109096.5,108522.195,109245.25,108129.715,30673
108521.695,108759.55,108771.545,108460.73999999999,20380
108759.43,108607.205,108770.14,108528.45499999999,14842
108607.33,108873.235,108919.715,108605.895,17052
108932.445,109020.63,109046.265,108760.35,14913
109020.695,108979.13,109158.91500000001,108921.955,15532
108981.505,109145.445,109288.465,108883.01999999999,32283
109144.07,108573.315,109210.17,108439.735,23108
108573.86499999999,108813.285,109056.695,108363.06,21327
108813.225,108713.305,108924.805,108589.765,17251
108713.52,108571.76000000001,108791.985,108174.78,24391
108571.755,107991.97,108571.755,107986.16,24697
107991.72,108445.63,108726.73000000001,107825.605,23359
108445.66500000001,108072.38,108452.27,108041.69,16819
108072.56,106841.93,108383.295,106841.93,31369
106842.62,106736.3,106877.255,106286.715,39458
106736.48999999999,106502.185,106791.535,106319.22,26318
106499.745,106580.435,106753.36499999999,106307.89,20700
106580.22,106681.54000000001,106732.28,106277.48499999999,24279
106680.975,106966.35,107051.81,106527.86,22759
106966.365,107037.655,107167.52,106936.23,17890
107037.59,107169.41500000001,107246.26000000001,107015.18,19002
107169.315,107002.735,107185.54000000001,106821.685,15968
107002.615,106861.685,107088.47,106633.055,18710
106861.56,106857.015,106880.0,106608.025,16870
106856.98,106953.25,107081.51000000001,106768.22,19927
106953.29,106971.285,107171.32,106834.67499999999,20219
106970.47,106776.065,107204.25,106457.35500000001,24218
106777.065,106693.48,106995.155,106640.955,18221
106693.61,106758.97,106965.83499999999,106561.87,17510
106759.03,106588.025,106836.705,106514.125,17543
106586.65,106381.9,106733.20000000001,106093.94,22286
106381.95999999999,105957.79999999999,106495.25,105744.01000000001,26722
105958.11499999999,106458.485,106467.305,105910.255,23604
106458.36,106512.04000000001,106699.235,106377.54000000001,20391
106512.35500000001,106544.0,106603.89,106332.37,18999
106544.44,106021.07,106549.35,105999.28,19365
106020.88,105576.88500000001,106027.54000000001,105249.54999999999,35876
105577.07,104706.905,105579.95000000001,104575.365,36824
104706.755,104100.48999999999,104711.57,104014.055,43888
104100.43,104095.875,104603.65,103903.725,32887
104096.375,103989.5,104138.16500000001,103798.455,23753
103989.08,103835.26000000001,104112.35500000001,103197.88,35667
103835.31,104507.41500000001,104834.375,103828.815,34588
104507.375,104543.19,104613.20000000001,104319.13,22738
104543.14,104516.48999999999,104694.965,104425.445,19741
104516.36,104173.57,104540.17000000001,104144.67499999999,17959
104173.38,104241.945,104249.055,104002.45,20245
104241.63500000001,103814.98,104241.76000000001,103720.375,19308
103814.73,104653.66,104658.36499999999,103800.3,18994
105327.9,105391.0,105474.4,105210.85,20758
105391.19,105123.22,105443.635,105075.38,26037
105123.38,103736.01000000001,105124.13,103673.87,60264
103735.56,104421.815,104623.70999999999,103723.98999999999,28752
104421.69,104297.04500000001,104428.53,103901.51999999999,23107
104297.26000000001,104259.39,104421.02,104066.745,22209
104259.52,103548.295,104343.72,103360.07,33347
103548.345,104443.22,104506.14,103469.025,28329
104443.155,103089.70999999999,104452.51000000001,102924.31,34000
103089.775,103033.2,103440.025,102970.68,26213
103033.325,103131.53,103151.63500000001,102444.55,30502
103131.20499999999,102788.09,103301.41,102774.35,19888
102788.025,103076.255,103226.905,102444.745,26125
103076.38,103132.275,103208.385,102814.09,20511
103132.58499999999,102468.555,103135.53,102466.84,22310
102468.68,102581.7,102748.67499999999,102210.29000000001,24044
102581.15,102703.36,102766.88,102328.98,23723
102704.485,102378.66,102883.37,102233.22,23822
102378.53,101943.61499999999,102542.845,101722.78,33265
101944.865,101826.14000000001,102141.985,101736.85,22238
101825.76500000001,102163.805,102221.07,101717.195,28834
102164.18,102393.92,102504.75,102135.595,28710
102394.105,102296.54999999999,102619.04000000001,102230.865,16716
102296.295,102390.315,102496.61,102200.06,21054
102390.165,102719.95999999999,102911.225,102340.38,18628
102719.65,102729.35,102806.205,102555.365,14871
102729.04000000001,102704.70000000001,102872.185,102512.54000000001,14604
102704.51500000001,102454.725,102865.18,102389.475,15477
102454.1,102654.295,102855.875,102450.0,14786
102654.485,102347.45999999999,102822.05,102241.845,20567
102347.895,102487.39,102586.09,102034.06,20187
102487.34,103123.55,103229.965,102485.45999999999,23901
103121.95000000001,102789.535,103289.775,102789.165,21486
102789.665,101633.405,103518.62,101307.62,50622
101633.615,101650.195,102152.73000000001,101170.745,40363
101650.16,101837.93,102318.48,101647.305,27332
101837.87,101752.295,101875.93,101554.08,28141
101752.855,102186.53,102214.23000000001,101728.35,25960
102186.345,102367.81,102407.925,101980.91,22372
102367.875,102043.75,102567.635,102004.56,21945
102044.505,102979.655,103071.45,102033.67,26320
102979.8,103102.765,103182.61,102923.005,22578
103102.575,102728.355,103119.69,102647.48000000001,22210
102728.265,102621.995,103241.57999999999,102529.495,21040
102621.685,102021.88500000001,102698.405,101725.315,24575
102021.88500000001,102077.54000000001,102284.98999999999,101884.065,21738
102077.63500000001,101925.025,102380.375,101696.57500000001,23098
101925.15,101854.02,102004.38500000001,101714.35,18591
101666.57,101360.36499999999,101799.055,101322.325,12592
101360.315,100450.875,101463.275,100238.9,25683
100450.76999999999,99348.16,100451.755,98995.235,65755
99348.47,98671.85,99360.88,98297.195,45160
98671.41,98549.045,98792.505,98054.605,38810
98549.065,98557.70499999999,98875.755,98392.195,29238
98557.14499999999,98234.21,98765.28,98075.275,38305
98233.715,97910.815,98493.345,97811.8,38909
97910.8,98206.19,98286.17,97841.81,28356
98206.435,98190.20499999999,98580.26500000001,98093.935,25095
98190.08,98322.545,98423.01000000001,98149.25,21958
98322.41500000001,98376.81,98521.34,98196.35500000001,18143
98376.875,97831.74,98378.45,97716.26999999999,21100
97831.735,97986.855,98000.925,97682.14499999999,14737
97986.725,98388.65,98400.67,97914.065,14521
98388.53,98326.29000000001,98507.84,98197.31,15951
98326.60500000001,98593.02,98631.745,98218.26000000001,16064
98592.83499999999,98199.265,98685.805,98197.51999999999,17982
98199.45999999999,97995.56,98210.07,97772.54000000001,25164
97995.66,97557.565,98168.845,97444.35,27489
97557.07,96318.38,97613.85,96314.695,46022
96318.565,96712.845,96808.62,96215.79000000001,34459
96713.275,96518.39,96891.43,96373.86499999999,32141
96517.89,96787.3,96870.725,96508.13,24004
96786.675,96568.69,96953.605,96498.775,20737
96568.57,95641.01000000001,96568.995,95625.15,40085
95641.51000000001,96170.70499999999,96306.03,95640.10500000001,24529
96170.58,95904.965,96412.985,95859.715,25510
95904.535,96709.51999999999,96850.78,95854.075,25237
96709.89499999999,96666.515,96959.465,96616.20999999999,24688
96665.89,97078.95000000001,97328.97,96634.2,26759
97079.695,97131.055,97344.5,96938.62,24305
97130.73999999999,97097.14,97456.725,96940.5,57710
97097.265,96613.015,97733.435,96586.73999999999,39761
96613.01999999999,96745.295,97288.735,96287.64499999999,39317
96745.79000000001,97391.11499999999,97460.995,96742.65,28067
97390.955,97715.69,97834.35,97365.295,28275
97714.59,97371.265,97859.89,97277.075,23111
97371.39,97948.285,98122.89,97289.43,27406
97948.41,97844.98,98237.54999999999,97791.68,22921
97844.61,97255.195,97933.885,97161.205,23678
97255.38500000001,97437.14,97578.29000000001,97204.41500000001,17488
97437.33,96955.59,97470.29000000001,96888.85,19662
96955.965,96345.43,97006.11,96314.79999999999,22343
96345.56,94789.055,96347.10500000001,94683.97,47354
94789.11499999999,94815.075,95364.29500000001,94304.235,46475
94816.08,95276.465,95324.445,94591.47,28818
95276.775,95292.405,95521.96,94798.355,32349
95062.045,95435.58499999999,95622.695,95050.225,21351
95436.89499999999,94844.33499999999,95437.32999999999,94844.27,27013
94844.535,95334.925,95337.38,94478.895,44105
95334.975,94948.88500000001,95436.92499999999,94795.68,23009
94949.515,94867.995,95365.32500000001,94819.855,28489
94868.01,94589.525,95160.375,94385.1,31167
94589.4,94769.965,94925.41,94181.365,38412
94769.905,94978.005,95126.73000000001,94766.235,29908
94977.88500000001,95034.82,95307.36,94895.82999999999,26070
95034.7,95218.275,95338.19,95025.845,18689
95218.52,95778.985,95923.64,95216.73999999999,26991
95778.92499999999,95977.615,96111.775,95771.28,18606
95977.305,95694.24,96065.29999999999,95655.47,19870
95694.6,95539.125,95788.31,95485.73999999999,18410
95539.075,95833.995,95967.13,95526.235,14478
95833.81,95622.18,95849.06,95377.36499999999,16125
95622.055,96028.695,96052.56,95512.695,17500
96028.63500000001,96143.04000000001,96498.86499999999,95903.055,20186
96141.6,95950.735,96215.445,95874.73000000001,14957
95950.83499999999,96429.14,96429.14,95911.55,16316
96429.265,96222.76000000001,96551.6,96113.0,21951
96222.7,97217.79000000001,97357.515,96147.035,39323
97217.735,97315.3,97526.29000000001,96879.64499999999,32557
97315.32,97624.11499999999,97841.45999999999,97266.59,38528
97624.055,97711.305,97787.355,97508.01000000001,23806
97711.555,97333.59,97715.73000000001,97264.36,27065
97333.61499999999,97024.525,97356.16,97018.68,22223
97024.715,97291.55,97453.325,96906.695,19583
97291.38,97397.79000000001,97479.39,97158.41,12302
97397.53,97874.435,97912.83,97373.18,19639
97874.185,99020.095,99276.555,97208.79000000001,42054
99020.73000000001,93642.435,99041.02,92176.725,93534
93642.225,92959.52,94248.455,92854.05,66580
92959.455,94573.72,94730.16,92572.62,105308
94574.03,94261.715,94975.475,93977.93,35257
94261.655,96413.285,96788.935,94185.555,51490
96413.225,96026.86,96970.365,96008.96,39277
96026.92499999999,95947.785,96208.87,95574.42499999999,34955
95948.03,95817.555,96001.66,95048.6,40690
95817.61499999999,96895.0,96902.9,95768.015,36990
96895.06,98183.935,98616.545,96805.87,55477
98183.75,98472.7,98688.88,97842.6,39600
98472.51,97945.23000000001,98496.51,97553.62,43219
97945.35500000001,98265.75,98327.01000000001,97730.67499999999,32459
98268.89499999999,97871.72,98397.84,97806.745,31052
97869.785,97291.145,97889.655,97205.935,30957
97291.205,97246.355,97589.835,97103.75,25700
97246.255,97330.73999999999,97470.015,97211.205,17017
97331.62,98052.25,98054.03,97328.485,18791
98053.75,98559.29000000001,98670.875,97947.04999999999,45130
98559.16500000001,98634.15,98972.325,98239.315,39975
98633.9,98192.905,98800.475,97995.94,23225
98193.34,99633.01,100441.595,98181.03,50709
99632.79999999999,100394.89,100530.115,99632.79999999999,40488
100394.955,99961.70499999999,100917.57500000001,99952.625,36086
99962.27,100309.875,100523.33499999999,99962.06,31974
100309.44,100380.6,101112.82500000001,100087.59,32751
100380.75,100257.38,100394.1,100011.18,22423
100257.695,99978.71,100313.045,99889.145,20151
99978.435,100028.285,100424.04999999999,99789.98,22445
100028.66,100377.425,100603.54000000001,100010.78,24293
100377.42000000001,100076.13500000001,100429.975,99975.93,20230
100077.07,99758.015,100273.235,99620.345,23061
99757.57,99506.12,99920.76,99421.285,21802
99506.305,99884.735,99893.53,99471.89,20705
99884.38,99624.525,100160.155,99439.88500000001,20780
99624.01999999999,99092.195,99709.195,99089.65,23065
99092.755,99258.79999999999,99457.34,98764.05,28230
99253.28,98972.37,99357.995,98689.44,28737
98972.43,98866.23999999999,99145.75,98666.785,23824
98866.55,98635.69,99131.285,98552.04999999999,27913
98635.37,97754.345,98662.72,97666.35,40076
97754.72,97595.935,97785.47,97501.08499999999,24605
97596.0,98033.815,98036.875,97181.11499999999,29230
98033.995,97847.18,98113.28,97680.805,24009
97847.37,97960.91,98250.12,97642.57500000001,29657
97961.16,97261.92000000001,98061.105,97217.09,30054
97261.42000000001,97508.26000000001,97701.04999999999,96957.595,33746
97508.13500000001,97354.175,97817.715,97235.4,31547
97354.275,97919.785,98176.86,97058.99,43375
97919.85,97409.18,98080.39,97359.525,62186
97408.265,97692.43,97996.41500000001,97056.715,39055
97692.43,97543.145,97692.84,97225.995,29581
97543.025,98540.85999999999,98774.53,97239.2,35343
98540.67,99938.98999999999,100126.27,98538.78,47374
99939.175,101746.765,102090.725,99580.815,55107
101745.015,101215.4,102284.95999999999,101186.75,48410
101215.34,101453.005,101761.14,101068.6,39691
101452.88,103891.705,103894.26000000001,101241.52,50747
103891.82500000001,105420.405,105558.985,103700.015,55494
105420.465,105463.1,105838.20999999999,104991.64,48506
105463.625,105362.11,105517.145,105113.165,25398
105362.305,105889.03,105889.905,104911.04000000001,30120
105888.61,105088.745,106412.01999999999,105027.295,36903
105089.56,105363.545,105488.45,104800.35,28556
105363.495,105264.295,105668.26000000001,105017.67,20107
105418.51999999999,104659.63500000001,105420.41500000001,104659.63,14656
104659.53,104313.53,104906.06,104213.67,21952
104313.405,104388.64499999999,104592.76500000001,104290.695,24393
104387.65,104729.565,104989.875,104386.475,21231
104729.505,105061.79999999999,105116.205,104649.64,18242
105062.43,105338.57999999999,105497.345,104980.60500000001,18583
105338.08499999999,104623.97,105410.795,104508.875,26651
104623.905,104509.195,104887.965,104440.14,24227
104509.375,105069.83499999999,105092.81,104508.525,20466
105068.83,106786.04,106814.03,105055.515,29775
106785.975,106657.55,107644.56,106530.4,41736
106657.615,105762.285,106742.12,105468.965,34229
105762.35,105755.98,106051.28,105460.25,23091
105756.045,106165.13500000001,106277.63500000001,105653.72,19559
106165.195,106829.23999999999,106829.265,106015.08499999999,25807
106829.435,105639.455,106862.615,105425.4,27137
105638.60500000001,105777.605,105844.025,105526.64,18437
105776.61,106462.705,106485.67499999999,105392.25,26272
106462.515,106292.48999999999,106516.33499999999,105955.275,21449
106292.3,105609.57,106335.71,105539.08499999999,23004
105609.695,106979.11,107054.815,105352.805,41959
106979.045,106720.37,107118.28,106470.745,31823
106720.435,106769.17499999999,106952.82999999999,106100.945,29470
106769.79500000001,106481.545,107337.27,106479.445,39123
106482.235,107966.44,108167.485,106468.97,43212
107968.065,107273.965,108040.31,107033.89,31402
107273.9,107239.965,107515.26,106978.565,26441
107240.1,107249.87,107309.375,106873.70499999999,21644
107249.68,107336.61,107709.44,106805.72,32090
107336.67,106469.69,107404.785,106459.515,26568
106469.75,107037.57,107170.19,106412.965,28791
107037.075,107656.975,108136.655,106291.235,61070
107657.04000000001,107525.79999999999,108068.28,107182.89499999999,41420
107525.735,107207.87,107970.78,106834.81,37984
107206.025,108176.255,108211.66,107204.89499999999,39311
108176.98999999999,107588.45000000001,108240.995,107366.14,31346
107587.95000000001,107455.57,108117.35,107447.38,28928
107455.63,106955.85,107614.985,106929.6,30820
106955.79000000001,106074.265,107213.04000000001,105778.395,41354
106075.48999999999,106358.32,106477.84,105936.56,31673
106358.0,107311.79999999999,107772.29000000001,106294.20999999999,33370
107311.675,106803.48999999999,107442.095,106722.845,27528
106803.61499999999,107224.5,107360.22,106745.14,22152
107224.5,109067.725,109096.39499999999,107200.625,37731
109067.155,108691.43,109186.205,108628.96,33061
108691.555,109936.29000000001,110086.5,108629.54000000001,44409
109937.25,110497.14000000001,111072.965,109645.10999999999,38324
110497.235,109097.765,110561.63500000001,108867.685,40704
109097.755,108911.305,109594.43,108254.8,24872
108912.08,109343.235,109400.72,108786.34,20933
109343.225,108697.37,109471.855,108539.89499999999,27250
108697.495,108854.155,108976.67,108497.5,24787
108854.14499999999,107809.785,108999.56,107776.89499999999,45219
107809.41,107737.205,108080.125,107407.95999999999,26185
107737.145,107460.03,107984.795,107243.86,22142
107459.91500000001,106463.04999999999,107476.51000000001,106463.04999999999,24029
106461.73999999999,107167.16500000001,107190.325,106268.8,21281
107167.285,106947.395,107195.53,106673.995,13549
106945.82999999999,106590.45999999999,107128.525,106246.62,18160
106590.20999999999,106997.09,107050.545,106589.94,13187
106998.09,107284.13500000001,107315.76999999999,106851.16,18853
107283.825,107165.07,107305.35,106977.725,18083
107165.18,106757.155,107226.38500000001,106526.985,20864
106756.94,107279.595,107329.64,106732.45999999999,16423
107279.56,107116.64,107345.56,107023.815,14291
107116.785,106159.79000000001,107150.86,106088.72,23328
106160.38500000001,105771.03,106408.805,105648.705,30562
105770.84,105652.23999999999,105865.93,105280.04000000001,29960
105652.425,106012.39,106107.35,105565.1,23095
106011.765,105563.595,106037.355,105250.995,28785
105563.535,106000.23000000001,106077.79000000001,105515.57,25097
105999.975,105822.2,106219.73999999999,105589.20499999999,24090
105822.39,105852.815,106039.975,105629.905,15294
105852.48499999999,105882.04000000001,106117.98,105720.565,15728
105883.26000000001,106262.0,106283.245,105807.57,14335
106261.86499999999,105969.925,106385.405,105597.95999999999,15624
105970.01000000001,106369.48999999999,106378.205,105867.11,14656
106368.65,105964.95999999999,106476.055,105920.605,15770
105964.91,106265.805,106360.54500000001,105870.66,12790
106265.79999999999,107074.675,107362.11,106174.2,15345
107075.1,107973.235,108314.6,106960.685,18430
107973.35500000001,108325.715,108432.825,107802.89499999999,18194
108325.63500000001,108536.86499999999,108720.355,108189.65,18544
108534.65,108811.23000000001,108974.63,108159.16500000001,16754
108811.645,109906.41,109987.4,108805.1,19463
109906.36,110551.625,110612.485,109641.20999999999,19615
110551.63500000001,114985.285,118579.25,110445.805,92903
114985.35,116035.515,116309.585,114533.35,80918
116036.45499999999,115931.1,116518.245,115568.905,74952
115931.08499999999,114111.775,116215.68,114036.055,45618
114111.83499999999,114625.66500000001,114991.995,114002.36,44742
114625.525,114653.01000000001,114728.13500000001,114002.705,34131
114652.89,115330.19,115865.425,114607.75,40061
115330.59,114479.16,115472.97,114205.985,36904
114478.41,113327.575,114861.275,112965.22,46819
113327.76,115150.965,115150.965,113325.29000000001,42020
114891.025,115999.16500000001,116017.18,114499.725,24489
115999.29000000001,115049.01999999999,116037.725,114841.08499999999,32562
115049.015,115448.42,115504.34,114696.435,38123
115446.8,115855.245,115938.195,114884.51999999999,35521
115855.495,115183.025,115939.455,114975.625,31991
115182.785,115646.4,115861.455,115135.275,29813
115646.335,116139.54000000001,117454.83499999999,115637.70000000001,53423
116139.60500000001,116254.695,116560.54999999999,115700.87,32143
116255.12,114609.82500000001,116548.17,114368.62,40369
114609.85,114640.285,114670.67,113930.39,32490
114640.155,115050.305,115126.575,114489.63,22030
115050.37,114927.515,115308.94,114664.82,21164
114927.45,116391.34,116525.275,114902.6,34415
116392.715,115816.89499999999,116648.115,115683.405,29417
115817.01999999999,116013.95499999999,116668.25,115747.01999999999,26709
116013.82,115648.79000000001,116115.855,115493.445,30136
115648.785,116322.4,116492.12,115624.41500000001,29040
116322.025,115836.55,116335.435,115747.14,30369
115838.17499999999,116409.11,116658.93,115788.99,32744
116409.61,117638.32,117699.5,116220.57,51641
117637.945,116979.12,117699.715,116801.86,37096
116978.9,116545.575,117267.84,116492.68,28082
116544.70499999999,116163.70000000001,116985.42499999999,116094.57,35131
116163.51000000001,116758.805,116820.08499999999,115994.53,28326
116759.23,115828.6,117318.29000000001,115824.435,43522
115828.475,115939.755,116214.305,115771.48999999999,33620
115939.795,115293.22,116006.41500000001,114675.6,46933
115293.725,116022.06,116056.98000000001,115211.93,29780
116021.875,116257.11499999999,116584.685,115843.38500000001,29298
116257.055,116425.695,116538.85999999999,115370.87,36097
116425.76000000001,116353.41500000001,116652.86,116045.535,36683
116353.195,115822.07,116561.685,115561.025,35218
115822.13,115900.19,116263.68,114127.92,65204
115900.17000000001,114519.92,116068.04500000001,114518.16,48226
114519.98499999999,115234.275,115588.315,114468.83,42109
115234.15,115343.5,115815.13,115141.67,38781
115343.605,115692.04999999999,115843.79500000001,115140.3,34656
115692.54999999999,115401.17,115692.54999999999,114959.07,38834
115400.17499999999,114534.48999999999,115696.285,114497.7,47186
114534.47,115062.15,115229.785,114505.48999999999,32625
115062.09,116804.95999999999,117494.42,115019.03,54018
116805.025,113633.405,117106.01000000001,113170.255,62940
113632.9,114295.41500000001,114715.875,113428.61499999999,60610
114295.225,114327.73999999999,114883.815,114245.175,36568
114328.17499999999,114875.32,115006.54,114175.49,35263
114875.45000000001,115233.85500000001,115535.92499999999,114873.63,34697
115142.81,116022.68,116091.535,114994.715,24151
116022.555,116187.065,116335.26999999999,115614.35,25737
116186.755,115662.86499999999,116820.73999999999,115227.695,42306
115662.65,115998.275,116194.81,115594.015,31222
115998.315,114855.265,116034.44,114690.185,37295
114856.655,114201.54000000001,115060.04000000001,113985.61,43211
114201.295,115273.60500000001,115572.36,114048.56,48765
115273.66500000001,115032.065,115595.565,114670.805,39881
115031.565,116167.64,116319.125,115029.075,45815
116166.45499999999,116297.16,116495.07,115852.14,40369
116297.16500000001,116820.755,116953.16500000001,116234.37,40019
116820.76000000001,119472.375,119828.59,116769.44,66590
119472.39499999999,119624.915,119907.27,118388.005,61083
119625.04,119002.59,119695.985,118792.215,41146
119002.16,118917.725,119052.56,118152.845,43152
118917.225,119372.07,119373.78,118674.48999999999,32161
119372.285,121123.805,121423.845,119300.825,61258
121124.055,121536.61,121771.86,120802.91500000001,73731
121536.67,121572.815,121924.225,120960.13,57288
121572.69,122909.14,123484.505,121554.445,76506
122908.195,123168.78,123904.995,122366.16,63836
123167.715,123540.875,123892.5,122758.75,51805
123540.97,123713.36,125366.265,123293.985,83851
123713.36499999999,124029.645,124041.36499999999,123091.08,53182
124029.54000000001,124667.14499999999,124680.445,123652.70999999999,52360
124667.15,124506.8,124795.43,124062.42,40792
124506.73999999999,125318.08,125350.23999999999,123673.645,48070
125318.265,124431.155,125922.11,124192.19,54143
124431.01999999999,125225.025,125342.315,124311.375,45697
125224.965,123964.995,125303.45999999999,123051.655,66624
123964.255,122933.34,124086.98,122227.78,63012
122933.27,124566.61499999999,124594.175,122797.025,61191
124566.61,124504.465,124731.33,124049.555,45368
124504.675,123802.83499999999,125069.11,123537.32,54264
123802.33499999999,123441.67000000001,124096.7,122965.13,53027
123444.825,124453.83499999999,124552.405,123414.85999999999,41890
124453.77,124043.33,124575.04999999999,123947.905,33789
124042.41,127101.81,127451.475,123950.155,59742
127100.875,125550.025,127509.225,125321.36,83149
125550.27,124813.35500000001,126085.47,124504.355,60549
124813.47,124354.465,124883.76999999999,123609.255,54326
124354.81,122757.17499999999,124558.1,122546.59,66302
122758.92499999999,123239.19,123645.94,122395.03,55956
123236.94,122945.65,123751.61499999999,122878.58,48036
122944.865,122681.305,123136.53,121266.04000000001,67768
122681.29999999999,122503.75,122786.93,121069.26000000001,60005
122505.09,122655.655,122887.995,121827.405,43860
122656.03,122314.17000000001,123238.53,122147.705,44412
122291.765,123515.225,123599.255,122129.195,30108
123515.29000000001,123402.79999999999,123920.67,123174.825,31321
123402.795,123465.995,124528.53,123207.97,53566
123466.01500000001,125264.475,125646.825,123249.565,56419
125264.405,128188.155,129204.67000000001,125185.185,82541
128188.055,129782.525,130730.44,127970.53,76621
129784.525,129589.91,132795.63,128249.875,107393
129590.035,128307.18,130104.64499999999,127044.255,90138
128306.97,127932.29500000001,128704.185,126851.08,72172
127932.485,126066.82500000001,128052.01000000001,126016.1,65677
126067.035,126091.63500000001,126151.39,124968.625,65964
126091.575,125835.805,126257.235,125492.20999999999,47486
125837.16500000001,126920.975,127249.26999999999,125298.785,50554
126921.18,124965.005,127272.67,124717.03,52873
124964.945,124986.055,125262.72,123418.935,62877
124986.525,125308.645,125545.10500000001,124591.76999999999,42813
125308.145,126182.275,126543.295,124892.93,48519
126182.57,126021.78,126828.875,125890.52,42112
126021.595,126583.93,126678.58499999999,125275.725,45918
126584.03,125039.37,126858.955,123873.18,72104
125039.35500000001,124834.45000000001,125697.785,124810.525,54994
124834.39000000001,124597.125,125137.79999999999,124281.57500000001,49875
124596.985,125030.83,125523.655,124227.9,53545
125030.89499999999,126197.70000000001,126291.64499999999,124998.315,51476
126198.39,126144.54999999999,126260.43,125413.07,45773
126144.61499999999,126122.655,126455.18,125515.135,45655
126122.595,125715.37,126174.725,125319.53,43560
125717.19,126786.805,127419.225,125492.935,55353
126786.745,128081.395,128195.485,126532.675,49415
128079.70499999999,126778.69,128103.53,126290.97,68087
126778.75,126913.48000000001,127593.83,126751.62,56382
126913.04,128301.045,128449.51000000001,126781.82,61487
128300.985,128974.575,129196.13,127677.83499999999,119550
128974.51000000001,128338.75,129480.09,126921.465,64209
128339.63,127456.75,128355.72,126470.62,58681
127457.315,128151.805,128227.38500000001,126577.72,62659
128153.48999999999,126941.70000000001,128428.565,125485.92,95062
126942.7,128388.535,128603.79500000001,126289.43,102348
128388.47,130544.56,130693.76499999998,128071.13500000001,97625
130544.75,129912.98999999999,131411.465,129386.375,83768
129912.805,129569.98999999999,129964.78,128759.88500000001,64939
129569.845,130789.905,131176.53999999998,129549.18,67115
130789.845,130148.04999999999,130903.13,129647.06,68212
130148.60500000001,130641.625,130976.18,129857.36,63192
130641.565,131074.535,131897.505,130319.07,74447
131078.26499999998,130015.79000000001,131145.9,129858.70000000001,59254
130016.91500000001,129774.345,130239.575,129137.72,60086
129774.54500000001,129896.89,130057.94,129200.01000000001,42199
129926.01999999999,130896.0,131751.31,129672.935,40088
130896.20999999999,131300.185,131935.775,130894.615,73597
131299.935,130377.205,131496.935,130118.70000000001,60469
130377.265,130449.92000000001,130537.23999999999,129791.03,43397
130450.23499999999,129673.58499999999,131402.65,129582.66500000001,66723
129673.65,129144.3,129954.17,128088.89,62328
129144.60500000001,128454.525,129295.765,127741.595,63959
128454.59,127428.225,128562.345,126844.98999999999,64662
127426.79000000001,128496.125,128609.075,127096.585,47006
128495.225,128815.94,129391.525,128416.18,42622
128816.0,129008.1,129266.07,128549.59,36889
129008.6,129318.08499999999,129730.66500000001,128998.56,39625
129317.57999999999,130405.625,130458.27,129003.14499999999,44964
130406.56,130377.445,130838.53,130065.32500000001,39787
130377.55,129871.38500000001,130876.17000000001,129817.13,38782
129870.82,130310.94,130442.22499999999,129769.66,33925
130311.13,130418.215,130580.0,129985.58499999999,33882
130418.34,130834.63,131235.105,130220.105,40216
130834.62,131494.0,131588.89500000002,130787.235,45253
131496.125,131430.635,131787.005,130950.065,45836
131430.05,130732.305,131596.14,130491.34,57327
130732.14000000001,128541.20999999999,130875.45999999999,128527.595,56441
128540.73999999999,129251.24,129345.1,128370.12,52041
129251.3,128270.23000000001,129254.57500000001,127963.08,51112
128269.12,129549.59,129621.655,127913.945,53434
129549.27,129629.89,129961.11499999999,129521.445,39498
129629.445,132362.88,133139.20500000002,129449.465,67310
132360.38,132004.47,132757.74,131081.625,77307
132005.22,131815.75,133299.835,131722.875,64490
131815.60499999998,132616.58000000002,132805.545,131414.945,58113
132616.33000000002,132438.89,133455.095,132414.645,74097
132438.76,132708.595,133056.575,131325.76,73655
132708.615,133180.53,133583.725,132583.32,54293
133184.755,132082.75,134206.79,132014.915,74319
132083.56,133492.33000000002,133529.15,131831.225,53100
133493.27000000002,133974.535,133977.76,132960.45500000002,61976
133974.595,133734.78,133976.29499999998,133010.39,59347
133734.805,133357.2,134003.525,132965.825,55481
133357.195,131326.34,133433.91,131141.705,63620
131326.155,130363.25,131695.485,129436.51,82587
130363.125,130086.22,130629.315,128822.73999999999,67721
130086.345,129308.955,130703.41500000001,129262.565,52250
129309.205,131039.57,131319.56,129293.455,51967
131039.38,130553.26999999999,131284.20500000002,130089.955,43423
130553.20499999999,130380.51000000001,131579.485,130146.85,49710
130379.82,129817.005,130429.395,129497.41500000001,42107
129809.025,125505.265,130435.04500000001,124932.195,98830
125506.14,127029.23000000001,127749.25,125269.63,83026
127295.855,127588.82500000001,128121.62,127098.19,38570
127588.765,129135.785,130358.82999999999,127296.6,58788
129135.91,128980.55,129284.47,128564.57,49339
128980.735,127540.645,129207.67,127537.38,58469
127541.11,126764.175,127653.85,126163.955,61603
126765.37,127228.225,128151.67,126717.395,58234
127229.725,127678.57999999999,128372.23,127079.84,56141
127678.32,127622.73999999999,127725.18,126677.88,51780
127622.61499999999,127902.0,129145.23000000001,127515.525,54728
127901.94,127574.3,128511.58499999999,127222.31,39892
127574.11,126504.76500000001,128151.76999999999,126392.195,39467
126504.51500000001,124258.265,126978.535,124230.195,81010
124258.20999999999,124351.73499999999,125123.62,123924.705,63626
124351.48499999999,124435.255,124943.485,124112.265,45737
124434.755,123734.48999999999,124862.09,123003.695,64547
123734.485,124579.42000000001,124902.12,123659.625,53162
124579.28,124651.39499999999,125042.66500000001,124464.14,35879
124652.07999999999,125052.94,125363.005,124380.045,48169
125045.44,124551.51,125205.845,124533.725,37148
124551.43,123901.8,124692.865,123688.775,46277
123901.86,125296.86499999999,125606.62,123819.595,58688
125297.11499999999,124770.945,125482.775,124717.185,42175
124771.51000000001,124582.27,125090.155,124382.38,44407
124582.015,124881.435,125078.325,124336.04500000001,49042
124882.11499999999,125989.44,126430.2,124846.095,46139
125989.63,126050.91,126340.475,125632.865,37607
126050.945,125941.70999999999,126484.18,125815.23999999999,40611
125941.64499999999,124980.04000000001,125980.07500000001,124951.57999999999,36254
124980.35,123936.695,125407.375,123446.965,59342
123936.73000000001,124264.15,124601.035,123844.26999999999,55823
124263.685,125405.45,125586.475,123999.11499999999,66076
125407.08,125594.20499999999,126211.32999999999,125116.525,57799
125593.89,125119.68,125639.865,124586.17,51962
125119.555,125446.475,125667.965,124347.53,61775
125446.38,124037.73499999999,125752.425,123793.68,61064
124038.23999999999,124790.33,124866.975,123444.225,58957
124789.88,125385.245,125509.85,124738.265,49472
125385.36499999999,125604.01999999999,125814.64499999999,125261.41500000001,40971
125603.805,129160.7,129202.525,125505.57,75942
129160.68,128829.215,129596.685,128205.015,63407
128829.275,127995.84,129459.065,127939.84,55246
127995.845,127488.46,128240.095,127107.26000000001,52193
127488.52,127960.95999999999,128355.89499999999,127398.685,39194
127960.955,128064.92,128174.825,127388.65,33944
128065.17,129108.26999999999,129820.815,128052.795,44977
129108.14499999999,130381.195,130423.32,128625.95000000001,43183
130381.45000000001,130642.035,131300.58,130202.275,54600
130642.03,130610.215,131839.53999999998,130459.85,46649
130518.91,131227.47999999998,131268.41999999998,130452.185,26565
131227.60499999998,130975.375,131231.66499999998,130513.195,36326
130975.34,129626.79000000001,131054.23999999999,129310.61,73360
129627.285,129920.33,130096.535,129459.46,35399
129920.325,130780.555,131006.695,129808.03,37515
130780.66,130172.33,130895.20999999999,129792.975,37622
130171.76999999999,130732.76000000001,130937.39,129698.96,42981
130732.675,131155.055,131589.95500000002,130679.075,41387
131154.865,130775.76000000001,131422.9,130464.035,35481
130775.82,130232.555,130923.635,129971.79000000001,39324
130232.705,129555.56,130390.34,129264.47,43459
129556.375,129295.265,129879.32,129208.57,33143
129295.32500000001,128849.64,129793.62,128763.36499999999,37350
128849.39,129121.13,129279.135,128595.56,37384
129121.195,129267.13,129563.725,129100.43,26269
129267.19,129545.045,129746.14499999999,128607.43,30505
129545.095,130109.48000000001,130261.125,128917.35500000001,38684
130109.525,130943.045,130969.19,130069.68,39302
130942.855,130822.28,131337.26,130655.055,37647
130822.9,131252.41499999998,131698.82,130790.6,39349
131252.91499999998,131853.425,132308.78,130913.605,42228
131853.61,131352.98,132150.45500000002,130447.19,53692
131353.05,132341.74,132350.855,130984.305,56451
132342.615,132672.655,132909.47499999998,131358.69999999998,48844
132673.72499999998,134184.28999999998,134363.85499999998,132622.675,63526
134184.16499999998,133550.185,134188.97,133365.315,42717
133550.125,133933.83500000002,134230.34,133470.61,32608
133933.52000000002,133164.37,134252.18,133129.825,32604
133165.81,133934.335,134022.945,133045.65999999997,33919
133934.27,134175.41,134238.77500000002,133566.33000000002,35559
134175.26,133751.31,134584.14500000002,133710.02000000002,40551
133751.805,133500.71,134043.775,133454.6,36414
133500.77,132910.09000000003,133850.69,132637.725,44056
132911.59,131778.775,133801.41,131701.185,59219
131777.84,131643.985,131973.695,130918.505,60330
131642.485,132740.555,132965.245,131594.225,54045
132740.615,130764.08499999999,132821.485,130715.83,56731
130764.49,129971.625,130768.45999999999,129633.255,60659
129971.56,130123.23000000001,130454.1,129382.005,64465
130123.425,130227.855,130443.12,129591.61499999999,58755
130227.985,129757.695,130916.26499999998,129408.63,58168
129757.63,129424.875,129852.64,128671.41500000001,56305
129423.975,129317.33499999999,129427.42499999999,128695.125,46014
129317.825,129758.38,129904.205,129227.84,36449
129758.38,130003.12,130090.28,129623.41500000001,40137
130003.37,126311.64499999999,130034.24,125862.535,77736
126307.04999999999,126606.565,126845.055,125895.17000000001,51118
126606.56,126305.16,126971.26000000001,125688.15,45083
126305.12,127090.61,127173.35500000001,126304.9,34709
127090.65,127192.895,127424.20999999999,127053.64,32671
127192.89,126764.25,127497.405,126605.54000000001,43239
126764.315,127403.32,127605.595,126762.11,27204
127403.41,127293.97,127675.305,126852.06,32561
127293.935,127018.28,127576.595,126825.715,29236
127018.18,127464.58,127512.18,126183.295,47196
127465.01000000001,127599.845,128032.955,127149.815,33214
127599.855,127940.045,128017.67000000001,127445.54000000001,27417
127940.54000000001,128030.33499999999,128382.72,127862.995,25360
128030.275,129136.70999999999,129148.605,127989.64,30246
129136.75,128861.695,129436.62,128720.73,31743
128861.715,129202.315,129228.33499999999,128697.685,23045
129202.32,129041.49,129636.10500000001,129000.61,28152
129038.725,128834.045,129229.45499999999,128640.065,21576
128834.065,130191.435,130804.435,128814.3,46150
130191.4,130350.25,130733.06,130030.225,30636
130350.625,129825.865,130368.955,129550.045,30949
129825.8,129821.45,129963.82999999999,129625.43,21742
129821.33,129795.36,130493.26500000001,129686.98,35159
129795.86499999999,129848.86499999999,130029.175,128944.2,42922
129848.36499999999,129485.51,129931.37,129118.5,26928
129485.45999999999,130112.155,130191.29000000001,129453.51000000001,34186
130111.455,127651.9,130111.45999999999,127552.31,40267
127652.20999999999,128503.265,128537.41,127474.65,21849
128503.35,128356.28,128652.485,128108.59,14131
128358.11499999999,128301.70999999999,128632.63500000001,128125.28,13332
128301.9,127072.18,128380.41500000001,126558.39,23687
127074.45999999999,126837.32,127167.64499999999,125928.185,21929
126837.37,125371.75,126854.08,125235.20999999999,22068
125371.685,125461.54000000001,125745.28,124274.91500000001,24436
125461.455,125538.07,125928.715,125323.07,17490
125537.94,125844.88,126122.01999999999,125442.26999999999,13222
125844.9,126318.58,126583.415,125693.975,13010
126318.79000000001,125658.89,126469.99,125640.44,13492
125659.52,125326.455,126087.555,124757.61499999999,14998
125326.58499999999,125465.155,126290.12,125279.655,18178
125465.205,125707.07,125998.435,125200.43,15522
125707.255,126077.505,126301.07,125490.055,31175
126077.29500000001,125380.10500000001,126181.065,125326.67000000001,34450
125380.17,124672.72,125708.70999999999,123876.57500000001,55017
124672.51999999999,124090.315,124693.95,123760.23999999999,54351
124090.325,124947.83499999999,124990.195,123267.435,51312
124947.83,123926.525,124956.185,123864.37,35485
123926.65,124211.95999999999,124556.91500000001,123410.70999999999,44499
124212.1,125146.37,125361.44,124170.485,32615
125147.805,125292.41500000001,125802.755,125006.63,35147
125292.355,125996.305,126095.345,125265.92,24734
126038.44,125956.06,126055.305,125659.725,15447
125959.425,125368.62,125983.32500000001,125322.65,22496
125368.615,126985.88,127097.0,125347.205,49900
126985.695,127288.62,127694.69,126955.52,47661
127286.43,127804.755,128030.845,127145.83499999999,37829
127804.82,127537.26000000001,128032.97,127332.92499999999,26911
127537.32500000001,128920.375,129294.05,127537.26500000001,42280
128920.435,128576.26999999999,129062.97,128467.75,17834
128575.89499999999,128513.35,128860.625,128331.89000000001,24068
128513.27,128272.25,128584.985,127645.59,35250
128269.65,128224.805,128338.0,127798.535,23377
128224.84,128600.65,128736.955,128067.755,24772
128600.83499999999,127845.125,128701.055,127633.505,22879
127845.06,127580.63,127966.5,127396.525,21006
127580.38500000001,127775.135,128030.58499999999,127286.62,25770
127775.57999999999,128282.725,128430.085,127774.35500000001,19447
128282.79,130518.465,130958.745,128230.20000000001,52132
130518.40000000001,131040.38,131385.41,130024.795,41427
131040.49,131908.365,131941.24,130867.5,35523
131908.61,131325.77000000002,131927.085,131144.78,24881
131323.46,131269.365,131973.865,131229.58500000002,24730
131269.16,131040.09,131483.19,130967.26000000001,23710
131039.875,130552.9,131206.245,130423.26,25547
130552.79000000001,130977.70499999999,131191.325,130356.55,29067
130978.70999999999,131285.64500000002,131539.735,130743.485,25360
131285.7,130606.6,131545.73,130568.695,28145
130608.535,130892.51999999999,131004.57499999998,130588.38,22707
130892.625,129765.70999999999,131016.48999999999,129453.045,39186
129765.715,132075.8,132504.47999999998,129709.39,47870
132077.295,131661.155,132526.695,131577.945,36646
131661.15,131574.035,132045.485,130958.44,36799
131573.71000000002,129357.025,131605.85,129189.645,48338
129356.775,129802.015,129812.62,129109.005,38555
129802.04999999999,129683.84,129837.595,129130.465,34390
129683.84,131716.24,131849.515,129268.435,62171
131712.74,131656.79499999998,131946.72499999998,131191.625,53083
131656.98,131961.335,132367.56,131485.32,42387
131961.20500000002,131948.41999999998,132004.84,131415.06,30115
131948.425,130329.68,132180.435,130249.205,48563
130329.465,130762.91500000001,131015.185,130170.67,31590
130762.42000000001,131675.72499999998,132067.715,130718.40000000001,38247
131675.875,131461.925,131680.12,130669.12,36125
131461.425,131318.86,131555.155,130999.04000000001,27324
131318.78,131112.255,131357.005,130710.015,27953
131112.395,131646.23,131738.28,130818.84,33530
131644.73500000002,131285.495,132054.74,131166.45,26698
132049.11,132274.11,132670.95,131557.125,23462
132274.185,132596.08500000002,132970.33000000002,132170.72499999998,28570
132595.96000000002,132681.84999999998,132953.1,132124.38,40078
132682.29499999998,131255.565,134930.925,130698.51999999999,69649
131256.685,131730.745,131769.95,130145.28,52700
131730.75,130701.625,131997.58000000002,130449.95,36080
130701.375,128685.10500000001,131476.69,128664.28,50283
128685.18,127936.775,128761.135,127765.94,50834
127936.59,127320.785,127955.435,127195.58499999999,41410
127320.845,126834.37,127527.5,126301.095,42379
126834.235,125850.995,126841.515,125433.575,49660
125852.29000000001,125282.36,125852.48,124862.005,49799
125282.17000000001,124840.13,125452.835,124404.02,41045
124839.94,124622.51500000001,125092.69,123949.955,37232
124622.01000000001,124658.11499999999,124827.95499999999,123757.36,36930
124657.9,125254.55,125329.015,124398.275,28854
125254.61,124826.415,125649.32,124813.37,33061
124826.39499999999,125675.105,125710.89,124742.41500000001,22423
125675.61,125262.88,125705.32999999999,125003.85,28261
125263.38,125032.515,125452.68,124640.8,27766
125030.14,125237.13,125669.39000000001,124787.16500000001,28754
125237.035,125223.925,125483.505,125050.025,22384
125223.985,124598.76999999999,125413.57500000001,124546.37,26547
124598.845,126186.315,126566.58,124569.905,39459
126186.32,125900.23499999999,126599.48000000001,125859.09,28215
125900.36499999999,126018.055,126315.725,125853.16,21087
126017.58,126575.795,126722.08,125821.62,23287
126575.845,126743.805,126933.92,126345.995,24984
126743.745,126194.47,127076.615,126004.195,31846
126194.72,126046.23,126507.66500000001,125998.215,29309
126046.38,125459.23999999999,126103.155,124866.805,40812
125459.73499999999,126023.77,126147.6,125234.725,29471
126023.83,125534.35,126126.05,124852.15,43212
125534.425,125185.25,125817.195,124258.9,56242
125184.89,124224.105,125347.32,123729.505,48729
124230.38,125260.58,125374.845,124065.97,42579
125262.075,124939.78,125654.695,124386.82,40495
124939.535,125335.18,125591.315,124938.16,34654
125334.305,125024.16500000001,125906.66,124914.54999999999,39514
125024.03,125443.815,125655.775,124655.825,36151
125443.655,125567.515,125904.655,125304.38,32351
125567.57999999999,124616.85,125636.655,124490.98999999999,31897
124616.91,124725.455,124940.97,124213.47,33128
124725.43,124438.29000000001,125281.39,124369.88500000001,32768
124438.5,121691.115,124538.465,121687.785,59236
121691.365,123516.68,123582.73999999999,120956.95999999999,57109
123516.95,125180.9,125826.67,123380.44,57772
125180.82500000001,125488.23999999999,126215.58499999999,124829.545,49875
125392.39,125300.51000000001,125565.91,125039.44,17743
125300.54500000001,124841.495,125564.3,124589.635,42873
124841.13,121984.33499999999,124861.945,121892.43,53841
121984.005,122679.63500000001,123294.7,121714.505,53797
122679.84,122144.845,122957.98499999999,121875.7,41782
122144.88500000001,119478.175,122363.33,119315.615,64716
119477.29000000001,118569.785,119998.71,118459.345,75307
118569.975,117652.055,118773.60500000001,117532.79999999999,55845
117651.745,118129.47,118501.43,117538.26999999999,38563
118129.72,118027.35,118397.63,117624.505,37515
118027.56,117954.6,118373.795,117729.78,28850
117954.535,117883.28,118231.905,117788.58499999999,28233
117883.03,118487.82500000001,118619.51000000001,116694.275,46103
118487.85,118761.54000000001,119024.66,118139.33499999999,36449
118763.04000000001,118870.24,119279.1,118537.72,31478
118870.45000000001,118583.515,118982.89,118366.77,25090
118583.205,118340.76000000001,118591.64,118060.72,26656
118340.945,118478.735,118797.78,118136.255,24554
118479.235,118345.57,118527.975,118132.67,24364
118346.07,117798.855,118354.08,117642.63,31667
117797.85,118092.26000000001,118112.875,117471.825,32541
118092.595,117208.45999999999,118120.245,117107.625,33899
117209.155,117420.86499999999,117505.955,116888.685,36589
117421.265,117442.39499999999,117847.455,117368.54000000001,30177
117442.45999999999,117783.305,117797.225,117397.945,27376
117783.12,117974.25,118231.34,117770.125,24703
117974.185,117684.38500000001,118233.16,117521.88500000001,24023
117684.26,117431.445,117812.715,117281.375,32135
117431.195,117541.81,117707.295,117274.97,32196
117541.68,117134.365,117756.0,116039.735,42437
117136.43,116864.51000000001,118081.065,116607.45,55373
116864.38,116177.43,116913.285,115625.70999999999,50465
116177.45999999999,115809.6,116260.29000000001,114874.60500000001,109280
115809.35500000001,115928.73999999999,116191.34,115481.31,44364
115929.24,115336.515,116457.05,115274.655,45181
115336.255,116162.93,116168.265,115036.015,38126
116162.5,114939.16,116261.065,114813.27,39838
114939.53,114535.70999999999,115194.92000000001,114341.295,51685
114535.58499999999,114955.08499999999,115045.835,114467.36499999999,35536
114953.20999999999,115654.045,115659.37,114931.275,30487
115653.86,116089.41,116509.565,115481.11499999999,43592
116089.015,115408.34,116183.61,115377.0,31273
115409.22,115539.86499999999,115971.23000000001,115362.25,32779
115539.89499999999,114976.765,115540.43,114678.36499999999,38246
114976.76000000001,114447.09,115247.2,114098.14,46164
114447.1,114799.205,114932.345,114195.025,41932
114799.08,115172.28,115816.78,114120.365,62998
115172.465,115760.355,115762.88,114969.715,28297
115974.85500000001,116011.33,117191.14499999999,115974.85500000001,32320
116011.225,115706.395,116012.20999999999,114919.85,45057
115706.455,117442.705,117543.755,115620.045,62995
117443.33,117734.92499999999,117872.85,117241.755,43941
117734.86,117905.285,118398.555,117491.24,35390
117905.225,120002.85500000001,120258.08499999999,117708.485,51938
120002.725,119862.79000000001,120506.33,119664.52,40512
119862.605,119548.57,119862.705,119139.215,28417
119548.585,119483.145,119798.39,119057.625,25865
119483.08499999999,118886.88,119527.225,118865.965,24678
118887.095,118550.985,119008.63,118519.12,29805
118550.485,119049.695,119133.85999999999,118320.56,25495
119050.07,118372.09,119102.29000000001,118365.53,24697
118371.95999999999,118077.185,118485.025,117849.0,23855
118078.185,118723.665,118758.62,118005.28,22183
118723.795,118813.275,119017.31,118574.415,25149
118811.255,119501.63,119751.835,118749.595,28785
119501.45999999999,120048.9,120367.63,119491.92000000001,32450
120048.95999999999,119593.07,120317.855,119554.87,27562
119593.575,120061.59,120102.185,119403.905,29137
120061.525,120554.38500000001,121224.39499999999,119971.86,38512
120554.265,120782.4,121045.82,120493.96,23885
120782.395,121122.825,121368.52,120744.63500000001,23083
121122.905,120578.57500000001,121264.03,120571.075,21089
120578.655,120472.82999999999,120681.89000000001,120250.045,27505
120472.62,120246.285,120513.745,120124.64,25835
120246.235,120614.935,120658.975,120015.85500000001,23350
120614.79999999999,120208.43,120725.73,120076.47,22603
120208.54000000001,120315.53,120443.435,120052.45,20110
120315.975,119774.755,120908.595,119516.51500000001,27421
119774.795,120153.47,120513.15,119379.66,33433
120153.6,121619.54500000001,121762.775,120021.775,35929
121619.55,120920.685,121668.78,120862.325,28282
120920.745,122413.66,122696.43,120768.66500000001,43211
122413.595,122194.67499999999,122575.39499999999,121991.16500000001,32428
122195.345,122320.225,122586.98,121813.995,29177
122320.205,121990.52,122578.85500000001,121877.89499999999,32208
121990.63,122300.12,122483.26000000001,121856.685,38926
122300.06,123963.245,124119.92499999999,122049.70499999999,47822
123962.81,121879.4,124169.06,121461.625,50663
121879.45999999999,123251.025,123251.025,121515.82999999999,51189
123252.03,122930.39499999999,123499.615,122829.905,49800
122929.89499999999,126841.315,128300.57,122921.37,80171
126841.815,129139.8,129839.535,125644.85,73491
129140.795,130670.285,131679.13,129140.795,74962
130669.79,129967.935,130697.61,129653.83499999999,56107
129968.93,130679.04000000001,130974.565,129820.075,51936
130678.9,130667.105,131419.155,130530.725,41034
130322.95,130826.16999999998,130993.655,130222.53,24203
130827.04999999999,130926.4,131635.065,130162.825,47712
130926.03,132549.29499999998,132572.635,130925.315,71165
132549.28,132302.1,132798.58000000002,131977.6,43081
132300.5,132483.79,132707.035,132145.125,27540
132483.68,133063.04,133429.63,132146.15500000003,37528
133063.02500000002,132029.8,133205.07,131926.20500000002,47903
132030.37,131878.9,132295.38,131585.21,40134
131879.52000000002,131489.47999999998,131956.58500000002,131322.68,33688
131489.485,131744.685,131866.44,131464.91999999998,27229
131744.735,131481.115,131779.785,131371.58000000002,22888
131480.93,134925.86,135957.165,131479.36000000002,62003
134925.365,134736.27,135372.01,134591.935,42898
134736.77,134217.685,134738.245,134006.485,30893
134217.745,134096.565,134624.16999999998,133771.985,27526
134096.69,133355.0,134141.43,133319.135,30088
133355.25,133505.83500000002,133552.205,133086.655,27002
133506.02500000002,134532.78499999997,134633.61,133505.87,31572
134532.66,133999.14500000002,134675.47999999998,133758.28499999997,29801
133999.27000000002,133838.29499999998,134366.2,133370.09999999998,33438
133838.335,133258.31,133890.81,133011.935,39013
133258.065,132321.825,133270.15,132069.21000000002,39358
132319.855,132730.11,132835.62,132062.785,37435
132730.265,133016.91,133149.475,132296.285,41477
133016.1,132060.58000000002,133348.84,131747.89500000002,44742
132060.515,132649.715,132680.31,131957.25,33620
132649.68,133014.79499999998,133340.27000000002,132531.375,34793
133014.58000000002,132702.55,133567.065,132603.815,35851
132702.615,133159.34,133161.91999999998,132642.95,31136
133159.4,133976.425,134052.625,132748.575,38686
133976.8,133257.805,134156.3,132261.065,46778
133257.84,133274.615,134323.23,130593.585,96670
133276.675,134607.285,134754.235,132697.38,68433
134607.155,132165.81,135360.585,131653.91,66678
132165.93,132722.53499999997,133051.66499999998,131692.97,63484
132722.72,134522.20500000002,134541.63,132441.4,59075
134522.72,137342.415,137355.055,134234.905,66220
137342.16,139859.26,141363.11,136884.245,94845
139859.3,141140.475,141442.89500000002,139480.97,76986
141140.37,139904.43,141262.07,139615.345,62761
139904.54499999998,140689.635,141099.255,139815.87,56360
140690.29499999998,141798.22999999998,141882.66499999998,140595.60499999998,60338
141798.105,139647.185,141851.09,139534.945,59227
139647.08000000002,140000.785,140331.395,139578.7,44226
139999.655,140552.76,140692.46000000002,139980.77000000002,39473
140553.07,140397.915,140666.35,139746.865,44529
140397.72,141365.435,141366.91499999998,140380.73,50406
141365.985,142387.925,144151.45500000002,140745.625,79409
142977.935,141539.995,143242.23,141201.185,34261
141540.62,141603.24,141760.95,140789.135,32530
141602.92,141898.45,142016.185,140525.035,58732
141898.64,141735.91,141988.67,141262.495,36148
141736.06,140220.12,141826.1,139951.64,36660
140220.43,140526.53999999998,140620.88,139730.13,35837
140529.845,138610.56,140709.05,138483.87,56241
138610.635,140612.32,140990.71500000003,138596.11,55977
140612.325,139663.73,140733.155,139599.315,39929
139664.105,139892.795,140042.15000000002,139003.09499999997,39583
139892.44,139641.655,140468.2,139052.53999999998,40820
139641.19,139565.0,139879.72,139187.33500000002,30210
139564.94,139885.89,140101.735,139330.15000000002,35880
139885.395,140726.41999999998,140862.695,139880.425,36544
140726.35499999998,141003.785,141128.82,140458.63,34115
141003.48,141668.44,141772.13,140770.8,40308
141667.945,140573.20500000002,141668.09999999998,140186.715,41709
140573.28,140982.7,141794.865,140472.19,48661
140982.665,141025.005,141276.43,140346.83000000002,43538
141025.195,139875.58500000002,142504.015,139628.71500000003,61471
139875.83500000002,139287.76,140170.2,139098.40000000002,56477
139287.975,139802.74,140119.45,139219.945,41629
139802.915,139787.175,140047.14,138290.65,55225
139787.24,140158.09,140463.155,139492.16999999998,45366
140158.15,140336.8,140541.555,139659.85,43303
140336.65,141058.555,141134.23,140099.235,44480
141058.55,140251.28,141304.1,140133.39500000002,47071
140251.35499999998,140297.535,140814.815,140088.655,39448
140297.465,138401.53999999998,140382.84,138330.975,55204
138401.39,137446.49,138590.755,136538.815,70735
137446.435,137088.185,137605.075,136560.33500000002,53902
137087.75,136212.025,137337.27,135565.375,70505
136212.21000000002,136932.41499999998,137282.78499999997,135753.19,51434
136932.72499999998,138390.945,138916.29499999998,135945.995,64094
138386.41999999998,141165.625,141606.155,138241.08000000002,72983
141166.125,140250.245,141471.575,140215.475,57665
140250.745,139297.625,140377.39,139272.31,64166
139297.88,139981.59999999998,140183.55,139281.175,47059
139982.135,136393.005,140033.315,136361.0,79551
136392.96500000003,137936.385,138335.18,136389.24,59153
137936.405,136723.275,137940.36,136454.075,49473
136724.385,137966.10499999998,138630.345,136700.91,48529
137966.22999999998,139498.855,140485.87,137775.875,60886
139498.915,139751.61,140086.45,139217.52000000002,47249
139752.145,139330.60499999998,140218.44,139225.24,47424
139330.775,139710.845,140180.195,138862.925,54836
139709.25,139552.345,140775.8,139259.505,50262
139552.845,140432.22499999998,140738.96000000002,139552.845,44456
140558.52000000002,139901.59000000003,140696.805,139719.33500000002,35101
139901.595,139444.2,139907.595,138485.995,45357
139444.21,140356.415,140433.06,139035.53,39234
140356.975,141057.28499999997,141261.605,140124.185,31226
141056.84999999998,142337.5,142507.9,140741.125,36226
142337.505,141636.40000000002,142517.43,141403.33500000002,10583
