2.1814999999999998,2.173,2.1814999999999998,2.1637500000000003,304
2.1732500000000003,2.168,2.17425,2.1637500000000003,248
2.16825,2.1652500000000003,2.174,2.1617499999999996,165
2.1574999999999998,2.1347500000000004,2.15975,2.1310000000000002,89
2.1345,2.1397500000000003,2.142,2.1327499999999997,146
2.1395,2.1407499999999997,2.1435,2.1385,72
2.1412500000000003,2.1325,2.143,2.1310000000000002,88
2.1317500000000003,2.1345,2.13725,2.12775,85
2.1342499999999998,2.1312499999999996,2.1377499999999996,2.1312499999999996,94
2.13025,2.13075,2.1375,2.1267500000000004,187
2.1305,2.1182499999999997,2.14025,2.1155,465
2.118,2.11425,2.1195,2.1122500000000004,335
2.1145,2.117,2.125,2.1115,343
2.1172500000000003,2.1345,2.14175,2.1157500000000002,366
2.1342499999999998,2.1390000000000002,2.1395,2.1275,307
2.13875,2.1265,2.1405,2.12175,251
2.1267500000000004,2.11475,2.127,2.1145,189
2.115,2.1065,2.1165000000000003,2.1005000000000003,421
2.107,2.105,2.107,2.1015,219
2.10525,2.1015,2.108,2.1012500000000003,145
2.11175,2.107,2.112,2.107,57
2.107,2.10375,2.107,2.102,60
2.104,2.10325,2.1085000000000003,2.1012500000000003,80
2.1035,2.1042500000000004,2.106,2.1012500000000003,65
2.104,2.1075,2.1115,2.104,123
2.1072499999999996,2.065,2.10825,2.065,323
2.064,2.0547500000000003,2.0665,2.0542499999999997,421
2.055,2.0535,2.06525,2.051,309
2.0540000000000003,2.0465,2.05825,2.0462499999999997,321
2.0462499999999997,2.0402500000000003,2.0467500000000003,2.037,331
2.04,2.0515,2.053,2.0385,300
2.05175,2.036,2.05925,2.034,278
2.03625,2.0467500000000003,2.04925,2.035,195
2.047,2.059,2.065,2.045,293
2.05925,2.0665,2.0672499999999996,2.0555,356
2.06675,2.05875,2.069,2.05825,275
2.059,2.0547500000000003,2.0675,2.0525,187
2.062,2.0595,2.063,2.056,56
2.05925,2.06175,2.065,2.057,96
2.0615,2.06025,2.0642500000000004,2.05925,111
2.0605,2.0627500000000003,2.0635,2.0585,92
2.0625,2.0595,2.0625,2.0585,72
2.05925,2.0532500000000002,2.0625,2.053,137
2.053,2.053,2.058,2.0462499999999997,251
2.0527499999999996,2.0525,2.05975,2.048,296
2.052,2.0465,2.057,2.043,195
2.0460000000000003,2.0425,2.0460000000000003,2.0235,371
2.0435,2.051,2.0607499999999996,2.0415,371
2.05075,2.04875,2.05075,2.044,288
2.0484999999999998,2.04125,2.052,2.0382499999999997,229
2.0415,2.037,2.0460000000000003,2.03625,180
2.0367499999999996,2.04075,2.04075,2.032,218
2.04125,2.044,2.0452500000000002,2.0382499999999997,160
2.0435,2.0385,2.045,2.0372500000000002,131
2.06775,2.06325,2.068,2.061,49
2.063,2.0685000000000002,2.0725,2.0625,123
2.0687499999999996,2.068,2.0725,2.0665,87
2.06775,2.072,2.075,2.0665,72
2.0725,2.07625,2.07625,2.0709999999999997,138
2.0765000000000002,2.1,2.1025,2.0765000000000002,295
2.1022499999999997,2.11,2.1152499999999996,2.09675,459
2.1105,2.1185,2.1247499999999997,2.1022499999999997,424
2.1187500000000004,2.1285,2.13225,2.11775,399
2.128,2.1472499999999997,2.1502499999999998,2.1252500000000003,400
2.1470000000000002,2.16075,2.16125,2.14525,437
2.161,2.156,2.16275,2.1502499999999998,526
2.15625,2.1805,2.1805,2.1557500000000003,408
2.1807499999999997,2.1935000000000002,2.1985,2.1807499999999997,442
2.19325,2.2017499999999997,2.2035,2.183,510
2.202,2.1985,2.2022500000000003,2.19,256
2.19925,2.19225,2.1995,2.1855,226
2.1632499999999997,2.1625,2.16825,2.15975,67
2.16275,2.1697499999999996,2.1712499999999997,2.1595,138
2.17,2.18025,2.181,2.1637500000000003,115
2.1792499999999997,2.17575,2.1792499999999997,2.16575,111
2.1755,2.1702500000000002,2.1845,2.1695,133
2.16925,2.164,2.16975,2.15975,134
2.1632499999999997,2.15975,2.1685,2.148,356
2.1595,2.16025,2.1652500000000003,2.1537499999999996,181
2.1595,2.172,2.1790000000000003,2.15425,225
2.1717500000000003,2.1355,2.1717500000000003,2.12975,391
2.13525,2.14375,2.1472499999999997,2.127,250
2.1435,2.158,2.158,2.1422499999999998,146
2.15825,2.1487499999999997,2.1615,2.148,128
2.14825,2.15225,2.15775,2.14825,102
2.152,2.15625,2.1567499999999997,2.14475,215
2.1557500000000003,2.15,2.15825,2.14675,121
2.1502499999999998,2.1535,2.15625,2.1455,194
2.16,2.1574999999999998,2.16125,2.15625,33
2.1580000000000004,2.156,2.16,2.1555,61
2.1555,2.15975,2.1605,2.1555,52
2.16,2.15625,2.16275,2.15425,76
2.15625,2.1492500000000003,2.15775,2.1479999999999997,75
2.1494999999999997,2.1457499999999996,2.1494999999999997,2.13675,88
2.1455,2.1334999999999997,2.148,2.13225,229
2.1332500000000003,2.1075,2.1355,2.1075,253
2.1079999999999997,2.1065,2.11475,2.1042500000000004,188
2.10675,2.12125,2.12175,2.09725,308
2.1215,2.125,2.1255,2.10975,162
2.1247499999999997,2.1109999999999998,2.1247499999999997,2.1109999999999998,142
2.11125,2.1165000000000003,2.12075,2.1092500000000003,104
2.11625,2.1255,2.1255,2.107,134
2.126,2.1355,2.146,2.1255,313
2.13525,2.1470000000000002,2.14825,2.1327499999999997,149
2.1472499999999997,2.1435,2.1485,2.1395,183
2.1552499999999997,2.1827500000000004,2.1895,2.1552499999999997,123
2.1825,2.1732500000000003,2.183,2.16375,136
2.1734999999999998,2.1712499999999997,2.17675,2.16875,87
2.17075,2.17475,2.17775,2.1702500000000002,85
2.1745,2.17375,2.1792499999999997,2.17125,66
2.1734999999999998,2.1755,2.176,2.1710000000000003,55
2.17525,2.1827500000000004,2.18375,2.16825,203
2.183,2.20125,2.20275,2.1812500000000004,157
2.2017499999999997,2.25325,2.2565,2.2015000000000002,511
2.25325,2.22175,2.2615,2.21375,382
2.22225,2.23975,2.24425,2.22175,253
2.23975,2.24125,2.24725,2.23775,139
2.24,2.2439999999999998,2.2487500000000002,2.233,204
2.24425,2.24675,2.25025,2.2344999999999997,167
2.24725,2.23925,2.2512499999999998,2.2372500000000004,213
2.23875,2.2452500000000004,2.2485,2.2359999999999998,180
2.2439999999999998,2.253,2.255,2.2430000000000003,131
2.2432499999999997,2.24575,2.24575,2.237,76
2.24625,2.2432499999999997,2.25275,2.24,73
2.2437500000000004,2.2605,2.2605,2.243,103
2.26075,2.24625,2.26075,2.245,101
2.24575,2.2195,2.24575,2.2089999999999996,160
2.2199999999999998,2.2315,2.233,2.21625,148
2.23125,2.2547499999999996,2.2547499999999996,2.2285,188
2.25575,2.2487500000000002,2.2592499999999998,2.2422500000000003,228
2.2482499999999996,2.25375,2.254,2.2415000000000003,160
2.25325,2.26375,2.2742500000000003,2.25075,219
2.2642499999999997,2.25075,2.278,2.24825,174
2.2512499999999998,2.2535,2.26375,2.25075,144
2.25375,2.2627499999999996,2.26375,2.2512499999999998,118
2.26225,2.2807500000000003,2.2807500000000003,2.258,150
2.28125,2.27725,2.2889999999999997,2.2672499999999998,283
2.27775,2.28425,2.28625,2.27675,144
2.28475,2.2867499999999996,2.29325,2.27975,171
2.229,2.2205,2.23,2.2175000000000002,64
2.221,2.22075,2.227,2.21375,132
2.21875,2.21475,2.219,2.20675,139
2.21425,2.2135,2.2145,2.2082499999999996,94
2.2135,2.21375,2.215,2.2105,45
2.2135,2.2055,2.2135,2.185,194
2.2047499999999998,2.1967499999999998,2.20775,2.189,210
2.1967499999999998,2.18325,2.19725,2.1747500000000004,336
2.183,2.17225,2.191,2.16975,217
2.1717500000000003,2.1857499999999996,2.1864999999999997,2.16775,307
2.186,2.1915,2.19625,2.18325,190
2.191,2.16125,2.191,2.15925,528
2.16075,2.1617499999999996,2.1715,2.15925,244
2.1615,2.16925,2.16925,2.1587500000000004,128
2.169,2.17575,2.1807499999999997,2.1637500000000003,208
2.176,2.1835,2.1872499999999997,2.17575,182
2.18375,2.1777499999999996,2.1885,2.1775,202
2.16875,2.15475,2.1719999999999997,2.1537499999999996,98
2.1550000000000002,2.1395,2.157,2.13875,92
2.1392499999999997,2.13875,2.145,2.13375,200
2.13875,2.1572500000000003,2.15925,2.13625,177
2.1574999999999998,2.1544999999999996,2.1645000000000003,2.15075,65
2.15475,2.1632499999999997,2.1632499999999997,2.1537499999999996,94
2.1630000000000003,2.1455,2.1635,2.145,165
2.1457499999999996,2.15875,2.17675,2.14525,268
2.1595,2.1585,2.1635,2.151,139
2.1587500000000004,2.16025,2.167,2.1475,263
2.1605,2.184,2.193,2.16025,328
2.18475,2.17675,2.19125,2.16925,235
2.1765,2.18225,2.18425,2.1755,119
2.182,2.1892500000000004,2.1935000000000002,2.17725,145
2.18975,2.1892500000000004,2.1915,2.1835,219
2.189,2.19075,2.19125,2.18475,64
2.191,2.19225,2.194,2.18525,137
2.20725,2.20625,2.208,2.2055,31
2.20575,2.1965,2.206,2.19275,97
2.1957500000000003,2.1790000000000003,2.19775,2.17675,150
2.1790000000000003,2.17525,2.189,2.174,98
2.175,2.16725,2.175,2.162,150
2.16725,2.1725,2.175,2.1637500000000003,95
2.17225,2.16825,2.176,2.16725,188
2.168,2.1552499999999997,2.1702500000000002,2.1535,271
2.1550000000000002,2.15475,2.1617499999999996,2.1535,85
2.1552499999999997,2.15375,2.1615,2.14625,251
2.154,2.168,2.1697499999999996,2.148,193
2.16775,2.16625,2.1717500000000003,2.162,154
2.1654999999999998,2.1617499999999996,2.1654999999999998,2.1545,95
2.162,2.16825,2.16875,2.1587500000000004,103
2.16775,2.1615,2.16775,2.15775,144
2.16125,2.16025,2.16775,2.158,110
2.16075,2.1652500000000003,2.16625,2.16025,96
2.16625,2.1702500000000002,2.1725,2.1645,54
2.1705,2.1715,2.1745,2.169,92
2.1712499999999997,2.1695,2.1745,2.1665,90
2.16925,2.17425,2.1765,2.16775,69
2.174,2.16875,2.174,2.16775,78
2.1685,2.166,2.16875,2.162,77
2.16625,2.1695,2.17525,2.1632499999999997,279
2.16925,2.1647499999999997,2.16925,2.1507500000000004,267
2.16575,2.16,2.1665,2.1559999999999997,194
2.16125,2.1585,2.1695,2.1585,113
2.1587500000000004,2.1565,2.16025,2.15225,167
2.1567499999999997,2.15475,2.1617499999999996,2.15,145
2.1550000000000002,2.15175,2.1550000000000002,2.149,116
2.1515,2.15225,2.1574999999999998,2.149,122
2.152,2.15425,2.162,2.1507500000000004,219
2.154,2.15425,2.157,2.152,126
2.154,2.1565,2.1574999999999998,2.15225,118
2.1414999999999997,2.13825,2.14175,2.1355,55
2.1385,2.138,2.1397500000000003,2.135,74
2.13825,2.134,2.1397500000000003,2.134,41
2.1345,2.14475,2.14475,2.1345,70
2.14525,2.1507500000000004,2.15425,2.14325,88
2.15125,2.15175,2.15425,2.14625,67
2.15125,2.1397500000000003,2.1565,2.13725,220
2.14025,2.1310000000000002,2.1422499999999998,2.1310000000000002,220
2.1312499999999996,2.1215,2.1365,2.11975,223
2.12125,2.13,2.1355,2.12125,159
2.1295,2.12425,2.13,2.115,151
2.123,2.1327499999999997,2.13875,2.1225,148
2.1325,2.123,2.1325,2.1205,121
2.1225,2.1237500000000002,2.125,2.113,161
2.1235,2.1365,2.14375,2.1232499999999996,306
2.13625,2.1334999999999997,2.1365,2.13225,72
2.1334999999999997,2.1390000000000002,2.1390000000000002,2.13325,62
2.15175,2.149,2.1537499999999996,2.1487499999999997,26
2.14825,2.1507500000000004,2.1537499999999996,2.1472499999999997,67
2.1505,2.15325,2.15325,2.1470000000000002,71
2.1535,2.15125,2.1537499999999996,2.149,64
2.1515,2.151,2.154,2.14625,94
2.15,2.1487499999999997,2.1505,2.1427500000000004,105
2.1485,2.1334999999999997,2.1485,2.1332500000000003,242
2.1332500000000003,2.129,2.1342499999999998,2.127,188
2.12875,2.138,2.138,2.1252500000000003,190
2.1377499999999996,2.13625,2.1392499999999997,2.129,164
2.13725,2.13025,2.1405,2.1297499999999996,155
2.13,2.148,2.15125,2.12925,280
2.1477500000000003,2.1725,2.18325,2.14325,418
2.17225,2.16625,2.1782500000000002,2.166,226
2.1667500000000004,2.17075,2.1732500000000003,2.1665,194
2.1702500000000002,2.16875,2.1717500000000003,2.16625,105
2.16925,2.1675,2.16925,2.1645,89
2.1875,2.1922499999999996,2.19475,2.186,47
2.1922499999999996,2.1922499999999996,2.1952499999999997,2.19175,56
2.192,2.19075,2.2002499999999996,2.189,117
2.19125,2.19775,2.19925,2.1905,51
2.1972500000000004,2.20125,2.2037500000000003,2.1967499999999998,81
2.2015000000000002,2.21525,2.2177499999999997,2.2015000000000002,117
2.217,2.24675,2.24675,2.21075,355
2.24775,2.24925,2.26075,2.24475,303
2.2497499999999997,2.2502500000000003,2.2547499999999996,2.2407500000000002,237
2.25075,2.2502500000000003,2.2662500000000003,2.2497499999999997,130
2.2502500000000003,2.2517500000000004,2.2592499999999998,2.24475,164
2.25075,2.2547499999999996,2.2547499999999996,2.246,169
2.25525,2.25325,2.2582500000000003,2.2487500000000002,134
2.25375,2.2582500000000003,2.26075,2.24275,147
2.25875,2.2657499999999997,2.26825,2.25875,228
2.2657499999999997,2.2642499999999997,2.27325,2.26225,91
2.2642499999999997,2.25975,2.2677500000000004,2.25875,110
2.24725,2.25425,2.25425,2.24675,28
2.2547499999999996,2.25425,2.26225,2.25375,60
2.2547499999999996,2.2592499999999998,2.26025,2.2535,51
2.2597500000000004,2.25375,2.2597500000000004,2.25325,33
2.2547499999999996,2.24725,2.2567500000000003,2.24725,56
2.24775,2.2482499999999996,2.25275,2.24675,79
2.24775,2.25375,2.2642499999999997,2.24675,169
2.2512499999999998,2.2547499999999996,2.2582500000000003,2.24575,164
2.25425,2.26375,2.2642499999999997,2.24725,129
2.26375,2.2657499999999997,2.27625,2.2582500000000003,140
2.26525,2.27825,2.2822500000000003,2.26175,146
2.27775,2.27475,2.278,2.26975,105
2.2752499999999998,2.2822500000000003,2.2822500000000003,2.271,111
2.2817499999999997,2.2897499999999997,2.29225,2.27925,110
2.28925,2.2982500000000003,2.2997500000000004,2.28275,156
2.2977499999999997,2.2982500000000003,2.29875,2.2917500000000004,98
2.2977499999999997,2.28775,2.2977499999999997,2.28625,106
2.27825,2.2737499999999997,2.27975,2.27175,41
2.2737499999999997,2.27325,2.277,2.2720000000000002,47
2.2727500000000003,2.26525,2.2735000000000003,2.2642499999999997,73
2.2657499999999997,2.27025,2.2707499999999996,2.2645,59
2.2707499999999996,2.2727500000000003,2.2737499999999997,2.26875,41
2.2722499999999997,2.26125,2.2722499999999997,2.25425,146
2.26125,2.25425,2.267,2.25425,226
2.2547499999999996,2.2657499999999997,2.26925,2.2407500000000002,227
2.2655,2.28425,2.28525,2.2627499999999996,160
2.28425,2.31825,2.3297499999999998,2.28275,167
2.31825,2.32775,2.3382500000000004,2.31175,217
2.3282499999999997,2.33375,2.3377499999999998,2.32375,128
2.33425,2.3207500000000003,2.3362499999999997,2.3202499999999997,162
2.3172499999999996,2.3112500000000002,2.3192500000000003,2.3064999999999998,183
2.3107499999999996,2.31575,2.31675,2.3062500000000004,170
2.31475,2.31625,2.32325,2.31475,95
2.31575,2.3192500000000003,2.31975,2.3107499999999996,97
2.3497500000000002,2.3462500000000004,2.3507499999999997,2.3462500000000004,30
2.34675,2.35025,2.35025,2.3447500000000003,53
2.3497500000000002,2.3442499999999997,2.35025,2.33925,66
2.34375,2.3377499999999998,2.3447500000000003,2.3335,110
2.33725,2.3347499999999997,2.33975,2.3315,112
2.3352500000000003,2.3332499999999996,2.339,2.331,90
2.33425,2.34775,2.3542500000000004,2.33425,208
2.34825,2.35625,2.35625,2.34025,210
2.35675,2.3687500000000004,2.3754999999999997,2.35675,305
2.37175,2.3762499999999998,2.383,2.3687500000000004,226
2.37575,2.3572499999999996,2.37925,2.35575,220
2.35975,2.36975,2.37175,2.35475,182
2.36925,2.37225,2.37425,2.36325,152
2.37275,2.3832500000000003,2.384,2.37225,179
2.3834999999999997,2.3972499999999997,2.3987499999999997,2.3832500000000003,332
2.3972499999999997,2.4025,2.4057500000000003,2.3972499999999997,250
2.40225,2.39575,2.4025,2.394,193
2.3805,2.39025,2.3907499999999997,2.3795,106
2.3907499999999997,2.385,2.39475,2.3827499999999997,212
2.38625,2.4087500000000004,2.41575,2.386,340
2.409,2.3972499999999997,2.41725,2.39275,288
2.39825,2.3972499999999997,2.40675,2.3907499999999997,169
2.3994999999999997,2.4052499999999997,2.40625,2.3927500000000004,172
2.4057500000000003,2.3965,2.4087500000000004,2.3965,171
2.3957499999999996,2.3877499999999996,2.3994999999999997,2.38375,211
2.3885,2.37775,2.3897500000000003,2.3705,216
2.37725,2.38625,2.38675,2.3747499999999997,252
2.38575,2.3865,2.3907499999999997,2.3812499999999996,134
2.38725,2.38375,2.3892499999999997,2.38325,116
2.38375,2.38375,2.38375,2.38375,6
2.38375,2.38375,2.38375,2.38375,2
2.38375,2.38375,2.38375,2.38375,5
2.38375,2.37575,2.38375,2.3607500000000003,194
2.3762499999999998,2.37925,2.399,2.3762499999999998,198
2.37875,2.3762499999999998,2.38725,2.37425,223
2.3767500000000004,2.3795,2.3804999999999996,2.3605,288
2.38025,2.3685,2.3832500000000003,2.3672500000000003,136
2.36775,2.3462500000000004,2.36775,2.34,212
2.34725,2.33975,2.35375,2.3382500000000004,141
2.33925,2.33275,2.34175,2.33175,114
2.33175,2.32925,2.3412499999999996,2.3287500000000003,105
2.32925,2.32375,2.3297499999999998,2.32275,240
2.3235,2.32425,2.32775,2.32325,85
2.32375,2.3222500000000004,2.3297499999999998,2.31575,146
2.35325,2.3512500000000003,2.3587499999999997,2.35075,47
2.35175,2.3542500000000004,2.35475,2.34825,38
2.354,2.34575,2.3542500000000004,2.3449999999999998,49
2.34575,2.3497500000000002,2.3497500000000002,2.3449999999999998,38
2.3492499999999996,2.3447500000000003,2.3492499999999996,2.343,37
2.34525,2.35475,2.3572499999999996,2.34525,94
2.355,2.35825,2.372,2.35325,254
2.3577500000000002,2.3542500000000004,2.3665000000000003,2.3440000000000003,228
2.35475,2.33875,2.35475,2.3302500000000004,168
2.33725,2.34875,2.34875,2.33375,107
2.349,2.34525,2.349,2.33075,108
2.34525,2.36975,2.37175,2.3442499999999997,140
2.36925,2.3945,2.4037499999999996,2.3672500000000003,263
2.39325,2.3842499999999998,2.4007500000000004,2.384,207
2.384,2.3737500000000002,2.3865,2.3735,239
2.3735,2.36375,2.3735,2.36075,137
2.36325,2.3587499999999997,2.365,2.358,152
2.35625,2.3667499999999997,2.367,2.35525,51
2.367,2.37125,2.372,2.366,90
2.371,2.3767500000000004,2.377,2.3705,80
2.3767500000000004,2.3705,2.378,2.3705,65
2.37075,2.3775,2.38025,2.36975,86
2.37825,2.37425,2.3785,2.37075,71
2.3737500000000002,2.3702500000000004,2.387,2.3667499999999997,189
2.36925,2.35325,2.3732499999999996,2.3522499999999997,281
2.354,2.35475,2.36475,2.35375,134
2.3542500000000004,2.33225,2.3542500000000004,2.3267499999999997,161
2.332,2.32575,2.33625,2.32575,166
2.3252499999999996,2.3287500000000003,2.3352500000000003,2.3252499999999996,144
2.3272500000000003,2.32275,2.3335,2.32125,114
2.3222500000000004,2.31625,2.32375,2.30975,103
2.3187499999999996,2.3252499999999996,2.3272500000000003,2.3172499999999996,118
2.32475,2.3255,2.3282499999999997,2.32475,78
2.3252499999999996,2.3272500000000003,2.3285,2.32325,97
2.33425,2.33375,2.3347499999999997,2.33225,20
2.33425,2.33975,2.3432500000000003,2.33275,68
2.33925,2.33275,2.3412499999999996,2.33225,57
2.33225,2.34675,2.347,2.33075,64
2.3462500000000004,2.33975,2.3462500000000004,2.3377499999999998,49
2.34025,2.34075,2.3432500000000003,2.3382500000000004,65
2.3412499999999996,2.3302500000000004,2.3432500000000003,2.3272500000000003,162
2.33075,2.3282499999999997,2.33125,2.3217499999999998,160
2.32775,2.33225,2.33225,2.32325,125
2.33175,2.33875,2.34025,2.32125,107
2.3377499999999998,2.30175,2.3377499999999998,2.30125,135
2.30175,2.3192500000000003,2.3192500000000003,2.30125,148
2.3187499999999996,2.33275,2.33275,2.31175,112
2.3332499999999996,2.3367500000000003,2.342,2.332,128
2.3362499999999997,2.3192500000000003,2.3362499999999997,2.3172499999999996,115
2.3192500000000003,2.3122499999999997,2.3192500000000003,2.3122499999999997,75
2.31175,2.30675,2.3122499999999997,2.3062500000000004,79
2.3127500000000003,2.30825,2.3142500000000004,2.30825,36
2.30875,2.3057499999999997,2.30875,2.3055,84
2.306,2.3127500000000003,2.3135000000000003,2.30525,71
2.3125,2.3175,2.31825,2.3125,60
2.3172499999999996,2.3129999999999997,2.31825,2.3125,86
2.3127500000000003,2.32325,2.32325,2.3122499999999997,89
2.323,2.33275,2.3377499999999998,2.3202499999999997,262
2.33225,2.33325,2.3377499999999998,2.33,167
2.33375,2.33225,2.3432500000000003,2.3287500000000003,175
2.33275,2.33125,2.33275,2.3207500000000003,100
2.33175,2.33175,2.33225,2.32125,64
2.3332499999999996,2.33875,2.34025,2.33125,119
2.33875,2.3495,2.3577500000000002,2.33425,143
2.35,2.34225,2.3529999999999998,2.34225,106
2.3415,2.34075,2.3505000000000003,2.34075,161
2.34025,2.33975,2.3412499999999996,2.3367500000000003,114
2.33925,2.34225,2.34675,2.33925,94
2.32325,2.32125,2.32325,2.3202499999999997,38
2.32125,2.32275,2.32425,2.3202499999999997,53
2.3222500000000004,2.3282499999999997,2.32925,2.3207500000000003,51
2.32775,2.3287500000000003,2.3305,2.3274999999999997,51
2.3289999999999997,2.3332499999999996,2.3332499999999996,2.3282499999999997,44
2.33275,2.33725,2.33925,2.33175,112
2.3367500000000003,2.34725,2.3520000000000003,2.33425,216
2.34725,2.3137499999999998,2.34725,2.30925,181
2.3137499999999998,2.2982500000000003,2.3137499999999998,2.2902500000000003,184
2.2977499999999997,2.2962499999999997,2.2984999999999998,2.2902500000000003,73
2.2967500000000003,2.2855,2.29975,2.27975,109
2.28575,2.2817499999999997,2.2880000000000003,2.27925,81
2.28125,2.28125,2.2822500000000003,2.27825,77
2.2817499999999997,2.2817499999999997,2.28575,2.27775,80
2.28275,2.2897499999999997,2.29075,2.27975,137
2.2902500000000003,2.28525,2.29075,2.28475,53
2.28475,2.28125,2.2867499999999996,2.2802499999999997,51
2.2742500000000003,2.27475,2.2757500000000004,2.27325,25
2.2752499999999998,2.27175,2.2752499999999998,2.26925,42
2.27175,2.27025,2.2727500000000003,2.26925,41
2.2707499999999996,2.2662500000000003,2.2744999999999997,2.26125,78
2.2662500000000003,2.26825,2.26975,2.26525,58
2.2677500000000004,2.26175,2.2685,2.2582500000000003,85
2.26125,2.2497499999999997,2.26825,2.2465,179
2.2487500000000002,2.24525,2.25325,2.2417499999999997,179
2.24425,2.2417499999999997,2.2497499999999997,2.24125,119
2.2422500000000003,2.2270000000000003,2.24675,2.22525,141
2.2265,2.23625,2.2372500000000004,2.22175,142
2.2357500000000003,2.2015000000000002,2.2357500000000003,2.1905,188
2.2039999999999997,2.2225,2.23,2.2035,240
2.22375,2.2365,2.2372500000000004,2.21775,168
2.2357500000000003,2.2352499999999997,2.245,2.2285000000000004,183
2.235,2.2439999999999998,2.2487500000000002,2.2342500000000003,113
2.24425,2.247,2.25175,2.2437500000000004,132
2.24125,2.2417499999999997,2.2437500000000004,2.23825,44
2.2422500000000003,2.24675,2.24725,2.24125,59
2.24675,2.24775,2.2487500000000002,2.2439999999999998,63
2.2482499999999996,2.2482499999999996,2.2512499999999998,2.24575,53
2.24775,2.2497499999999997,2.2497499999999997,2.24525,82
2.25075,2.27125,2.27125,2.25,184
2.271,2.25075,2.29125,2.2465,433
2.252,2.25425,2.2584999999999997,2.246,204
2.25375,2.2482499999999996,2.2560000000000002,2.2439999999999998,166
2.2482499999999996,2.23775,2.25275,2.23025,94
2.23675,2.2342500000000003,2.23725,2.22925,121
2.2345,2.24,2.24675,2.2345,124
2.23925,2.24725,2.2567500000000003,2.23875,159
2.24725,2.2592499999999998,2.25975,2.245,118
2.26025,2.27025,2.2727500000000003,2.26025,138
2.26975,2.2642499999999997,2.2727500000000003,2.26375,63
2.2642499999999997,2.26075,2.2672499999999998,2.2605,72
2.231,2.2247500000000002,2.23175,2.221,81
2.22375,2.23125,2.23175,2.2175000000000002,128
2.231,2.2352499999999997,2.2352499999999997,2.22525,111
2.2365,2.235,2.24325,2.2305,121
2.2352499999999997,2.24625,2.24675,2.23475,63
2.246,2.23875,2.2465,2.23625,106
2.23875,2.2677500000000004,2.2677500000000004,2.2355,281
2.26775,2.2497499999999997,2.27175,2.2487500000000002,193
2.2495,2.26225,2.2675,2.2487500000000002,200
2.26175,2.261,2.26225,2.25075,103
2.26375,2.28625,2.28625,2.2615,119
2.2867499999999996,2.2822500000000003,2.289,2.27125,123
2.2822500000000003,2.2887500000000003,2.2889999999999997,2.2752499999999998,139
2.28925,2.27775,2.28925,2.277,118
2.27825,2.28375,2.28625,2.2755,123
2.2837500000000004,2.29375,2.2960000000000003,2.2837500000000004,70
2.294,2.28575,2.2952500000000002,2.28525,119
2.28275,2.2807500000000003,2.283,2.27775,33
2.2807500000000003,2.27675,2.2815000000000003,2.2722499999999997,58
2.27625,2.26375,2.27625,2.26375,77
2.26325,2.27025,2.2707499999999996,2.262,71
2.2707499999999996,2.28125,2.2845,2.26325,77
2.28125,2.2642499999999997,2.2815000000000003,2.2640000000000002,94
2.26375,2.28425,2.28475,2.2635,160
2.28425,2.2952500000000002,2.30825,2.2824999999999998,188
2.2962499999999997,2.32325,2.324,2.29075,212
2.32375,2.32425,2.3282499999999997,2.3137499999999998,128
2.32275,2.31475,2.32275,2.3057499999999997,104
2.31575,2.30875,2.3185000000000002,2.3075,118
2.30925,2.30925,2.31,2.2969999999999997,151
2.30925,2.31175,2.31175,2.2982500000000003,85
2.31175,2.31975,2.32275,2.3112500000000002,169
2.3187499999999996,2.3142500000000004,2.3200000000000003,2.3135000000000003,58
2.3137499999999998,2.31425,2.31625,2.3114999999999997,51
2.34025,2.33925,2.343,2.3385,76
2.33925,2.33175,2.342,2.3305,96
2.33125,2.33125,2.3325,2.32775,53
2.33075,2.33425,2.33575,2.32875,35
2.33375,2.32475,2.3345000000000002,2.3205,95
2.32525,2.32475,2.32775,2.31425,114
2.3245,2.31175,2.325,2.30675,234
2.3122499999999997,2.3217499999999998,2.3274999999999997,2.3122499999999997,180
2.32125,2.3202499999999997,2.32825,2.31325,197
2.3222500000000004,2.3032500000000002,2.32275,2.2967500000000003,116
2.3057499999999997,2.3112500000000002,2.31775,2.3045,100
2.31025,2.29125,2.3120000000000003,2.2845,146
2.28925,2.28325,2.2952500000000002,2.28325,164
2.28275,2.2837500000000004,2.29075,2.28125,140
2.28325,2.279,2.2835,2.268,204
2.2795,2.26975,2.27975,2.269,104
2.2695,2.2657499999999997,2.27625,2.2649999999999997,87
2.30375,2.30375,2.3047500000000003,2.303,34
2.30375,2.30375,2.30525,2.29425,85
2.3032500000000002,2.3062500000000004,2.31,2.3025,78
2.30675,2.29725,2.30725,2.29625,98
2.2967500000000003,2.30125,2.3064999999999998,2.2965,60
2.30175,2.30875,2.30875,2.30075,70
2.30925,2.3047500000000003,2.31525,2.30225,199
2.3047500000000003,2.3187499999999996,2.33375,2.3047500000000003,208
2.3192500000000003,2.32325,2.3235,2.31325,155
2.32275,2.3172499999999996,2.332,2.3172499999999996,108
2.3207500000000003,2.3377499999999998,2.34875,2.3207500000000003,163
2.33725,2.32475,2.34675,2.32425,202
2.32525,2.33875,2.3520000000000003,2.32525,153
2.33925,2.3272500000000003,2.34025,2.3235,189
2.3267499999999997,2.32275,2.3315,2.3185000000000002,228
2.32325,2.32125,2.3274999999999997,2.3192500000000003,72
2.3207500000000003,2.31975,2.32475,2.31775,133
2.31175,2.31075,2.31325,2.31075,49
2.3112500000000002,2.32775,2.32775,2.30925,109
2.32725,2.32575,2.32875,2.32475,45
2.32625,2.32775,2.32775,2.32375,49
2.32675,2.33825,2.33825,2.32625,66
2.33875,2.3272500000000003,2.33875,2.32625,74
2.3267499999999997,2.34125,2.3475,2.32625,238
2.34175,2.3577500000000002,2.3577500000000002,2.33925,158
2.35825,2.35475,2.3655,2.3525,195
2.35425,2.35175,2.35675,2.34525,155
2.35675,2.36975,2.3725,2.35675,182
2.37025,2.35325,2.3705,2.3497500000000002,229
2.3527500000000003,2.3577500000000002,2.35825,2.34875,152
2.358,2.356,2.36325,2.3525,142
2.35525,2.36475,2.3667499999999997,2.3545,276
2.3645,2.3635,2.365,2.359,115
2.36325,2.3674999999999997,2.3685,2.3609999999999998,110
2.35475,2.34525,2.35575,2.34475,45
2.34475,2.34175,2.34675,2.3395,71
2.34125,2.34125,2.34475,2.34125,42
2.34175,2.34225,2.34825,2.34175,59
2.34275,2.3377499999999998,2.34375,2.33525,51
2.33725,2.34075,2.34425,2.33475,78
2.33975,2.32675,2.34625,2.3205,178
2.32725,2.32875,2.3295000000000003,2.3235,107
2.32925,2.30975,2.33225,2.29375,226
2.30925,2.29625,2.31275,2.29475,56
2.29975,2.28525,2.30225,2.28475,115
2.28625,2.29875,2.30225,2.28625,113
2.29875,2.30025,2.31175,2.295,153
2.30025,2.2882499999999997,2.3015,2.2872500000000002,109
2.2880000000000003,2.29325,2.29375,2.285,146
2.29275,2.2872500000000002,2.29375,2.2872500000000002,47
2.28775,2.28275,2.29025,2.28225,65
2.31175,2.31825,2.32275,2.3062500000000004,89
2.31775,2.3142500000000004,2.31825,2.311,108
2.3142500000000004,2.3042499999999997,2.31475,2.3027499999999996,84
2.30375,2.29925,2.3055000000000003,2.29925,36
2.29975,2.2915,2.3005,2.28225,115
2.29125,2.29275,2.2982500000000003,2.291,65
2.292,2.3062500000000004,2.30825,2.286,153
2.30525,2.29275,2.30975,2.29125,134
2.29375,2.26125,2.29375,2.2565,235
2.26325,2.2437500000000004,2.26375,2.23875,161
2.2432499999999997,2.2577499999999997,2.2577499999999997,2.2422500000000003,88
2.25725,2.2437500000000004,2.26125,2.2432499999999997,123
2.2432499999999997,2.23025,2.2432499999999997,2.22875,142
2.22975,2.22875,2.2327500000000002,2.2242499999999996,144
2.22825,2.23125,2.23625,2.22325,115
2.23125,2.22825,2.23125,2.2277500000000003,85
2.22875,2.2337499999999997,2.234,2.2277500000000003,110
2.25375,2.25075,2.254,2.24925,42
2.2505,2.2535,2.2555,2.2482499999999996,68
2.25325,2.2545,2.2577499999999997,2.249,89
2.25425,2.2567500000000003,2.257,2.2502500000000003,62
2.257,2.245,2.2584999999999997,2.245,90
2.2452500000000004,2.234,2.2465,2.2327500000000002,145
2.2342500000000003,2.2335000000000003,2.2352499999999997,2.2225,238
2.23325,2.2275,2.2335000000000003,2.22175,203
2.2272499999999997,2.21675,2.2365,2.216,264
2.2165,2.20875,2.2165,2.2052500000000004,165
2.2085,2.2035,2.2102500000000003,2.2005,138
2.2032499999999997,2.21225,2.2125,2.202,176
2.2119999999999997,2.20625,2.21475,2.2032499999999997,155
2.207,2.2115,2.21725,2.207,155
2.2112499999999997,2.2199999999999998,2.22375,2.2097499999999997,169
2.2197500000000003,2.2242499999999996,2.2242499999999996,2.21675,78
2.22375,2.22125,2.2272499999999997,2.2192499999999997,76
2.2322499999999996,2.23875,2.24125,2.2322499999999996,42
2.23825,2.23175,2.23825,2.22975,67
2.23125,2.2275,2.2315,2.225,76
2.2277500000000003,2.2257499999999997,2.2277500000000003,2.2245,64
2.2257499999999997,2.229,2.229,2.2235,103
2.229,2.218,2.229,2.2145,87
2.2182500000000003,2.2022500000000003,2.2185,2.1955,283
2.20275,2.2177499999999997,2.2197500000000003,2.2022500000000003,194
2.2162499999999996,2.1952499999999997,2.22075,2.192,147
2.1957500000000003,2.19625,2.2002499999999996,2.19175,123
2.1967499999999998,2.20675,2.21225,2.19475,149
2.20575,2.2017499999999997,2.20575,2.1957500000000003,120
2.20125,2.183,2.20625,2.18225,169
2.182,2.1777499999999996,2.18325,2.1702500000000002,226
2.17725,2.1812500000000004,2.18475,2.1747500000000004,229
2.1814999999999998,2.18175,2.18525,2.18,75
2.18225,2.1812500000000004,2.18525,2.1797500000000003,76
2.185,2.1775,2.185,2.1775,37
2.17675,2.17575,2.17875,2.1747500000000004,52
2.17625,2.1887499999999998,2.1887499999999998,2.17625,99
2.1877500000000003,2.189,2.19025,2.1865,114
2.1892500000000004,2.18825,2.1895,2.184,115
2.1885,2.1790000000000003,2.19175,2.1790000000000003,118
2.1792499999999997,2.178,2.18175,2.1777499999999996,199
2.17875,2.1862500000000002,2.19125,2.178,231
2.1857499999999996,2.2672499999999998,2.29925,2.18075,573
2.27025,2.252,2.27125,2.2445,270
2.2504999999999997,2.24475,2.25525,2.23675,259
2.24725,2.2285,2.2487500000000002,2.2245,203
2.22875,2.24925,2.2515,2.2255000000000003,230
2.2487500000000002,2.2757500000000004,2.2802499999999997,2.2475,306
2.27675,2.28425,2.29125,2.27075,278
2.28475,2.2835,2.285,2.27725,146
2.28325,2.27825,2.28475,2.27825,115
2.2822500000000003,2.2837500000000004,2.2867499999999996,2.28125,36
2.28325,2.3127500000000003,2.31325,2.28275,97
2.3112500000000002,2.29875,2.3112500000000002,2.29875,82
2.2982500000000003,2.29375,2.3027499999999996,2.29075,70
2.29425,2.30025,2.3027499999999996,2.29425,59
2.30125,2.29575,2.30175,2.28925,92
2.2962499999999997,2.2867499999999996,2.2962499999999997,2.28425,157
2.28675,2.2882499999999997,2.29925,2.28475,147
2.2887500000000003,2.29375,2.30225,2.28425,213
2.29325,2.29075,2.2962499999999997,2.28425,182
2.2887500000000003,2.2977499999999997,2.3062500000000004,2.2887500000000003,113
2.29725,2.2872500000000002,2.29725,2.279,156
2.28625,2.29925,2.2997500000000004,2.28275,128
2.2997500000000004,2.30025,2.3027499999999996,2.29325,114
2.2997500000000004,2.3005,2.30375,2.29425,181
2.30025,2.3062500000000004,2.30925,2.2975,112
2.3057499999999997,2.29975,2.3062500000000004,2.29375,156
2.3047500000000003,2.3137499999999998,2.3137499999999998,2.3047500000000003,47
2.314,2.3187499999999996,2.31975,2.3095,63
2.3187499999999996,2.3192500000000003,2.3202499999999997,2.3137499999999998,66
2.31975,2.32275,2.32325,2.31575,71
2.32325,2.3332499999999996,2.33375,2.32125,91
2.33375,2.3447500000000003,2.34525,2.3332499999999996,132
2.34525,2.32625,2.35625,2.32425,288
2.3267499999999997,2.30925,2.3367500000000003,2.3047500000000003,218
2.30975,2.31175,2.3187499999999996,2.3042499999999997,195
2.3142500000000004,2.28525,2.31525,2.28425,152
2.28525,2.255,2.28525,2.2547499999999996,267
2.253,2.25525,2.26175,2.24275,221
2.2562499999999996,2.25725,2.2647500000000003,2.2545,105
2.2582500000000003,2.24275,2.2582500000000003,2.23675,178
2.2432499999999997,2.23975,2.2575000000000003,2.23775,232
2.2395,2.23675,2.2407500000000002,2.2357500000000003,130
2.23675,2.2357500000000003,2.23925,2.23375,116
2.21575,2.22225,2.224,2.21475,128
2.22175,2.20875,2.2275,2.20625,127
2.20925,2.2215,2.222,2.208,165
2.22175,2.23075,2.2365,2.22175,144
2.231,2.21875,2.2315,2.2132500000000004,122
2.219,2.2205,2.2242499999999996,2.2182500000000003,84
2.22075,2.2112499999999997,2.2212500000000004,2.2039999999999997,222
2.21075,2.21725,2.2262500000000003,2.2102500000000003,185
2.2175000000000002,2.2047499999999998,2.2177499999999997,2.19775,178
2.2047499999999998,2.20275,2.2052500000000004,2.1972500000000004,178
2.203,2.2262500000000003,2.23775,2.1995,255
2.2257499999999997,2.215,2.2342500000000003,2.2132500000000004,179
2.21575,2.2192499999999997,2.2327500000000002,2.21575,156
2.2195,2.2212500000000004,2.2212500000000004,2.21075,122
2.22175,2.2025,2.22175,2.19875,272
2.202,2.20125,2.20275,2.19825,127
2.2017499999999997,2.2009999999999996,2.20425,2.198,126
2.2132500000000004,2.21075,2.2162499999999996,2.21075,138
2.21,2.20775,2.21,2.206,59
2.209,2.2132500000000004,2.21475,2.2085,106
2.2132500000000004,2.2112499999999997,2.21475,2.2112499999999997,79
2.211,2.20925,2.2112499999999997,2.2052500000000004,52
2.2097499999999997,2.20725,2.2097499999999997,2.2032499999999997,89
2.20775,2.21075,2.2132500000000004,2.20075,137
2.2110000000000003,2.2097499999999997,2.2132500000000004,2.2022500000000003,148
2.20875,2.22525,2.2255000000000003,2.2039999999999997,200
2.2255000000000003,2.20625,2.23325,2.20625,239
2.20725,2.2005,2.209,2.1855,241
2.19975,2.18825,2.2,2.18375,239
2.188,2.19325,2.19475,2.1855,208
2.193,2.192,2.1937499999999996,2.1857499999999996,177
2.1925,2.1857499999999996,2.1935000000000002,2.18525,180
2.1862500000000002,2.181,2.1862500000000002,2.1792499999999997,105
2.18025,2.17875,2.1825,2.1785,121
2.1942500000000003,2.1967499999999998,2.1975,2.1942500000000003,46
2.1972500000000004,2.198,2.198,2.19125,71
2.19775,2.1959999999999997,2.19975,2.1945,85
2.19625,2.19975,2.2025,2.1942500000000003,89
2.19925,2.1967499999999998,2.2022500000000003,2.1965,87
2.19475,2.19025,2.1959999999999997,2.18975,91
2.19075,2.19275,2.19625,2.1865,179
2.1925,2.188,2.20675,2.1877500000000003,235
2.18825,2.19975,2.2037500000000003,2.1865,226
2.2002499999999996,2.2247500000000002,2.23025,2.19775,306
2.2242499999999996,2.2002499999999996,2.22525,2.1942500000000003,290
2.2005,2.20925,2.2127499999999998,2.19925,259
2.209,2.19325,2.209,2.18225,326
2.19325,2.1814999999999998,2.1942500000000003,2.181,187
2.1814999999999998,2.182,2.1865,2.1785,237
2.18175,2.18175,2.18375,2.1790000000000003,88
2.18175,2.1792499999999997,2.18325,2.1792499999999997,88
2.177,2.1812500000000004,2.183,2.177,37
2.18025,2.1785,2.1805000000000003,2.17625,64
2.1782500000000002,2.18375,2.1855,2.17575,79
2.1835,2.18375,2.18425,2.17725,64
2.18375,2.18825,2.19175,2.18175,96
2.1877500000000003,2.1807499999999997,2.1877500000000003,2.1792499999999997,132
2.1805,2.16075,2.1805,2.1567499999999997,303
2.16025,2.15475,2.16025,2.14625,284
2.15425,2.16025,2.1622500000000002,2.1472499999999997,204
2.15975,2.1545,2.166,2.152,216
2.1537499999999996,2.18025,2.18225,2.15225,231
2.1807499999999997,2.18975,2.19125,2.174,287
2.18975,2.19925,2.2045,2.1895,296
2.1995,2.2015000000000002,2.2102500000000003,2.1995,222
2.2017499999999997,2.19475,2.20275,2.1942500000000003,224
2.1945,2.1967499999999998,2.19825,2.1937499999999996,79
2.197,2.1942500000000003,2.1975,2.1937499999999996,123
2.185,2.1814999999999998,2.18525,2.1812500000000004,51
2.1812500000000004,2.1797500000000003,2.18425,2.1790000000000003,75
2.1797500000000003,2.15975,2.1797500000000003,2.15475,151
2.16075,2.1697499999999996,2.1697499999999996,2.159,130
2.1702500000000002,2.17075,2.17075,2.16825,43
2.1702500000000002,2.1717500000000003,2.17625,2.16425,150
2.1710000000000003,2.15775,2.1710000000000003,2.1555,181
2.15625,2.1545,2.1572500000000003,2.1465,246
2.15475,2.1492500000000003,2.15475,2.14625,197
2.1487499999999997,2.1455,2.15175,2.1435,146
2.14525,2.134,2.1487499999999997,2.1275,234
2.1342499999999998,2.12875,2.15625,2.1275,322
2.12925,2.12875,2.134,2.12425,253
2.1297499999999996,2.1312499999999996,2.1325,2.1247499999999997,212
2.1315,2.12575,2.13525,2.1237500000000002,282
2.1255,2.122,2.128,2.121,151
2.12175,2.122,2.127,2.12075,179
2.1232499999999996,2.123,2.12675,2.12275,71
2.1235,2.13,2.134,2.123,163
2.13025,2.1252500000000003,2.135,2.1252500000000003,110
2.12575,2.1232499999999996,2.126,2.12075,116
2.123,2.1267500000000004,2.12725,2.1175,112
2.12725,2.1305,2.13075,2.1225,170
2.13025,2.13675,2.13675,2.1135,276
2.136,2.1195000000000004,2.136,2.117,260
2.1189999999999998,2.1007499999999997,2.121,2.0962500000000004,329
2.1005000000000003,2.06475,2.1005000000000003,2.06175,399
2.0642500000000004,2.0655,2.0705,2.0564999999999998,317
2.065,2.0585,2.0672499999999996,2.056,264
2.05825,2.06025,2.06025,2.0555,180
2.0615,2.0540000000000003,2.064,2.05,224
2.0535,2.04875,2.0562500000000004,2.0445,352
2.049,2.044,2.0495,2.0404999999999998,234
2.04425,2.055,2.0564999999999998,2.04325,147
2.0622499999999997,2.059,2.0645,2.059,40
2.05925,2.05825,2.0702499999999997,2.057,142
2.0564999999999998,2.06175,2.062,2.0555,112
2.0615,2.06575,2.0685000000000002,2.05825,143
2.06525,2.0717499999999998,2.083,2.06475,163
2.0722500000000004,2.0685000000000002,2.0725,2.0655,111
2.0687499999999996,2.0707500000000003,2.0782499999999997,2.061,382
2.0705,2.0695,2.0705,2.0455,436
2.069,2.0745,2.09025,2.069,461
2.075,2.0665,2.09025,2.065,284
2.06775,2.06175,2.0755,2.06175,223
2.061,2.074,2.0845000000000002,2.0595,201
2.0735,2.0802500000000004,2.08075,2.07,173
2.081,2.0665,2.0815,2.06525,150
2.06675,2.06325,2.0687499999999996,2.063,210
2.0635,2.06175,2.0672499999999996,2.0605,112
2.0615,2.05825,2.0627500000000003,2.056,154
2.0462499999999997,2.0315,2.0482500000000003,2.03125,78
2.031,2.0335,2.0345,2.02725,122
2.034,2.027,2.03475,2.026,91
2.0265,2.0145,2.027,2.0145,141
2.0147500000000003,2.0002500000000003,2.0147500000000003,1.99425,254
2.0005,1.999,2.0075,1.996,243
1.9985,2.0047499999999996,2.01375,1.992,364
2.0035,1.9925000000000002,2.0095,1.9877500000000001,454
1.992,1.97375,1.99275,1.9725000000000001,373
1.9735,1.9795,1.98,1.9645000000000001,251
1.98,1.9685000000000001,1.98,1.96525,282
1.9689999999999999,1.956,1.97,1.9495,309
1.958,1.958,1.9715,1.9535,226
1.958,1.952,1.967,1.9515,209
1.9525000000000001,1.9475,1.9525000000000001,1.9435,236
1.948,1.952,1.9555,1.942,144
1.9525000000000001,1.9475,1.955,1.9465,156
1.9617499999999999,1.95725,1.9617499999999999,1.954,63
1.9575,1.9535,1.95825,1.9505,102
1.9529999999999998,1.954,1.9555,1.9489999999999998,93
1.9545,1.952,1.9569999999999999,1.948,98
1.9515,1.947,1.9515,1.9435,82
1.9465,1.9405000000000001,1.9505,1.9405000000000001,90
1.94025,1.9495,1.955,1.939,296
1.9489999999999998,1.9615,1.96475,1.9425,327
1.962,1.9455,1.962,1.9409999999999998,249
1.9457499999999999,1.9455,1.95,1.9405000000000001,188
1.946,1.97425,1.984,1.946,340
1.97425,2.0075,2.00875,1.9735,499
2.00725,2.009,2.01075,1.99925,349
2.0095,1.9877500000000001,2.0115,1.983,299
1.988,1.98275,1.9929999999999999,1.979,260
1.983,1.987,1.988,1.9825,156
1.98725,1.988,1.98975,1.9815,130
2.047,2.0687499999999996,2.07125,2.047,171
2.069,2.0767499999999997,2.078,2.069,154
2.0765000000000002,2.0595,2.077,2.0595,144
2.05925,2.05175,2.06175,2.04925,151
2.052,2.0475,2.0562500000000004,2.04375,162
2.0477499999999997,2.0495,2.0505,2.044,163
2.0505,2.072,2.0785,2.0477499999999997,378
2.0725,2.0925000000000002,2.0965,2.0722500000000004,432
2.093,2.0962500000000004,2.1122500000000004,2.09175,489
2.09675,2.11475,2.121,2.09575,406
2.115,2.1102499999999997,2.12825,2.1102499999999997,438
2.11,2.1412500000000003,2.14325,2.1095,351
2.1414999999999997,2.1342499999999998,2.14825,2.1342499999999998,305
2.13375,2.1407499999999997,2.14325,2.12725,250
2.1412500000000003,2.1427500000000004,2.14375,2.1347500000000004,280
2.14325,2.1422499999999998,2.144,2.1375,201
2.142,2.14375,2.1457499999999996,2.1385,167
2.14375,2.14375,2.14375,2.14375,5
2.10575,2.10825,2.11125,2.104,94
2.10825,2.11325,2.117,2.10625,118
2.11275,2.12225,2.123,2.1100000000000003,103
2.1225,2.1310000000000002,2.1312499999999996,2.121,129
2.13075,2.1235,2.13225,2.1235,113
2.1232499999999996,2.1295,2.1295,2.12075,126
2.1297499999999996,2.1315,2.1445,2.1260000000000003,367
2.132,2.12575,2.14325,2.12575,253
2.1255,2.12575,2.14175,2.122,289
2.1255,2.11925,2.1355,2.1172500000000003,264
2.11925,2.1327499999999997,2.1347500000000004,2.1185,240
2.133,2.1414999999999997,2.142,2.126,245
2.14175,2.14,2.14175,2.135,207
2.14025,2.1414999999999997,2.1414999999999997,2.1345,190
2.1414999999999997,2.1425,2.14975,2.13675,266
2.1427500000000004,2.14375,2.14825,2.1414999999999997,130
2.144,2.1422499999999998,2.145,2.1412500000000003,132
2.13,2.13025,2.1317500000000003,2.12775,77
2.1305,2.13025,2.1347500000000004,2.12875,83
2.1297499999999996,2.1327499999999997,2.1334999999999997,2.129,67
2.1325,2.133,2.1342499999999998,2.1305,52
2.1332500000000003,2.13525,2.1375,2.1295,80
2.1355,2.13225,2.1365,2.1305,78
2.1325,2.13225,2.13725,2.12825,212
2.133,2.1505,2.151,2.13075,253
2.15,2.161,2.1635,2.1494999999999997,518
2.1615,2.15275,2.1635,2.1494999999999997,267
2.1552499999999997,2.153,2.15575,2.1412500000000003,300
2.1525,2.16125,2.1652500000000003,2.1492500000000003,207
2.16125,2.1617499999999996,2.167,2.1565000000000003,146
2.16125,2.16575,2.16575,2.1557500000000003,131
2.1654999999999998,2.1630000000000003,2.168,2.1622500000000002,192
2.1632499999999997,2.15925,2.1654999999999998,2.156,115
2.1595,2.15175,2.15975,2.1492500000000003,161
2.13825,2.13075,2.13825,2.1265,54
2.1310000000000002,2.1295,2.1325,2.1262499999999998,69
2.12925,2.13625,2.13675,2.12925,81
2.1365,2.1445,2.1465,2.13625,73
2.14425,2.14325,2.15,2.142,93
2.1435,2.1385,2.1435,2.13825,100
2.13875,2.14125,2.1435,2.13075,254
2.14175,2.1545,2.1630000000000003,2.1385,318
2.15425,2.1397500000000003,2.1555,2.13375,344
2.1407499999999997,2.149,2.14975,2.1317500000000003,205
2.1485,2.15,2.15925,2.138,195
2.1505,2.159,2.1625,2.1502499999999998,208
2.15925,2.15275,2.1635,2.15225,204
2.1525,2.1507500000000004,2.154,2.1472499999999997,145
2.1502499999999998,2.14375,2.1507500000000004,2.1390000000000002,166
2.144,2.13675,2.144,2.1334999999999997,127
2.137,2.1412500000000003,2.14375,2.136,126
2.115,2.1157500000000002,2.1175,2.11475,41
2.116,2.1095,2.1175,2.1065,95
2.10975,2.101,2.11,2.0985,176
2.1005000000000003,2.10525,2.107,2.09875,141
2.10575,2.10325,2.1072499999999996,2.10175,87
2.10375,2.1065,2.1085000000000003,2.0992499999999996,116
2.10625,2.1122500000000004,2.11375,2.1035,256
2.112,2.0815,2.113,2.0755,357
2.08175,2.0675,2.0835,2.06,446
2.0675,2.0615,2.07425,2.057,316
2.0612500000000002,2.0542499999999997,2.0707500000000003,2.0465,287
2.0540000000000003,2.04725,2.059,2.0452500000000002,276
2.0475,2.0545,2.06025,2.0447499999999996,247
2.0540000000000003,2.05075,2.0555,2.0465,165
2.0505,2.0475,2.057,2.0460000000000003,256
2.0482500000000003,2.0484999999999998,2.0515,2.04575,113
2.049,2.04075,2.05075,2.0382499999999997,183
2.07325,2.07,2.075,2.07,69
2.0702499999999997,2.069,2.07425,2.06475,139
2.0695,2.063,2.0695,2.0625,86
2.0627500000000003,2.0702499999999997,2.07375,2.062,114
2.06975,2.0752499999999996,2.0787500000000003,2.069,137
2.0755,2.08,2.081,2.0709999999999997,128
2.0797499999999998,2.0825,2.092,2.0785,296
2.08275,2.0722500000000004,2.091,2.0717499999999998,272
2.072,2.07575,2.077,2.06,356
2.0755,2.0685000000000002,2.07775,2.05925,330
2.06825,2.0555,2.0695,2.0527499999999996,264
2.056,2.06,2.0625,2.0525,195
2.06,2.0765000000000002,2.077,2.06,175
2.0755,2.083,2.083,2.066,145
2.0835,2.0795,2.0855,2.07775,229
2.07925,2.0775,2.08075,2.07475,121
2.07775,2.0717499999999998,2.0795,2.067,156
2.1027500000000003,2.10375,2.106,2.1027500000000003,52
2.1035,2.1075,2.115,2.1035,110
2.1072499999999996,2.091,2.1085000000000003,2.09075,192
2.0905,2.0975,2.0975,2.0855,122
2.098,2.0949999999999998,2.098,2.0947500000000003,49
2.0945,2.1027500000000003,2.10375,2.094,107
2.1029999999999998,2.10375,2.1072499999999996,2.0915,341
2.1042500000000004,2.117,2.1255,2.1027500000000003,350
2.1172500000000003,2.12075,2.1312499999999996,2.1155,352
2.121,2.115,2.1267500000000004,2.1075,256
2.1152499999999996,2.1085000000000003,2.12075,2.10175,266
2.10825,2.108,2.1109999999999998,2.0995,235
2.1077500000000002,2.116,2.116,2.1022499999999997,197
2.1157500000000002,2.1165000000000003,2.1189999999999998,2.1102499999999997,175
2.1167499999999997,2.1135,2.1175,2.1107500000000003,285
2.11375,2.11425,2.116,2.1109999999999998,90
2.114,2.109,2.1152499999999996,2.10825,105
2.11775,2.1189999999999998,2.1189999999999998,2.1157500000000002,35
2.11925,2.1175,2.12225,2.1172500000000003,80
2.1172500000000003,2.1205,2.1215,2.1145,86
2.12075,2.12075,2.126,2.117,95
2.121,2.124,2.127,2.121,80
2.1245,2.12875,2.1395,2.12425,180
2.1295,2.1342499999999998,2.1392499999999997,2.12225,211
2.134,2.13225,2.134,2.12575,248
2.13075,2.15275,2.1559999999999997,2.12825,351
2.153,2.165,2.167,2.15225,350
2.166,2.16575,2.16825,2.16025,224
2.166,2.169,2.1702500000000002,2.16125,166
2.16925,2.1702500000000002,2.17575,2.1675,159
2.1705,2.1727499999999997,2.17575,2.16775,162
2.1732500000000003,2.16725,2.1807499999999997,2.1667500000000004,316
2.1675,2.1552499999999997,2.16875,2.15325,187
2.15425,2.151,2.1550000000000002,2.1477500000000003,185
2.18675,2.18825,2.189,2.1857499999999996,45
2.188,2.181,2.1887499999999998,2.1807499999999997,66
2.1807499999999997,2.16775,2.181,2.1652500000000003,122
2.16725,2.164,2.168,2.1617499999999996,119
2.1645,2.1585,2.16725,2.151,207
2.1587500000000004,2.1470000000000002,2.15925,2.1422499999999998,170
2.14675,2.1617499999999996,2.1617499999999996,2.144,319
2.1615,2.16725,2.1732500000000003,2.1507500000000004,273
2.16775,2.1507500000000004,2.16775,2.1457499999999996,300
2.1502499999999998,2.12875,2.15175,2.12575,286
2.12825,2.1392499999999997,2.14375,2.1235,304
2.1390000000000002,2.14175,2.142,2.1297499999999996,246
2.142,2.146,2.1472499999999997,2.1377499999999996,230
2.1455,2.1550000000000002,2.15825,2.14425,205
2.1552499999999997,2.16425,2.16625,2.15125,266
2.164,2.1702500000000002,2.1705,2.16275,163
2.1705,2.1717500000000003,2.17225,2.1667500000000004,152
2.16775,2.1812500000000004,2.18225,2.16725,82
2.18175,2.18,2.18175,2.17425,104
2.1797500000000003,2.178,2.18025,2.176,90
2.1782500000000002,2.18225,2.18225,2.1782500000000002,85
2.182,2.178,2.1825,2.17675,97
2.1777499999999996,2.1710000000000003,2.1795,2.1710000000000003,83
2.17075,2.1492500000000003,2.1712499999999997,2.1475,349
2.14975,2.13825,2.1502499999999998,2.1312499999999996,419
2.138,2.10975,2.13825,2.1027500000000003,627
2.1087499999999997,2.11475,2.118,2.105,339
2.1145,2.1310000000000002,2.1332500000000003,2.108,341
2.133,2.1507500000000004,2.15225,2.133,318
2.151,2.1445,2.1552499999999997,2.1375,217
2.14425,2.1507500000000004,2.1572500000000003,2.1405,216
2.1502499999999998,2.1507500000000004,2.15775,2.1477500000000003,232
2.1505,2.1557500000000003,2.15625,2.1502499999999998,107
2.156,2.1567499999999997,2.15975,2.1537499999999996,200
2.15125,2.1425,2.15125,2.1425,67
2.1422499999999998,2.14325,2.144,2.13825,117
2.143,2.14475,2.1472499999999997,2.1385,95
2.1445,2.13825,2.14475,2.13825,89
2.138,2.13875,2.1407499999999997,2.13025,136
2.1390000000000002,2.134,2.1392499999999997,2.1265,163
2.1342499999999998,2.175,2.17675,2.133,336
2.1747500000000004,2.1479999999999997,2.197,2.1465,530
2.14825,2.12875,2.14975,2.1285,352
2.1297499999999996,2.1247499999999997,2.13,2.1165000000000003,519
2.1245,2.10825,2.128,2.1065,338
2.108,2.101,2.1095,2.086,448
2.101,2.10975,2.1145,2.099,308
2.11,2.11175,2.11425,2.10825,215
2.11125,2.10625,2.12075,2.10625,290
2.10575,2.10575,2.1092500000000003,2.1035,124
2.106,2.1107500000000003,2.1107500000000003,2.101,125
