9.2854,9.2945,9.33545,9.25545,61
9.3045,9.2445,9.32545,9.2245,39
9.2545,9.2945,9.2945,9.2445,28
9.28445,9.2545,9.2945,9.2445,36
9.26445,9.2145,9.274450000000002,9.2145,30
9.21545,9.24545,9.25545,9.21545,49
9.25545,9.265450000000001,9.275400000000001,9.2445,36
9.26445,9.30545,9.30545,9.26445,23
9.31545,9.30545,9.32545,9.28445,34
9.31545,9.3045,9.32545,9.2945,46
9.2945,9.265450000000001,9.30545,9.2545,49
9.26445,9.26635,9.27635,9.2545,35
9.27635,9.2854,9.30545,9.265450000000001,34
9.275400000000001,9.275400000000001,9.2854,9.265450000000001,21
9.274450000000002,9.3345,9.3345,9.26445,24
9.34445,9.375399999999999,9.375399999999999,9.3345,19
9.374500000000001,9.374500000000001,9.385449999999999,9.365400000000001,17
9.364450000000001,9.364450000000001,9.374500000000001,9.35445,9
9.35445,9.3845,9.3945,9.34445,33
9.3945,9.393550000000001,9.3945,9.373550000000002,31
9.389800000000001,9.44355,9.44355,9.389800000000001,23
9.43355,9.303550000000001,9.44115,9.28355,73
9.29355,9.40635,9.41105,9.29355,61
9.4106,9.41355,9.421050000000001,9.393550000000001,20
9.40355,9.4211,9.4211,9.40355,29
9.4145,9.35355,9.4211,9.343499999999999,37
9.35355,9.38355,9.4206,9.343499999999999,65
9.393550000000001,9.393550000000001,9.44825,9.383500000000002,74
9.38355,9.4101,9.41105,9.383500000000002,83
9.40355,9.45355,9.46355,9.36355,61
9.450700000000001,9.5335,9.563500000000001,9.44355,81
9.53065,9.5683,9.5683,9.525649999999999,67
9.5583,9.5545,9.5683,9.5397,49
9.55785,9.6969,9.721350000000001,9.55545,135
9.6869,9.6435,9.7157,9.6169,70
9.6335,9.653500000000001,9.7235,9.6235,64
9.663499999999999,9.6769,9.695699999999999,9.563500000000001,123
9.6869,9.6464,9.6969,9.63255,116
9.6414,9.58635,9.6464,9.55635,52
9.596350000000001,9.6035,9.6112,9.58635,66
9.59545,9.57545,9.6154,9.56545,31
9.585450000000002,9.593499999999999,9.6052,9.57545,37
9.6035,9.6645,9.6679,9.60255,64
9.654499999999999,9.609449999999999,9.654499999999999,9.6035,28
9.60445,9.563500000000001,9.6054,9.5545,69
9.5735,9.5745,9.59445,9.5497,30
9.5735,9.5735,9.59445,9.5045,69
9.569700000000001,9.464500000000001,9.5745,9.43445,67
9.4545,9.51115,9.525649999999999,9.44445,58
9.501149999999999,9.42975,9.507349999999999,9.42975,38
9.43355,9.331050000000001,9.4945,9.32765,104
9.3245,9.321000000000002,9.374500000000001,9.303550000000001,130
9.32055,9.3168,9.331050000000001,9.306799999999999,77
9.306799999999999,9.35105,9.361,9.306799999999999,48
9.3515,9.3568,9.361550000000001,9.31105,56
9.3468,9.373550000000002,9.3845,9.3268,34
9.36355,9.3873,9.4106,9.36215,51
9.37725,9.45355,9.47065,9.37725,47
9.44355,9.46355,9.46355,9.43355,19
9.45355,9.45685,9.5021,9.43685,102
9.446850000000001,9.43685,9.4802,9.43685,21
9.43495,9.6169,9.6269,9.4311,42
9.6069,9.59685,9.6569,9.53495,86
9.58685,9.593499999999999,9.653500000000001,9.58495,58
9.5835,9.6335,9.683499999999999,9.5835,30
9.6235,9.593499999999999,9.6369,9.563500000000001,83
9.6035,9.563500000000001,9.6169,9.5535,35
9.5535,9.50355,9.563500000000001,9.45355,104
9.5135,9.46685,9.53065,9.4107,120
9.45685,9.5235,9.5235,9.42355,56
9.5135,9.6435,9.6935,9.5135,88
9.6335,9.6069,9.653500000000001,9.566849999999999,45
9.6369,9.5545,9.6369,9.54685,59
9.564499999999999,9.496400000000001,9.564499999999999,9.4573,125
9.5064,9.374500000000001,9.5107,9.364450000000001,111
9.3845,9.35355,9.4164,9.31985,146
9.34355,9.4259,9.4565,9.32985,156
9.4359,9.35355,9.4361,9.31355,112
9.34795,9.29355,9.36105,9.2168,102
9.28855,9.41355,9.44355,9.28855,79
9.40355,9.42355,9.4256,9.40355,24
9.41355,9.4278,9.4511,9.41355,55
9.427299999999999,9.408249999999999,9.4278,9.4073,42
9.41825,9.427800000000001,9.4378,9.40775,33
9.41775,9.40685,9.422,9.40685,73
9.41105,9.46735,9.471599999999999,9.40685,101
9.4678,9.45825,9.4916,9.4573,102
9.457799999999999,9.3787,9.458749999999998,9.3582,53
9.368649999999999,9.28865,9.3787,9.2786,70
9.2882,9.33915,9.33915,9.2882,54
9.3387,9.3482,9.3482,9.2782,49
9.3382,9.3582,9.35865,9.298200000000001,47
9.3482,9.16865,9.3482,9.16865,151
9.17365,9.20815,9.22865,9.128599999999999,129
9.21815,9.073550000000001,9.22865,9.03445,124
9.06355,9.10355,9.14135,9.06355,90
9.09355,9.1345,9.1514,9.09355,92
9.1445,9.10355,9.154499999999999,9.09355,42
9.09355,9.16265,9.18,9.062650000000001,105
9.1645,9.15545,9.1714,9.1345,69
9.154499999999999,9.0845,9.17185,9.0845,66
9.09445,9.1245,9.1509,9.0745,65
9.119499999999999,9.10445,9.125399999999999,9.0845,55
9.11445,9.0818,9.141850000000002,9.060849999999999,74
9.0718,9.0354,9.1095,9.02085,85
9.0254,9.00455,9.0454,9.00455,85
9.01445,9.05635,9.0845,9.00455,71
9.0545,9.0745,9.0886,9.0445,69
9.07545,9.0845,9.118549999999999,9.064499999999999,42
9.0886,9.0845,9.118549999999999,9.0745,70
9.09445,9.118549999999999,9.14865,9.09445,43
9.1213,9.11445,9.1313,9.1044,27
9.10445,9.16865,9.173549999999999,9.10445,63
9.158650000000002,9.13815,9.178149999999999,9.12815,50
9.13355,9.108550000000001,9.13865,9.1081,98
9.1081,9.08905,9.118549999999999,9.068100000000001,129
9.07905,9.0886,9.0986,9.051649999999999,117
9.0986,9.15185,9.161850000000001,9.0986,60
9.15135,9.128599999999999,9.161850000000001,9.11175,65
9.108550000000001,9.0677,9.188649999999999,9.02445,136
9.0577,9.04265,9.0754,9.0154,143
9.05265,9.04265,9.0845,9.04265,55
9.05265,9.03265,9.07265,9.01265,62
9.04675,9.05265,9.07445,9.03265,55
9.0572,9.05945,9.07085,9.03265,92
9.04945,9.01265,9.0786,9.0027,81
9.0027,9.0872,9.0872,9.0027,78
9.077200000000001,9.09765,9.1004,9.077200000000001,73
9.1004,9.08765,9.1004,9.06765,47
9.09765,9.062650000000001,9.130849999999999,9.062650000000001,83
9.07265,9.02265,9.077200000000001,9.0027,85
9.0272,9.02265,9.0463,9.003599999999999,52
9.03265,9.01265,9.04355,9.0027,40
9.0077,9.0077,9.016300000000001,9.0027,49
9.0027,9.01265,9.02265,9.0027,34
9.0027,8.8785,9.01355,8.86535,79
8.868500000000001,8.70975,8.86855,8.663599999999999,191
8.69975,8.6628,8.72025,8.61365,186
8.6528,8.61365,8.6647,8.5628,210
8.60365,8.643650000000001,8.682749999999999,8.57365,147
8.63365,8.64795,8.6897,8.5928,149
8.649249999999999,8.6793,8.748899999999999,8.619250000000001,151
8.6693,8.6693,8.709299999999999,8.6497,98
8.6793,8.668849999999999,8.700199999999999,8.6497,71
8.658850000000001,8.69015,8.69015,8.6497,64
8.68015,8.69975,8.7193,8.669699999999999,62
8.68975,8.6028,8.70975,8.6028,87
8.5928,8.69275,8.69275,8.5928,38
8.682749999999999,8.79275,8.80275,8.682749999999999,31
8.79935,8.764949999999999,8.80935,8.752749999999999,64
8.76275,8.79935,8.804950000000002,8.76275,48
8.80935,8.752749999999999,8.81025,8.752749999999999,50
8.742750000000001,8.742750000000001,8.772749999999998,8.70775,47
8.752749999999999,8.72275,8.772749999999998,8.7027,75
8.72495,8.6628,8.73275,8.652750000000001,148
8.6528,8.70275,8.7202,8.6528,57
8.69775,8.6528,8.73275,8.642800000000001,48
8.6628,8.71885,8.72975,8.6628,40
8.70885,8.66365,8.72975,8.64535,77
8.653649999999999,8.60365,8.653649999999999,8.563649999999999,96
8.59365,8.6497,8.6702,8.59365,79
8.6597,8.6258,8.69015,8.62575,72
8.6358,8.7193,8.72425,8.629249999999999,50
8.71975,8.69885,8.7393,8.68495,79
8.70885,8.74065,8.760200000000001,8.694949999999999,78
8.75065,8.71975,8.760649999999998,8.7053,73
8.720199999999998,8.6619,8.760649999999998,8.641950000000001,75
8.6719,8.66845,8.741900000000001,8.65845,78
8.65755,8.66845,8.728449999999999,8.642800000000001,143
8.6784,8.72015,8.742799999999999,8.6784,154
8.72105,8.752600000000001,8.76755,8.706050000000001,96
8.7576,8.73715,8.76755,8.7167,76
8.74715,8.78755,8.79805,8.742149999999999,60
8.77755,8.777999999999999,8.80805,8.767299999999999,47
8.7776,8.72805,8.777999999999999,8.727599999999999,47
8.738050000000001,8.76755,8.768,8.736699999999999,124
8.76715,8.72105,8.768,8.7065,121
8.72015,8.69105,8.73105,8.681049999999999,55
8.681049999999999,8.6128,8.70105,8.601099999999999,151
8.6028,8.5884,8.64845,8.563649999999999,108
8.582799999999999,8.638,8.648,8.5723,72
8.648,8.632349999999999,8.668,8.59735,64
8.61795,8.648,8.648,8.612300000000001,38
8.653,8.6084,8.658000000000001,8.607800000000001,25
8.5984,8.62795,8.638,8.56795,35
8.638,8.61795,8.66105,8.600200000000001,49
8.607949999999999,8.617550000000001,8.66755,8.59665,36
8.6171,8.52025,8.6571,8.50025,80
8.52525,8.54025,8.570250000000001,8.4603,103
8.55025,8.570250000000001,8.5867,8.54025,112
8.56025,8.56025,8.60195,8.56025,92
8.570250000000001,8.6202,8.6371,8.570250000000001,65
8.6302,8.6302,8.6604,8.6302,45
8.6402,8.6502,8.655850000000001,8.6202,33
8.6602,8.6302,8.67015,8.6302,22
8.6402,8.6302,8.645800000000001,8.6202,34
8.6402,8.6858,8.6958,8.6302,31
8.675799999999999,8.626249999999999,8.675799999999999,8.6258,21
8.631250000000001,8.65625,8.66625,8.596250000000001,34
8.64625,8.6402,8.70625,8.6302,48
8.6502,8.6502,8.6502,8.6402,20
8.6402,8.69015,8.69015,8.6402,26
8.680150000000001,8.69015,8.71015,8.67015,54
8.680150000000001,8.750150000000001,8.776299999999999,8.680150000000001,91
8.76015,8.7028,8.766300000000001,8.69015,37
8.7128,8.73625,8.74625,8.70275,79
8.74625,8.7232,8.74625,8.7232,43
8.72625,8.693200000000001,8.72625,8.673200000000001,27
8.703199999999999,8.6632,8.703199999999999,8.6632,34
8.66365,8.69625,8.7232,8.6632,41
8.686250000000001,8.6967,8.7167,8.656649999999999,44
8.706700000000001,8.7167,8.736699999999999,8.695599999999999,44
8.726700000000001,8.8289,8.8676,8.667100000000001,136
8.7989,8.3229,8.7989,8.27205,550
8.302900000000001,8.2329,8.3345,8.2121,226
8.2129,8.44665,8.45665,8.2129,110
8.42665,8.448350000000001,8.478349999999999,8.40835,73
8.45835,8.614049999999999,8.63495,8.4383,181
8.6191,8.571950000000001,8.642800000000001,8.56195,58
8.56195,8.52365,8.581949999999999,8.51365,77
8.51365,8.52365,8.53365,8.473700000000001,59
8.52365,8.5884,8.59655,8.51365,159
8.5784,8.617550000000001,8.69885,8.577950000000001,274
8.613199999999999,8.61105,8.66755,8.5911,199
8.61105,8.65845,8.65845,8.5861,89
8.64845,8.648,8.6658,8.615400000000001,131
8.648,8.625399999999999,8.665849999999999,8.611,93
8.6204,8.59535,8.625399999999999,8.5811,95
8.6054,8.601099999999999,8.628,8.5911,91
8.5911,8.59535,8.6054,8.5811,44
8.601099999999999,8.625399999999999,8.648,8.601099999999999,64
8.62105,8.681049999999999,8.68585,8.6202,48
8.69105,8.7319,8.78805,8.681049999999999,118
8.741900000000001,8.7219,8.77845,8.7119,77
8.7319,8.83275,8.883,8.7319,170
8.842749999999999,8.882750000000001,8.89895,8.84185,118
8.89275,8.79625,8.929,8.786249999999999,115
8.7989,8.82935,8.82935,8.7789,67
8.839400000000001,8.879850000000001,8.919,8.79625,132
8.87895,8.85895,8.87895,8.839400000000001,78
8.848949999999999,8.82625,8.85895,8.806249999999999,29
8.826699999999999,8.82625,8.856750000000002,8.806249999999999,48
8.8363,8.856750000000002,8.86675,8.83625,78
8.86675,8.83675,8.86675,8.826699999999999,57
8.84675,8.82625,8.8994,8.81625,67
8.8363,8.7789,8.848949999999999,8.76625,62
8.7758,8.83185,8.83185,8.7758,53
8.82185,8.80185,8.8485,8.77185,75
8.8001,8.77185,8.80185,8.76015,62
8.761849999999999,8.7554,8.779800000000002,8.741900000000001,148
8.7654,8.7358,8.7654,8.70495,88
8.7258,8.7219,8.73975,8.691849999999999,114
8.7258,8.72625,8.74895,8.6927,105
8.716249999999999,8.643650000000001,8.72625,8.643650000000001,71
8.63365,8.60925,8.6506,8.6058,139
8.60965,8.6297,8.6297,8.575800000000001,156
8.629249999999999,8.627099999999999,8.6406,8.60965,71
8.6171,8.640550000000001,8.6706,8.6171,48
8.641,8.5801,8.67145,8.5801,133
8.5901,8.5901,8.63015,8.55795,144
8.59055,8.54965,8.6216,8.5292,253
8.5442,8.6197,8.6397,8.51915,153
8.619250000000001,8.57665,8.6402,8.57665,117
8.586649999999999,8.599699999999999,8.6197,8.539200000000001,91
8.6097,8.619250000000001,8.626999999999999,8.608799999999999,401
8.6197,8.64885,8.6706,8.59925,246
8.658850000000001,8.72365,8.7502,8.65625,172
8.71865,8.82935,8.85715,8.704550000000001,114
8.829799999999999,8.7898,8.8503,8.7898,230
8.78275,8.7798,8.816749999999999,8.749749999999999,140
8.77935,8.8772,8.89075,8.7667,164
8.877600000000001,8.947600000000001,8.95075,8.85155,124
8.9576,8.9463,8.980799999999999,8.916250000000002,156
8.9363,8.9899,8.98995,8.9363,105
8.98945,9.02945,9.02945,8.96095,130
9.019449999999999,8.83275,9.059899999999999,8.83275,144
8.842749999999999,8.95035,8.96035,8.842749999999999,150
8.94035,8.91985,8.94035,8.879850000000001,83
8.9103,8.86675,8.9299,8.8572,87
8.8676,8.876750000000001,8.9103,8.8572,51
8.88675,8.856750000000002,8.88675,8.8367,31
8.86675,8.859850000000002,8.900300000000001,8.840250000000001,67
8.86985,8.93275,8.939900000000002,8.8494,93
8.92275,8.9372,8.966750000000001,8.912749999999999,72
8.9272,8.8694,8.947600000000001,8.84675,92
8.86985,8.86275,8.89275,8.83275,64
8.87275,8.89075,8.8912,8.852699999999999,68
8.8903,9.04035,9.05035,8.8903,113
9.05035,8.980799999999999,9.170449999999999,8.95275,124
8.9799,8.92275,8.9899,8.902750000000001,134
8.93275,8.917200000000001,8.9604,8.903649999999999,52
8.9072,8.94365,8.9872,8.90675,43
8.95365,8.9572,8.9872,8.93365,64
8.9672,8.912749999999999,8.9672,8.87715,109
8.91365,8.92075,8.95035,8.90675,51
8.91985,8.946750000000002,8.95675,8.8594,240
8.95675,8.9572,8.9604,8.917200000000001,62
8.95675,8.8972,8.9604,8.88365,54
8.8872,8.9576,8.980799999999999,8.8772,147
8.967649999999999,8.9672,8.9872,8.947600000000001,62
8.9622,8.985399999999998,8.997250000000001,8.9372,64
8.9872,8.97365,9.0404,8.95675,118
8.98035,9.09085,9.1018,8.97365,154
9.090399999999999,9.050799999999999,9.10085,9.000399999999999,161
9.05035,9.017199999999999,9.05125,8.99455,99
9.01355,9.011299999999999,9.0153,8.963650000000001,65
9.0077,8.984549999999999,9.03125,8.963650000000001,100
8.99455,8.94125,8.9958,8.92915,82
8.9345,8.987649999999999,9.0013,8.92455,75
8.97765,9.03355,9.0545,8.91365,192
9.02355,8.967649999999999,9.050799999999999,8.92365,137
8.967649999999999,8.92075,8.97765,8.87895,87
8.9408,8.9808,8.9808,8.90075,77
8.9808,8.92075,8.982099999999999,8.8982,121
8.918949999999999,8.8994,8.94165,8.8981,95
8.89855,8.842,8.90895,8.8408,81
8.832,8.785350000000001,8.832,8.75535,166
8.79535,8.80025,8.81515,8.7695,89
8.797149999999998,8.8351,8.879850000000001,8.7954,97
8.825099999999999,8.7951,8.85605,8.784199999999998,121
8.7955,8.8351,8.8552,8.78505,93
8.8307,8.92075,8.92075,8.820699999999999,114
8.93075,8.86805,8.940750000000001,8.86355,74
8.858049999999999,8.968050000000002,8.98525,8.84805,98
8.96305,8.918050000000001,8.988050000000001,8.90895,122
8.92805,8.828050000000001,8.92805,8.80805,132
8.838049999999999,8.8051,8.86965,8.76305,57
8.8151,8.855149999999998,8.86515,8.802,59
8.86015,8.845099999999999,8.88515,8.84085,33
8.8351,8.86515,8.88515,8.823550000000001,28
8.855149999999998,8.825099999999999,8.895199999999999,8.8051,86
8.8151,8.81805,8.84805,8.7935,56
8.80805,8.825099999999999,8.855149999999998,8.77505,159
8.8151,8.69495,8.8151,8.69495,91
8.71495,8.75805,8.7696,8.71495,79
8.752749999999999,8.754999999999999,8.77505,8.7243,79
8.745000000000001,8.718,8.77505,8.698,145
8.708,8.72495,8.73955,8.708,89
8.73495,8.738,8.754999999999999,8.718,93
8.728,8.738,8.74545,8.7134,66
8.745000000000001,8.69495,8.754999999999999,8.687999999999999,94
8.70495,8.738,8.748000000000001,8.698,61
8.728,8.754999999999999,8.76,8.728,23
8.745000000000001,8.6693,8.745000000000001,8.6693,41
8.674900000000001,8.64885,8.689499999999999,8.62125,85
8.63885,8.62485,8.64575,8.59795,73
8.61485,8.6357,8.6357,8.5901,31
8.63485,8.579699999999999,8.6357,8.569600000000001,48
8.5844,8.6297,8.6297,8.5794,27
8.6197,8.62485,8.654900000000001,8.60795,29
8.6253,8.6449,8.654900000000001,8.59795,31
8.639700000000001,8.63485,8.64495,8.62795,15
8.6449,8.6649,8.66995,8.63485,31
8.674900000000001,8.654900000000001,8.674900000000001,8.63485,17
8.6449,8.65795,8.674900000000001,8.62795,54
8.64795,8.63795,8.66055,8.6379,18
8.6371,8.63055,8.65495,8.61795,25
8.640550000000001,8.6658,8.69885,8.6353,59
8.66535,8.70885,8.72585,8.66055,87
8.69885,8.72585,8.726299999999998,8.6888,52
8.7219,8.73195,8.746300000000002,8.7019,89
8.7219,8.7119,8.726299999999998,8.6858,48
8.7219,8.7759,8.7859,8.7219,100
8.77195,8.78465,8.7955,8.7543,70
8.78505,8.9016,8.95075,8.771899999999999,301
8.906649999999999,8.94805,8.9621,8.86805,310
8.95805,8.99805,9.03815,8.94805,254
8.993649999999999,8.88805,8.9999,8.88805,201
8.88365,8.93805,8.95805,8.88365,119
8.933050000000001,8.92805,8.9412,8.89805,104
8.9312,8.93805,8.9712,8.9212,161
8.92805,8.911200000000001,8.94805,8.881150000000002,85
8.901150000000001,8.86515,8.946200000000001,8.84805,126
8.875150000000001,8.94805,8.94805,8.875150000000001,45
8.9361,8.9712,8.98525,8.89805,114
8.968050000000002,8.92165,8.972100000000001,8.911200000000001,86
8.9221,8.95895,8.97165,8.9212,79
8.95985,8.98165,8.9912,8.94165,151
8.99165,8.931650000000001,9.00165,8.9312,116
8.94165,8.965250000000001,8.9657,8.92165,59
8.975249999999999,8.9512,9.03905,8.92805,137
8.94805,8.918050000000001,8.968050000000002,8.90805,70
8.92805,8.81805,8.92985,8.80805,69
8.81895,8.79805,8.8198,8.77805,154
8.80805,8.84805,8.84805,8.7911,38
8.858049999999999,8.83985,8.8701,8.8198,103
8.8298,8.90895,8.91165,8.8298,48
8.91165,8.86805,8.92165,8.858049999999999,76
8.87805,8.89805,8.931650000000001,8.86805,111
8.90805,8.86805,8.90985,8.86805,185
8.87805,8.9312,8.93805,8.87805,59
8.92805,8.90895,8.9312,8.89895,52
8.91895,8.981200000000001,9.00525,8.91895,47
8.9912,9.036249999999999,9.0754,8.981200000000001,91
9.031749999999999,8.988050000000001,9.049050000000001,8.96895,73
8.97805,8.95165,9.01905,8.95165,41
8.961649999999999,8.91895,8.981200000000001,8.918050000000001,76
8.90895,8.93895,8.94165,8.888950000000001,32
8.92895,8.855599999999999,8.97165,8.833950000000002,123
8.84555,8.868950000000002,8.891200000000001,8.8444,68
8.86985,8.855599999999999,8.888950000000001,8.78805,72
8.856000000000002,8.85895,8.87605,8.83895,57
8.84895,8.87895,8.89895,8.84895,31
8.868950000000002,8.888950000000001,8.89895,8.828949999999999,65
8.89895,8.888950000000001,8.90895,8.858049999999999,45
8.89895,8.84895,8.89895,8.828949999999999,76
8.83895,8.8298,8.8606,8.748850000000001,148
8.83985,8.77635,8.83985,8.75975,56
8.77195,8.80895,8.846,8.761949999999999,111
8.81895,8.828050000000001,8.881150000000002,8.81805,81
8.8307,8.86735,8.87105,8.828050000000001,90
8.8573,8.84985,8.8573,8.8052,77
8.852,8.780650000000001,8.90745,8.766749999999998,117
8.77065,8.886949999999999,8.886949999999999,8.77065,86
8.87695,9.02995,9.0672,8.87695,103
9.039950000000001,8.87695,9.049949999999999,8.8298,179
8.866900000000001,8.8865,8.897,8.8098,224
8.8965,8.9221,8.96705,8.880700000000001,118
8.912099999999999,8.98075,8.997499999999999,8.882449999999999,121
8.9875,9.01085,9.02175,8.97205,76
8.907399999999999,8.9621,8.9621,8.907,34
8.9721,8.98075,8.98075,8.94075,21
8.99075,8.9421,9.00075,8.92075,34
8.9521,8.99075,9.0029,8.9521,49
8.98075,8.91165,8.99795,8.91075,70
8.90165,8.87825,8.937899999999999,8.8682,52
8.88825,8.91075,8.937899999999999,8.8582,100
8.92075,8.877849999999999,8.94165,8.86075,76
8.88785,9.02175,9.03175,8.88785,67
9.02085,9.03805,9.04805,9.00715,90
9.04805,9.04805,9.0781,9.042200000000001,78
9.0485,9.12085,9.1509,9.0472,154
9.13085,9.14085,9.1509,9.11175,81
9.1509,9.14085,9.1509,9.11085,34
9.13085,9.191849999999999,9.191849999999999,9.12085,164
9.19095,9.291,9.291,9.19095,85
9.301,9.361049999999999,9.36605,9.290949999999999,183
9.37105,9.3901,9.40105,9.331,117
9.39105,9.380099999999999,9.39105,9.35105,62
9.3901,9.4511,9.4611,9.3901,137
9.441099999999999,9.41015,9.5102,9.378250000000001,117
9.4001,9.48015,9.481100000000001,9.3901,89
9.47015,9.44015,9.5402,9.4392,153
9.42825,9.4711,9.4711,9.4192,72
9.4661,9.5102,9.5102,9.43825,62
9.511099999999999,9.48015,9.511099999999999,9.4511,65
9.47015,9.48015,9.481100000000001,9.43015,84
9.49015,9.4392,9.500150000000001,9.4192,70
9.4292,9.4292,9.4692,9.4292,58
9.4392,9.32005,9.449200000000001,9.28915,122
9.33005,9.31195,9.33285,9.271899999999999,89
9.32195,9.382000000000001,9.392,9.30195,88
9.37195,9.411999999999999,9.422,9.36195,51
9.402000000000001,9.402000000000001,9.44205,9.37195,67
9.392,9.34195,9.432,9.32195,104
9.35195,9.40295,9.40295,9.34195,95
9.402000000000001,9.392949999999999,9.419550000000001,9.382000000000001,152
9.392,9.482050000000001,9.520199999999999,9.382000000000001,170
9.47705,9.45205,9.5121,9.411950000000001,201
9.462050000000001,9.423449999999999,9.5042,9.40295,92
9.422,9.2919,9.43955,9.24185,119
9.2969,9.21275,9.31195,9.191849999999999,138
9.21275,9.24005,9.25095,9.17865,76
9.23005,9.18095,9.25005,9.170000000000002,56
9.19095,9.18815,9.200949999999999,9.07725,171
9.178149999999999,9.15905,9.22815,9.1154,147
9.149049999999999,9.17905,9.17905,9.10905,93
9.17405,9.15905,9.2491,9.149049999999999,88
9.15905,9.15815,9.17905,9.15635,51
9.15905,9.15815,9.15905,9.13815,25
9.178149999999999,9.19905,9.2491,9.178149999999999,46
9.18905,9.279150000000001,9.28915,9.169049999999999,66
9.2782,9.369150000000001,9.4092,9.2682,202
9.3701,9.45015,9.49475,9.348700000000001,213
9.42015,9.417300000000001,9.54925,9.370049999999999,435
9.4073,9.34825,9.467300000000002,9.30635,296
9.3382,9.29725,9.38825,9.2372,171
9.30725,9.16815,9.31725,9.16815,130
9.178149999999999,9.22725,9.22725,9.14725,93
9.23725,9.26725,9.26725,9.22725,79
9.26225,9.36825,9.38825,9.247250000000001,71
9.378250000000001,9.21815,9.38825,9.20815,105
9.22815,9.2682,9.2682,9.13815,152
9.258199999999999,9.3282,9.3382,9.2482,71
9.3382,9.38825,9.38825,9.2982,100
9.378250000000001,9.3673,9.43825,9.3673,185
9.357299999999999,9.43825,9.44825,9.33685,81
9.44825,9.2954,9.45825,9.205400000000001,137
9.2854,9.275400000000001,9.34545,9.2654,61
9.275400000000001,9.30545,9.31725,9.23545,77
9.31545,9.385449999999999,9.41545,9.2854,85
9.39545,9.5254,9.5254,9.39545,85
9.51545,9.50545,9.5254,9.4454,73
9.49545,9.5304,9.61735,9.49545,114
9.5354,9.5354,9.56545,9.50545,75
9.5254,9.685400000000001,9.7854,9.51545,103
9.675450000000001,9.765450000000001,9.7854,9.65545,88
9.75545,9.64545,9.75545,9.64545,111
9.65545,9.66545,9.71545,9.64545,97
9.675450000000001,9.7464,9.7464,9.65545,106
9.7364,9.765450000000001,9.7964,9.6964,133
9.74545,9.71545,9.81545,9.6154,199
9.7104,9.65545,9.73545,9.585450000000002,140
9.66545,9.685400000000001,9.71545,9.6054,120
9.675450000000001,9.570450000000001,9.7364,9.446349999999999,279
9.57545,9.6364,9.656400000000001,9.51635,307
9.6414,9.840399999999999,9.865400000000001,9.62235,322
9.83035,9.82035,9.8904,9.7903,218
9.83035,9.7803,9.83035,9.7003,107
9.7853,9.7603,9.8504,9.7503,139
9.770299999999999,9.7903,9.82035,9.7403,118
9.7803,9.7903,9.82035,9.7303,128
9.7803,9.8003,9.8504,9.7603,118
9.81035,9.7913,9.8113,9.7213,76
9.7713,9.7803,9.8113,9.7603,101
9.770299999999999,9.7713,9.781300000000002,9.7213,92
9.7513,9.8113,9.8213,9.7513,37
9.81035,9.8213,9.8313,9.7713,42
9.8163,9.81035,9.871400000000001,9.781300000000002,72
9.8003,9.801300000000001,9.81035,9.7553,121
9.8113,9.7603,9.8914,9.7603,123
9.770299999999999,9.7653,9.7713,9.6653,173
9.7603,9.7803,9.7903,9.680299999999999,155
9.7903,9.7603,9.82035,9.7103,124
9.7503,9.840399999999999,9.8604,9.69125,142
9.8504,9.9404,9.9804,9.83035,134
9.9454,10.2706,10.2806,9.93035,146
10.2606,10.0805,10.400649999999999,10.060500000000001,242
10.0705,10.2606,10.2756,10.0705,159
10.2506,10.19055,10.2606,10.18055,132
10.20055,10.21055,10.3056,10.20055,111
10.20055,10.3006,10.3306,10.20055,72
10.3106,10.36065,10.39065,10.29055,112
10.35065,10.4707,10.5007,10.3006,149
10.480699999999999,10.4907,10.6408,10.4607,167
10.5007,10.4907,10.52075,10.4207,126
10.480699999999999,10.4017,10.4907,10.351700000000001,165
10.3917,10.220600000000001,10.4117,10.2105,145
10.2256,10.2706,10.290600000000001,10.220600000000001,87
10.2606,10.081499999999998,10.2606,10.0315,150
10.061499999999999,10.191600000000001,10.2016,10.0014,135
10.2016,10.2616,10.32165,10.191600000000001,96
10.2716,10.301649999999999,10.3717,10.2216,130
10.31165,10.361699999999999,10.4117,10.31165,136
10.351700000000001,10.2416,10.4017,10.2316,108
10.2316,10.2416,10.2616,10.16155,122
10.2516,10.2516,10.34165,10.2216,153
10.2616,10.2416,10.2616,10.1415,197
10.2616,10.332699999999999,10.3727,10.2316,142
10.3427,10.191600000000001,10.381699999999999,10.191600000000001,240
10.191600000000001,10.2516,10.2516,10.13145,172
10.2516,10.29165,10.31165,10.2416,103
10.29665,10.16155,10.2967,10.1415,140
10.17155,10.1115,10.17155,10.081499999999998,112
10.1065,9.9214,10.1115,9.901399999999999,176
9.9164,9.9114,9.991399999999999,9.8313,268
9.9124,9.8213,9.9314,9.7222,323
9.8313,9.85135,9.901399999999999,9.8213,124
9.8614,9.9324,9.9424,9.8313,146
9.9314,9.9124,9.9724,9.87235,121
9.9214,9.892399999999999,10.0024,9.8814,159
9.9024,9.8213,9.9024,9.8213,107
9.8263,9.361049999999999,9.871400000000001,9.331,482
9.37105,9.45205,9.51305,9.341000000000001,358
9.482050000000001,9.5221,9.5821,9.482050000000001,87
9.5121,9.5821,9.6722,9.462050000000001,165
9.5871,9.5421,9.59215,9.5321,82
9.5521,9.422,9.5821,9.422,123
9.432,9.3429,9.44205,9.312850000000001,139
9.3529,9.402000000000001,9.45205,9.35195,126
9.411999999999999,9.432,9.462050000000001,9.392,102
9.44205,9.44205,9.45205,9.34195,151
9.45205,9.44205,9.52305,9.44205,76
9.45205,9.392,9.49395,9.35195,114
9.382000000000001,9.28095,9.43295,9.28095,107
9.291,9.1318,9.33195,9.13175,250
9.1418,9.10175,9.151800000000001,9.0908,146
9.11175,9.12175,9.161850000000001,9.100850000000001,126
9.11175,9.13085,9.18185,9.060849999999999,211
9.12085,9.25095,9.271899999999999,9.12085,120
9.24095,9.251850000000001,9.2919,9.24095,55
9.2619,9.2819,9.31195,9.251850000000001,73
9.2919,9.24185,9.30195,9.24185,54
9.251850000000001,9.24185,9.2919,9.23185,74
9.251850000000001,9.35105,9.361049999999999,9.24185,74
9.361049999999999,9.331,9.37105,9.321,40
9.321,9.251850000000001,9.341000000000001,9.24185,52
9.2619,9.35105,9.37105,9.2619,75
9.341000000000001,9.381049999999998,9.39105,9.341000000000001,74
9.39105,9.381049999999998,9.41105,9.361049999999999,44
9.39105,9.35105,9.40105,9.35105,33
9.35195,9.30195,9.36195,9.2919,51
9.31195,9.28005,9.37195,9.25095,94
9.29005,9.29005,9.361049999999999,9.2509,130
9.300049999999999,9.3701,9.3701,9.270050000000001,120
9.3601,9.40105,9.441099999999999,9.3601,58
9.39105,9.3701,9.39105,9.33005,60
9.3701,9.40105,9.41105,9.31005,95
9.41105,9.29005,9.41105,9.25005,83
9.300049999999999,9.3601,9.3701,9.26005,102
9.350100000000001,9.35105,9.37105,9.32005,78
9.361049999999999,9.381049999999998,9.39105,9.331,57
9.37105,9.520199999999999,9.5302,9.37105,136
9.5302,9.520199999999999,9.55115,9.481100000000001,113
9.52115,9.4711,9.561150000000001,9.47015,76
9.481100000000001,9.40105,9.481100000000001,9.381049999999998,70
9.4001,9.4311,9.501100000000001,9.4001,66
9.441099999999999,9.4311,9.441099999999999,9.411,45
9.441099999999999,9.50925,9.5302,9.441099999999999,56
9.4992,9.53925,9.5402,9.4692,71
9.52925,9.54925,9.580200000000001,9.52925,89
9.53925,9.5302,9.62025,9.52925,113
9.520199999999999,9.52925,9.5402,9.50925,43
9.5302,9.5102,9.5302,9.4861,58
9.511099999999999,9.460149999999999,9.52115,9.411950000000001,124
9.47015,9.4692,9.4911,9.441099999999999,62
9.479199999999999,9.5602,9.580200000000001,9.4692,116
9.55925,9.52925,9.5602,9.50925,91
9.53425,9.63025,9.65025,9.45965,167
9.62025,9.681249999999999,9.69125,9.62025,130
9.671199999999999,9.62215,9.671199999999999,9.6012,138
9.632200000000001,9.5521,9.632200000000001,9.55115,71
9.562100000000001,9.561150000000001,9.59215,9.53115,93
9.57115,9.57115,9.6212,9.561150000000001,75
9.561150000000001,9.5402,9.5912,9.520199999999999,92
9.5302,9.5402,9.5702,9.520199999999999,72
9.5502,9.5902,9.62025,9.5502,30
9.580200000000001,9.64025,9.65025,9.5602,36
9.63025,9.65025,9.65025,9.5602,57
9.63025,9.7303,9.7503,9.63025,73
9.7403,9.770299999999999,9.81035,9.7203,92
9.7603,9.7803,9.880400000000002,9.7603,95
9.7903,9.81035,9.83035,9.7403,80
9.8003,9.7203,9.82035,9.680299999999999,101
9.7103,9.7203,9.7293,9.679300000000001,90
9.7193,9.69125,9.7203,9.6512,136
9.70125,9.75935,9.7713,9.6903,202
9.76435,9.7203,9.764800000000001,9.7003,64
9.7103,9.7303,9.770299999999999,9.7103,47
9.7403,9.7603,9.840399999999999,9.7403,91
9.770299999999999,9.82035,9.82035,9.7603,36
9.81035,9.8194,9.83035,9.77935,67
9.8294,9.801300000000001,9.8704,9.8003,85
9.7913,9.761299999999999,9.8313,9.75225,63
9.7713,9.7103,9.7913,9.670300000000001,76
9.7203,9.63025,9.7603,9.63025,149
9.62025,9.5912,9.62025,9.5402,147
9.6012,9.6112,9.6312,9.5602,96
9.6212,9.5021,9.661200000000001,9.492049999999999,135
9.501100000000001,9.4611,9.5121,9.441099999999999,153
9.4511,9.47205,9.482050000000001,9.421050000000001,111
9.492049999999999,9.503,9.51305,9.45205,83
9.5021,9.45205,9.5421,9.422,65
9.44205,9.47205,9.47205,9.402000000000001,90
9.462050000000001,9.4611,9.481100000000001,9.4311,62
9.4711,9.481100000000001,9.492049999999999,9.4611,40
9.482050000000001,9.492049999999999,9.5021,9.4711,60
9.482050000000001,9.200949999999999,9.482050000000001,9.1709,216
9.191849999999999,9.162749999999999,9.23185,9.14275,131
9.17275,9.191849999999999,9.22185,9.162749999999999,91
9.21185,9.2528,9.262799999999999,9.20185,241
9.262799999999999,9.31195,9.32195,9.261849999999999,126
9.311,9.30195,9.32195,9.271899999999999,57
9.31195,9.34195,9.35195,9.31195,22
9.33195,9.30285,9.3529,9.2928,120
9.312850000000001,9.2919,9.34795,9.2819,58
9.30195,9.33195,9.3338,9.20185,116
9.34195,9.35195,9.3629,9.30195,87
9.3529,9.36195,9.373850000000001,9.341899999999999,269
9.3629,9.36195,9.392,9.36195,149
9.37195,9.39385,9.4039,9.3529,176
9.392,9.36385,9.4039,9.34195,225
9.373850000000001,9.36385,9.373850000000001,9.3238,135
9.36195,9.3338,9.383849999999999,9.33195,389
9.3438,9.36385,9.373850000000001,9.32195,238
9.373850000000001,9.4439,9.49395,9.373850000000001,339
9.4539,9.51305,9.52495,9.4539,319
9.514,9.453,9.5149,9.44295,86
9.4539,9.4439,9.46395,9.43295,60
9.444849999999999,9.4539,9.503,9.42295,121
9.46395,9.422,9.473949999999999,9.3829,71
9.432,9.422,9.432,9.40105,39
9.432,9.472999999999999,9.483,9.432,63
9.47205,9.32195,9.472999999999999,9.31195,151
9.32285,9.33195,9.33195,9.2819,118
9.34195,9.36195,9.392,9.341899999999999,56
9.361049999999999,9.381049999999998,9.41105,9.35105,55
9.37105,9.2919,9.382000000000001,9.261849999999999,128
9.292850000000001,9.25375,9.30285,9.21185,180
9.251850000000001,9.153649999999999,9.251850000000001,9.152750000000001,238
9.16365,9.173649999999999,9.2137,9.1136,103
9.16365,9.17455,9.2137,9.16365,79
9.173649999999999,9.223700000000001,9.242799999999999,9.173649999999999,69
9.22465,9.262799999999999,9.27285,9.21275,50
9.2528,9.19275,9.2698,9.19275,111
9.20275,9.16365,9.240200000000002,9.1327,107
9.162749999999999,9.19365,9.2502,9.162749999999999,165
9.20365,9.19275,9.233699999999999,9.16365,199
9.182749999999999,9.232800000000001,9.25975,9.17275,137
9.22275,9.182749999999999,9.242799999999999,9.17275,94
9.187750000000001,9.17005,9.20965,9.14275,82
9.16005,9.10265,9.169599999999999,9.10265,76
9.11265,9.1227,9.152750000000001,9.07265,61
9.11265,9.11265,9.1227,9.082650000000001,64
9.10265,9.1327,9.14275,9.082650000000001,99
9.1227,9.17275,9.20275,9.1227,48
9.162749999999999,9.19275,9.22275,9.152750000000001,100
9.19775,9.22275,9.233699999999999,9.1827,111
9.22275,9.262799999999999,9.26375,9.20275,63
9.26375,9.229199999999999,9.26375,9.22275,21
9.22275,9.292850000000001,9.312850000000001,9.217749999999999,113
9.30285,9.30285,9.33285,9.292850000000001,69
9.292850000000001,9.30285,9.344850000000001,9.28285,55
9.312850000000001,9.27285,9.32285,9.27285,50
9.28285,9.312850000000001,9.3529,9.28285,69
9.32285,9.292850000000001,9.33285,9.292850000000001,29
9.312850000000001,9.32285,9.3529,9.28285,80
9.33285,9.30285,9.33285,9.26275,89
9.312850000000001,9.312850000000001,9.3138,9.27285,54
9.32285,9.33285,9.3529,9.292850000000001,54
9.32285,9.262799999999999,9.33285,9.252749999999999,84
9.2619,9.232800000000001,9.267399999999999,9.23185,46
9.242799999999999,9.271899999999999,9.27285,9.232800000000001,29
9.27285,9.30285,9.32285,9.2619,36
9.292850000000001,9.42295,9.44295,9.292850000000001,115
9.42795,9.40295,9.44295,9.392949999999999,121
9.41295,9.453,9.453,9.392949999999999,103
9.44295,9.392949999999999,9.44295,9.382850000000001,26
9.3829,9.383849999999999,9.41295,9.382850000000001,39
9.373850000000001,9.3529,9.392949999999999,9.3529,60
9.3429,9.40295,9.41295,9.32285,36
9.41295,9.41295,9.43295,9.392949999999999,49
9.40295,9.41295,9.4339,9.373850000000001,56
9.42295,9.372900000000001,9.42295,9.3629,224
9.3629,9.3829,9.4139,9.3629,127
9.383849999999999,9.32285,9.39385,9.312850000000001,103
9.33285,9.43295,9.453,9.33285,86
9.42295,9.3829,9.43295,9.382850000000001,135
9.383849999999999,9.373850000000001,9.4039,9.33285,80
9.383849999999999,9.27375,9.383849999999999,9.25375,120
9.283750000000001,9.3138,9.3138,9.26375,48
9.303799999999999,9.3138,9.3238,9.29375,26
9.3238,9.39385,9.41,9.3138,204
9.38885,9.383849999999999,9.400400000000001,9.36385,184
9.3904,9.43485,9.446,9.3784,372
9.42985,9.4539,9.4649,9.392949999999999,372
9.44965,9.3438,9.45485,9.3429,484
9.353850000000001,9.3529,9.3748,9.32475,310
9.353850000000001,9.383849999999999,9.40295,9.3429,385
9.3829,9.36385,9.384799999999998,9.3429,377
9.36475,9.35475,9.36475,9.3529,359
9.3529,9.3438,9.3748,9.3429,482
9.34475,9.35475,9.36475,9.3429,159
9.353850000000001,9.303799999999999,9.36475,9.303799999999999,189
9.34475,9.3438,9.383849999999999,9.3238,58
9.353850000000001,9.383849999999999,9.384799999999998,9.353850000000001,42
9.384799999999998,9.3948,9.41485,9.353850000000001,166
9.384799999999998,9.292850000000001,9.4539,9.26275,298
9.28285,9.32285,9.3238,9.232800000000001,351
9.312850000000001,9.27375,9.3429,9.26375,149
9.26875,9.1227,9.32285,9.1227,108
9.1236,9.0135,9.153649999999999,8.992550000000001,120
9.008500000000002,9.02445,9.044450000000001,8.96345,64
9.03445,9.03265,9.04355,8.992550000000001,87
9.02265,8.992550000000001,9.02265,8.96255,56
8.98255,8.92345,8.992550000000001,8.913450000000001,49
8.913450000000001,8.87245,8.92345,8.87245,64
8.882449999999999,8.87245,8.882449999999999,8.83245,64
8.862449999999999,8.84245,8.862449999999999,8.82245,21
8.852450000000001,8.882449999999999,8.89255,8.84245,38
8.89255,8.90255,8.932549999999999,8.882449999999999,56
8.89255,8.92345,8.93345,8.89255,43
8.93345,8.96345,8.96345,8.92345,31
8.95345,8.99345,8.99345,8.95345,16
8.97345,8.95345,8.99345,8.94345,40
8.952549999999999,8.983450000000001,8.983450000000001,8.9434,50
8.98255,9.00255,9.03355,8.98165,41
9.012599999999999,9.04265,9.07265,9.00255,64
9.05265,9.04265,9.07265,9.03265,44
9.05265,8.96255,9.05265,8.952549999999999,40
8.96755,9.07265,9.07265,8.96255,47
9.06765,9.062650000000001,9.092649999999999,9.0626,42
9.07265,9.062650000000001,9.09355,9.0626,89
9.07265,9.062650000000001,9.083549999999999,9.0626,45
9.07265,8.983450000000001,9.07265,8.96255,64
8.98255,9.012599999999999,9.03265,8.97255,68
9.0176,8.99345,9.02985,8.94255,117
8.99845,8.992550000000001,9.0394,8.94255,139
9.00255,8.92345,9.00255,8.89335,103
8.91845,8.96345,8.97345,8.89335,64
8.97345,8.983450000000001,8.983450000000001,8.92345,46
8.99345,8.983450000000001,9.00345,8.9834,21
8.99345,8.983450000000001,9.03355,8.96345,72
8.99345,9.02025,9.0403,8.97345,54
9.0135,9.0135,9.06355,9.0135,49
9.02355,8.94345,9.02355,8.93345,47
8.95345,8.95345,8.97065,8.92345,45
8.94345,8.95345,8.98475,8.94345,46
8.94345,8.82335,8.96345,8.82335,91
8.81335,8.92345,8.92345,8.774149999999999,130
8.93345,8.97345,9.03355,8.93345,125
8.96345,8.983450000000001,9.0135,8.94345,64
8.99345,9.00345,9.01515,8.96345,58
9.0135,8.96345,9.0253,8.96345,52
8.97345,8.864249999999998,8.97515,8.86335,182
8.86335,8.903400000000001,8.93435,8.853349999999999,99
8.913450000000001,8.87425,8.93595,8.86335,112
8.8809,8.701049999999999,8.881350000000001,8.6801,234
8.690999999999999,8.5648,8.7106,8.5456,238
8.5698,8.5503,8.57565,8.52935,210
8.540299999999998,8.5708,8.5917,8.540299999999998,68
8.571200000000001,8.594850000000001,8.64135,8.54115,115
8.604849999999999,8.6409,8.645900000000001,8.604849999999999,73
8.6309,8.67185,8.711500000000001,8.6309,263
8.671,8.7119,8.7224,8.58165,247
8.716899999999999,8.7762,8.781649999999999,8.70585,136
8.781199999999998,8.7716,8.81165,8.741499999999998,69
8.76155,8.740649999999999,8.7716,8.74025,64
8.7507,8.71105,8.7507,8.690999999999999,45
8.72105,8.76415,8.78415,8.70405,46
8.774149999999999,8.71405,8.774149999999999,8.71405,44
8.7241,8.681000000000001,8.7248,8.670100000000001,58
8.681000000000001,8.74195,8.74195,8.664850000000001,65
8.73495,8.7119,8.73645,8.7004,88
8.7019,8.70495,8.7119,8.6618,55
8.71495,8.69495,8.72495,8.674949999999999,58
8.68495,8.71495,8.72495,8.68495,33
8.72495,8.73415,8.75195,8.72495,37
8.744150000000001,8.6649,8.744150000000001,8.654050000000002,44
8.6649,8.654050000000002,8.68495,8.64405,43
8.64405,8.674050000000001,8.68405,8.64405,47
8.68405,8.639050000000001,8.68405,8.57395,141
8.64405,8.64405,8.70405,8.6286,146
8.634,8.563949999999998,8.64405,8.543050000000001,82
8.55395,8.554749999999999,8.5831,8.483,130
8.5648,8.58395,8.585650000000001,8.5289,140
8.57395,8.5339,8.60395,8.5139,165
8.5339,8.5931,8.59395,8.5139,118
8.6031,8.51305,8.6031,8.503,104
8.50805,8.452950000000001,8.524750000000001,8.44295,200
8.472999999999999,8.50385,8.51985,8.46295,94
8.5139,8.5407,8.5503,8.50305,117
8.5307,8.563949999999998,8.5917,8.50475,127
8.55395,8.51475,8.563949999999998,8.50475,67
8.5139,8.5339,8.563949999999998,8.5139,95
8.5239,8.5139,8.524750000000001,8.48385,67
8.50385,8.473849999999999,8.5239,8.46385,91
8.472999999999999,8.49385,8.50385,8.453800000000001,47
8.498850000000001,8.54475,8.57395,8.4642,163
8.534749999999999,8.57395,8.57395,8.5239,65
8.584800000000001,8.60395,8.64405,8.5839,98
8.6031,8.51475,8.60395,8.51305,61
8.5139,8.55395,8.563949999999998,8.50305,69
8.563949999999998,8.604849999999999,8.604849999999999,8.55395,71
8.61485,8.563949999999998,8.62485,8.55395,29
8.56305,8.65315,8.66315,8.553049999999999,86
8.65815,8.63315,8.67315,8.63315,51
8.62315,8.63315,8.63315,8.5931,36
8.64315,8.5931,8.65315,8.573049999999999,48
8.6031,8.56305,8.6031,8.56305,33
8.5731,8.53305,8.5731,8.52305,19
8.52305,8.553049999999999,8.5731,8.52305,31
8.55805,8.5289,8.57395,8.51305,58
8.5339,8.492999999999999,8.5439,8.483,41
8.49385,8.543050000000001,8.54475,8.49385,70
8.5439,8.55395,8.5648,8.53305,292
8.563949999999998,8.624,8.62485,8.5439,56
8.62485,8.624,8.64485,8.62315,230
8.634,8.584800000000001,8.63485,8.5831,231
8.5748,8.59395,8.594850000000001,8.56305,278
8.58395,8.64315,8.674050000000001,8.58395,76
8.63315,8.5931,8.65315,8.5931,47
8.6031,8.54535,8.62315,8.54535,61
8.5654,8.56305,8.5794,8.543050000000001,40
8.563949999999998,8.553049999999999,8.563949999999998,8.543849999999999,18
8.55395,8.5339,8.55395,8.5239,52
8.5439,8.553049999999999,8.553049999999999,8.51305,50
8.56305,8.53305,8.56305,8.52305,41
8.52805,8.50385,8.53305,8.49295,65
8.50305,8.483,8.553049999999999,8.46295,112
8.472999999999999,8.5239,8.5244,8.4621,118
8.5139,8.58395,8.613949999999999,8.5139,115
8.57395,8.498850000000001,8.58395,8.49805,79
8.498850000000001,8.57995,8.590800000000002,8.49295,187
8.580400000000001,8.563949999999998,8.59395,8.543,68
8.553049999999999,8.5339,8.56485,8.51305,115
8.5289,8.52805,8.553999999999998,8.5038,128
8.52305,8.53305,8.549949999999999,8.51305,51
8.543050000000001,8.5931,8.6045,8.51305,88
8.59395,8.4438,8.60995,8.41295,166
8.4488,8.50305,8.50385,8.42375,139
8.49805,8.472999999999999,8.5139,8.472999999999999,133
8.473849999999999,8.74325,8.75505,8.473849999999999,380
8.753250000000001,8.87835,8.88335,8.67315,337
8.89335,9.030850000000001,9.09085,8.88335,238
9.040849999999999,9.02265,9.04265,9.00995,190
9.02175,9.092649999999999,9.1327,9.02175,146
9.082650000000001,9.073550000000001,9.10355,9.0526,190
9.053550000000001,9.04265,9.053550000000001,9.0281,34
9.03265,9.04265,9.05265,9.0117,45
9.05265,9.09995,9.09995,9.0399,81
9.09495,9.05995,9.09995,9.01995,97
9.069949999999999,9.049949999999999,9.07085,9.00995,141
9.049050000000001,9.11995,9.11995,9.0399,50
9.11905,9.04495,9.139949999999999,9.0399,137
9.039950000000001,9.08175,9.091750000000001,9.02995,68
9.07675,9.02175,9.08175,9.0099,87
9.0117,9.03175,9.04175,9.01165,62
9.02175,9.00165,9.03175,8.99165,26
9.0117,9.14085,9.204149999999998,9.01165,178
9.1509,9.12085,9.160900000000002,9.12085,65
9.11085,9.060849999999999,9.11085,9.058150000000001,62
9.07085,9.02175,9.08175,9.0081,49
9.02085,8.95075,9.02085,8.95075,64
8.96075,8.95985,8.969850000000001,8.94535,80
8.969850000000001,9.01905,9.030850000000001,8.96895,238
9.009,8.998999999999999,9.01995,8.988949999999999,54
8.99805,8.9999,9.01905,8.95985,73
8.98985,8.97165,9.00995,8.95805,81
8.97665,8.880749999999999,8.976700000000001,8.870750000000001,88
8.89075,8.90165,8.90255,8.870750000000001,141
8.89165,8.94165,8.95165,8.8716,104
8.95165,8.90165,8.961649999999999,8.8716,69
8.89165,8.88165,8.91165,8.8716,33
8.89165,8.90075,8.93165,8.8894,60
8.91075,8.918050000000001,8.95165,8.90805,95
8.92805,8.94895,8.96075,8.918050000000001,120
8.953949999999999,8.988949999999999,8.988949999999999,8.9289,133
8.998999999999999,8.992550000000001,9.030850000000001,8.94805,93
8.99075,8.98985,9.039950000000001,8.80155,315
8.9999,9.069949999999999,9.100850000000001,8.9698,119
9.05995,8.96075,9.14085,8.91075,178
8.96575,9.02815,9.02815,8.92075,113
9.01815,9.06905,9.079049999999999,8.988050000000001,98
9.079049999999999,9.229099999999999,9.229099999999999,9.039,90
9.22725,9.4092,9.500150000000001,9.20815,308
9.414200000000001,9.3992,9.4292,9.35915,172
9.38915,9.28915,9.3992,9.26915,98
9.299150000000001,9.33915,9.38915,9.28725,106
9.34915,9.3992,9.3992,9.3291,120
9.37915,9.258199999999999,9.4092,9.2482,111
9.2482,9.20815,9.258199999999999,9.19815,71
9.19815,9.258199999999999,9.41825,9.148150000000001,121
9.2482,9.2732,9.2782,9.18815,67
9.2782,9.36825,9.36825,9.2682,113
9.35825,9.3282,9.42825,9.2682,207
9.35915,9.2782,9.378250000000001,9.25915,67
9.277249999999999,9.258199999999999,9.279150000000001,9.21815,107
9.2482,9.2782,9.2982,9.19815,42
9.2682,9.2482,9.2682,9.21815,37
9.238150000000001,9.20815,9.238150000000001,9.178149999999999,36
9.20315,9.2432,9.2482,9.178149999999999,86
9.238150000000001,9.21815,9.3282,9.16815,197
9.20815,9.378250000000001,9.378250000000001,9.1981,111
9.36825,9.2832,9.378250000000001,9.27815,85
9.2782,9.257249999999999,9.2882,9.22725,89
9.26725,9.26725,9.30725,9.20725,113
9.257249999999999,9.277249999999999,9.29725,9.23725,57
9.28725,9.29725,9.30725,9.26725,46
9.30225,9.397300000000001,9.39825,9.29725,101
9.3873,9.48825,9.4983,9.3873,64
9.47825,9.43825,9.4973,9.4073,74
9.42825,9.38825,9.43825,9.35825,91
9.378250000000001,9.41825,9.47825,9.378250000000001,95
9.408249999999999,9.41825,9.43825,9.38825,58
9.42825,9.293199999999999,9.50875,9.2532,234
9.293199999999999,9.22815,9.318200000000001,9.21815,182
9.238150000000001,9.2482,9.3082,9.2381,58
9.238150000000001,9.286349999999999,9.2982,9.178149999999999,106
9.28725,9.3082,9.318200000000001,9.258199999999999,82
9.30725,9.2882,9.3082,9.238150000000001,102
9.2982,9.34825,9.34825,9.2882,56
9.3473,9.2882,9.378250000000001,9.2782,106
9.28725,9.337299999999999,9.357299999999999,9.28725,46
9.32725,9.06815,9.357299999999999,9.01815,124
9.0677,9.02815,9.09815,9.007650000000002,177
9.03815,9.07815,9.11815,9.03815,107
9.08315,9.088149999999999,9.09905,9.0781,57
9.09815,9.10815,9.11815,9.07815,28
9.09815,9.16405,9.18905,9.07815,90
9.15905,9.31915,9.32915,9.149049999999999,107
9.309149999999999,9.18815,9.31915,9.18815,72
9.178149999999999,9.12815,9.19815,9.1181,130
9.13815,9.13815,9.17905,9.12815,77
9.139050000000001,8.95805,9.139050000000001,8.94895,179
8.968050000000002,9.02815,9.06815,8.92805,80
9.01815,9.01815,9.02815,8.97805,52
9.013100000000001,9.04815,9.07815,9.0081,56
9.04315,9.11905,9.17905,9.04315,51
9.12905,9.09905,9.15905,9.06815,109
9.08905,9.06815,9.13815,9.058150000000001,73
9.058150000000001,9.08905,9.15905,9.039,190
9.08905,9.11815,9.169049999999999,9.06815,146
9.12815,9.19905,9.19905,9.12815,95
9.229099999999999,9.2091,9.2341,9.18905,36
9.21,9.19905,9.21,9.18815,23
9.18905,9.22815,9.2391,9.178149999999999,59
9.238150000000001,9.2482,9.2491,9.22815,69
9.238150000000001,9.2882,9.309149999999999,9.2381,25
9.2982,9.2491,9.3082,9.2491,22
