23965.0,23920.0,23978.0,23895.0,550
23915.0,23960.0,23963.0,23895.0,503
23963.0,23980.0,24026.5,23955.0,531
23983.0,23975.0,23999.0,23962.5,419
23980.0,23953.0,24015.0,23940.0,475
23955.0,23970.0,24038.0,23890.0,1191
23973.0,24025.0,24025.0,23905.0,1209
24030.0,24025.0,24055.0,23983.0,1189
24023.0,24080.0,24085.0,24015.0,863
24075.0,24148.0,24150.0,24075.0,324
23865.0,23933.0,23980.0,23853.0,1303
23928.0,23870.0,23988.0,23790.0,1256
23868.0,23932.0,23967.0,23860.0,977
23930.0,23857.0,23942.0,23845.0,766
23860.0,23877.0,23887.0,23812.0,580
23872.0,23967.0,23977.0,23870.0,572
23972.0,24027.0,24027.0,23957.0,457
24025.0,24037.0,24042.0,24012.0,365
24042.0,24037.0,24087.0,24027.0,526
24032.0,24002.0,24052.0,23992.0,571
24005.0,23992.0,24027.0,23967.0,359
23990.0,24022.0,24032.0,23982.0,335
24027.0,23997.0,24027.0,23972.0,343
24002.0,24027.0,24037.0,23942.0,925
24025.0,23922.0,24027.0,23857.0,1068
23917.0,23902.0,23917.0,23857.0,1108
23887.0,23892.0,23945.0,23860.0,951
23902.0,23872.0,23902.0,23852.0,363
24100.0,24097.0,24167.0,24067.0,1216
24092.0,24077.0,24105.0,24036.0,954
24075.0,23994.0,24082.0,23949.0,856
23992.0,23994.0,24025.5,23986.5,456
23997.0,23964.0,23999.0,23924.0,605
23962.0,24017.0,24022.0,23954.0,491
24019.0,24029.0,24039.0,23999.0,416
24024.0,23974.0,24034.0,23974.0,378
23972.0,23909.0,24004.0,23874.0,541
23904.0,23894.0,23924.0,23857.0,617
23889.0,23942.0,23954.0,23879.0,433
23944.0,24002.0,24005.5,23924.0,630
23999.0,23994.0,24024.0,23969.0,367
23994.0,24087.0,24099.0,23992.0,1139
24084.0,24189.0,24190.5,24059.0,999
24194.0,24262.0,24264.0,24184.0,848
24264.0,24284.0,24304.0,24242.0,792
24284.0,24237.0,24289.0,24229.0,365
24267.0,24274.0,24334.0,24259.0,800
24279.0,24354.0,24354.0,24269.0,542
24352.0,24264.0,24354.0,24261.0,450
24266.0,24246.0,24271.0,24211.0,453
24251.0,24286.0,24298.5,24236.0,358
24281.0,24341.0,24346.0,24281.0,427
24336.0,24301.0,24376.0,24299.0,372
24296.0,24276.0,24301.0,24261.0,341
24274.0,24346.0,24366.0,24271.0,593
24351.0,24324.0,24354.0,24306.0,450
24321.0,24331.0,24331.0,24306.0,233
24329.0,24366.0,24376.0,24291.0,658
24364.0,24366.0,24371.0,24331.0,541
24361.0,24446.0,24456.0,24361.0,993
24444.0,24499.0,24521.0,24444.0,748
24501.0,24529.0,24536.0,24499.0,447
24531.0,24566.0,24576.0,24521.0,489
24566.0,24561.0,24566.0,24516.0,230
24621.0,24519.0,24669.0,24491.0,1230
24516.0,24496.0,24546.0,24476.0,740
24491.0,24536.0,24581.0,24461.0,694
24539.0,24506.0,24576.0,24476.0,657
24509.0,24496.0,24509.0,24446.0,444
24499.0,24556.0,24566.0,24491.0,510
24551.0,24566.0,24581.0,24536.0,347
24561.0,24576.0,24576.0,24538.5,309
24571.0,24566.0,24571.0,24541.0,462
24569.0,24531.0,24571.0,24516.0,386
24526.0,24539.0,24556.0,24524.0,278
24536.0,24591.0,24616.0,24531.0,748
24601.0,24611.0,24621.0,24591.0,411
24616.0,24636.0,24656.0,24606.0,773
24639.0,24616.0,24651.0,24611.0,573
24621.0,24584.0,24626.0,24581.0,567
24591.0,24626.0,24631.0,24576.0,537
24631.0,24656.0,24676.0,24626.0,239
24774.0,24781.0,24821.0,24731.0,1175
24784.0,24806.0,24831.0,24781.0,553
24804.0,24811.0,24836.0,24796.0,454
24814.0,24721.0,24814.0,24721.0,336
24726.0,24746.0,24749.0,24694.0,475
24744.0,24726.0,24756.0,24721.0,344
24731.0,24736.0,24761.0,24726.0,241
24741.0,24751.0,24756.0,24726.0,429
24749.0,24759.0,24761.0,24741.0,289
24756.0,24764.0,24766.0,24741.0,224
24761.0,24709.0,24766.0,24696.0,262
24711.0,24706.0,24721.0,24686.0,391
24711.0,24686.0,24726.0,24686.0,374
24689.0,24721.0,24731.0,24681.0,403
24724.0,24756.0,24761.0,24721.0,437
24759.0,24801.0,24806.0,24759.0,435
24799.0,24816.0,24816.0,24774.0,473
24811.0,24819.0,24831.0,24801.0,167
24729.0,24691.0,24754.0,24631.0,1275
24686.0,24674.0,24696.0,24626.0,723
24676.0,24784.0,24789.0,24676.0,732
24782.0,24764.0,24789.0,24734.0,626
24762.0,24669.0,24762.0,24652.0,642
24669.0,24639.0,24674.0,24589.0,763
24644.0,24609.0,24644.0,24599.0,534
24614.0,24624.0,24659.0,24594.0,607
24622.0,24609.0,24649.0,24604.0,525
24607.0,24597.0,24619.0,24579.0,486
24594.0,24569.0,24599.0,24539.0,413
24572.0,24519.0,24577.0,24514.0,565
24517.0,24602.0,24614.0,24509.0,667
24602.0,24509.0,24619.0,24472.0,753
24507.0,24522.0,24569.0,24449.0,825
24519.0,24552.0,24579.0,24514.0,738
24547.0,24499.0,24572.0,24499.0,685
24492.0,24544.0,24574.0,24474.0,393
24644.0,24599.0,24694.0,24574.0,1243
24597.0,24574.0,24624.0,24539.0,751
24577.0,24524.0,24594.0,24486.5,938
24522.0,24524.0,24559.0,24504.0,560
24527.0,24569.0,24569.0,24527.0,471
24574.0,24544.0,24582.0,24544.0,331
24539.0,24497.0,24544.0,24489.0,396
24494.0,24487.0,24519.0,24464.0,369
24489.0,24489.0,24514.0,24482.0,396
24494.0,24517.0,24534.0,24487.0,508
24519.0,24524.0,24534.0,24499.0,434
24527.0,24534.0,24567.0,24519.0,369
24534.0,24544.0,24564.0,24519.0,421
24544.0,24534.0,24579.0,24524.0,761
24539.0,24389.0,24544.0,24372.0,798
24392.0,24339.0,24399.0,24306.5,827
24337.0,24239.0,24339.0,24224.0,708
24242.0,24284.0,24289.0,24229.0,299
24397.0,24354.0,24409.0,24299.0,916
24352.0,24319.0,24359.0,24279.0,584
24317.0,24357.0,24374.0,24284.0,501
24359.0,24337.0,24379.0,24334.0,396
24334.0,24364.0,24374.0,24309.0,431
24359.0,24344.0,24369.0,24339.0,316
24342.0,24327.0,24362.0,24322.0,291
24334.0,24389.0,24397.0,24324.0,208
24387.0,24394.0,24399.0,24359.0,210
24399.0,24392.0,24414.0,24384.0,233
24389.0,24392.0,24434.0,24369.0,504
24389.0,24394.0,24419.0,24384.0,538
24392.0,24362.0,24399.0,24339.0,741
24364.0,24357.0,24407.0,24329.0,859
24357.0,24319.0,24399.0,24299.0,762
24319.0,24362.0,24367.0,24317.0,651
24362.0,24439.0,24450.5,24354.0,439
24434.0,24419.0,24449.0,24413.0,211
24584.0,24414.0,24589.0,24414.0,832
24409.0,24354.0,24427.0,24354.0,501
24359.0,24376.0,24416.0,24344.0,395
24374.0,24404.0,24406.0,24366.0,307
24406.0,24381.0,24416.0,24376.0,316
24384.0,24391.0,24406.0,24366.0,395
24389.0,24351.0,24391.0,24311.0,372
24356.0,24306.0,24361.0,24301.0,398
24304.0,24266.0,24306.0,24241.0,420
24261.0,24246.0,24271.0,24241.0,374
24249.0,24261.0,24271.0,24241.0,285
24264.0,24221.0,24314.0,24206.0,1005
24224.0,24184.0,24246.0,24176.0,439
24186.0,24184.0,24216.0,24136.0,792
24186.0,24166.0,24211.0,24146.0,725
24156.0,24151.0,24171.0,24131.0,567
24149.0,24151.0,24151.0,24116.0,541
24154.0,24191.0,24199.0,24141.0,251
24361.0,24411.0,24466.0,24346.0,804
24416.0,24474.0,24481.0,24366.0,561
24479.0,24553.0,24556.0,24476.0,448
24556.0,24553.0,24588.0,24538.0,255
24548.0,24523.0,24551.0,24508.0,251
24528.0,24528.0,24538.0,24498.0,259
24526.0,24538.0,24548.0,24523.0,158
24533.0,24513.0,24548.0,24513.0,233
24516.0,24508.0,24526.0,24493.0,165
24513.0,24531.0,24531.0,24496.0,260
24533.0,24548.0,24558.0,24518.0,238
24553.0,24558.0,24576.0,24543.0,253
24561.0,24578.0,24583.0,24553.0,270
24586.0,24611.0,24611.0,24558.0,490
24618.0,24676.0,24678.0,24611.0,588
24676.0,24663.0,24686.0,24651.0,400
24668.0,24598.0,24673.0,24568.0,514
24601.0,24593.0,24603.0,24573.0,277
24446.0,24461.0,24498.0,24411.0,1116
24463.0,24448.0,24473.0,24413.0,642
24446.0,24411.0,24463.0,24411.0,473
24408.0,24418.0,24453.0,24393.0,394
24413.0,24388.0,24421.0,24348.0,287
24386.0,24353.0,24403.0,24348.0,257
24351.0,24323.0,24378.0,24293.0,323
24326.0,24273.0,24348.0,24261.0,430
24276.0,24328.0,24338.0,24233.0,729
24323.0,24318.0,24348.0,24298.0,382
24323.0,24343.0,24353.0,24298.0,317
24348.0,24293.0,24353.0,24293.0,532
24293.0,24303.0,24313.0,24273.0,389
24306.0,24286.0,24353.0,24283.0,657
24286.0,24348.0,24353.0,24263.0,640
24348.0,24353.0,24394.5,24343.0,450
24356.0,24358.0,24383.0,24345.5,389
24363.0,24398.0,24403.0,24353.0,209
24463.0,24313.0,24468.0,24303.0,1101
24311.0,24276.0,24338.0,24272.0,680
24273.0,24293.0,24293.0,24235.5,632
24288.0,24368.0,24373.0,24288.0,485
24363.0,24338.0,24368.0,24288.0,542
24336.0,24333.0,24368.0,24323.0,380
24338.0,24286.0,24338.0,24273.0,489
24283.0,24273.0,24298.0,24263.0,381
24268.0,24283.0,24303.0,24248.0,401
24288.0,24258.0,24293.0,24238.0,294
24253.0,24243.0,24273.0,24233.0,347
24238.0,24198.0,24241.0,24183.0,500
24201.0,24173.0,24203.0,24158.0,432
24163.0,24211.0,24228.0,24133.0,668
24211.0,24163.0,24213.0,24113.0,607
24163.0,24203.0,24203.0,24158.0,666
24201.0,24238.0,24253.0,24183.0,418
24243.0,24253.0,24266.0,24233.0,194
24133.0,24088.0,24151.0,24068.0,975
24083.0,24103.0,24119.5,23996.0,817
24106.0,24056.0,24106.0,24031.0,487
24054.0,24176.0,24176.0,24051.0,576
24171.0,24116.0,24191.0,24114.0,498
24126.0,24106.0,24156.0,24066.0,322
24111.0,24144.0,24146.0,24066.0,436
24146.0,24086.0,24151.0,24079.0,501
24084.0,24126.0,24181.0,24081.0,560
24124.0,24011.0,24201.0,23996.0,1220
24009.0,23919.0,24016.0,23881.0,1024
23916.0,23789.0,23936.0,23786.0,1441
23786.0,23721.0,23796.0,23641.0,1112
23721.0,23846.0,23846.0,23687.5,1019
23844.0,23879.0,23879.0,23741.0,863
23884.0,23851.0,23886.0,23791.0,646
23854.0,23794.0,23854.0,23786.0,614
23789.0,23789.0,23811.0,23756.0,274
23621.0,23301.0,23634.0,23299.0,1486
23304.0,23251.0,23396.0,23251.0,1390
23256.0,23259.0,23325.0,23241.0,1283
23256.0,23154.0,23256.0,23141.0,824
23151.0,23181.0,23201.0,23141.0,788
23186.0,22961.0,23186.0,22906.0,896
22966.0,22891.0,22971.0,22886.0,673
22886.0,22894.0,22921.0,22865.0,572
22896.0,22876.0,22906.0,22861.0,530
22871.0,22851.0,22946.0,22844.0,460
22856.0,22884.0,22931.0,22841.0,654
22886.0,22704.0,22886.0,22579.0,1716
22706.0,22669.0,22776.0,22645.0,1111
22666.0,22634.0,22727.5,22621.0,857
22631.0,22551.0,22631.0,22543.5,899
22551.0,22651.0,22734.0,22541.0,912
22649.0,22579.0,22654.0,22564.0,658
22581.0,22556.0,22604.0,22541.0,301
22149.0,22079.0,22264.0,22051.0,2650
22076.0,22181.0,22206.0,22031.0,1755
22179.0,22056.0,22181.0,22036.0,1305
22061.0,21991.0,22146.0,21981.0,1501
21989.0,22061.0,22136.0,21976.0,1274
22066.0,22027.0,22116.0,21981.0,1241
22032.0,22030.0,22072.0,21987.0,883
22032.0,22007.0,22077.0,21997.0,739
22012.0,22037.0,22090.0,22012.0,839
22040.0,21990.0,22062.0,21970.0,560
21987.0,22075.0,22082.0,21987.0,710
22077.0,22010.0,22101.0,22007.0,709
22012.0,21972.0,22022.0,21970.0,487
21970.0,21967.0,22077.0,21966.0,925
21970.0,21830.0,21997.0,21827.0,694
21830.0,21840.0,21887.0,21797.0,649
21835.0,21917.0,21977.0,21802.0,683
21927.0,21987.0,21992.0,21872.0,365
22050.0,21972.0,22062.0,21922.0,562
21977.0,22052.0,22107.0,21950.0,1105
22050.0,21937.0,22062.0,21907.0,1116
21932.0,21887.0,22002.0,21875.0,998
21885.0,21797.0,21902.0,21795.0,883
21800.0,21700.0,21837.0,21687.0,927
21697.0,21632.0,21702.0,21612.0,808
21630.0,21727.0,21762.0,21622.0,980
21732.0,21762.0,21797.0,21677.0,818
21757.0,21717.0,21790.0,21707.0,612
21720.0,21855.0,21887.0,21715.0,877
21857.0,21952.0,21967.0,21857.0,990
21942.0,22002.0,22030.0,21920.0,715
22027.0,22112.0,22112.0,21897.0,872
22097.0,21915.0,22127.0,21910.0,789
21907.0,21962.0,22002.0,21889.5,648
21962.0,21882.0,21992.0,21857.0,631
21887.0,21807.0,21890.0,21803.5,305
22375.0,22345.0,22500.0,22322.0,1642
22350.0,22287.0,22372.0,22077.0,1401
22277.0,22551.0,22568.0,22277.0,1193
22553.0,22446.0,22558.0,22418.0,696
22448.0,22366.0,22448.0,22313.0,815
22366.0,22458.0,22508.0,22363.0,1050
22456.0,22421.0,22518.0,22407.0,644
22418.0,22428.0,22451.0,22406.0,594
22426.0,22486.0,22488.0,22398.0,642
22483.0,22521.0,22530.5,22471.0,748
22518.0,22258.0,22543.0,22253.0,1426
22256.0,22413.0,22413.0,22233.0,1369
22416.0,22498.0,22518.0,22362.0,865
22506.0,22536.0,22553.0,22453.0,810
22533.0,22578.0,22603.0,22531.0,553
22578.0,22553.0,22586.0,22511.0,555
22553.0,22478.0,22568.0,22448.0,542
22476.0,22473.0,22498.0,22423.0,241
22388.0,22161.0,22403.0,22098.0,1798
22158.0,22028.0,22158.0,21983.0,2582
22026.0,22086.0,22136.0,22013.0,1473
22088.0,21986.0,22093.0,21983.0,1353
21983.0,21903.0,21989.5,21881.0,1271
21908.0,21843.0,21918.0,21783.0,1121
21838.0,21771.0,21871.0,21763.0,949
21768.0,21741.0,21796.0,21736.0,776
21736.0,21908.0,21928.0,21736.0,1580
21906.0,21783.0,21913.0,21743.0,1414
21781.0,21903.0,21978.0,21778.0,1118
21901.0,21893.0,21963.0,21883.0,1355
21898.0,21858.0,21923.0,21853.0,866
21861.0,21813.0,21906.0,21788.0,987
21808.0,21818.0,21846.0,21771.0,878
21813.0,21758.0,21833.0,21723.0,783
21748.0,21806.0,21843.0,21748.0,720
21813.0,21713.0,21813.0,21693.0,376
21723.0,21903.0,21923.0,21658.0,798
21898.0,21928.0,21983.0,21763.0,2150
21926.0,22098.0,22101.0,21911.0,1201
22103.0,22073.0,22153.0,22013.0,1050
22071.0,22108.0,22148.0,22053.0,1032
22113.0,22108.0,22126.0,22008.0,1260
22103.0,22088.0,22128.0,22061.0,918
22093.0,22088.0,22128.0,22063.0,697
22093.0,22223.0,22223.0,22083.0,923
22221.0,22148.0,22228.0,22118.0,661
22146.0,22133.0,22178.0,22133.0,563
22136.0,22038.0,22158.0,22038.0,631
22036.0,21966.0,22048.0,21951.0,871
21978.0,22058.0,22083.0,21973.0,871
22053.0,21863.0,22053.0,21846.0,746
21866.0,21828.0,21881.0,21778.0,813
21816.0,21823.0,21891.0,21781.0,680
21826.0,21798.0,21891.0,21753.0,401
21854.0,21779.0,21889.0,21714.0,1674
21782.0,21874.0,21874.0,21769.0,1175
21872.0,21877.0,21901.5,21849.0,787
21874.0,21864.0,21937.0,21854.0,702
21867.0,21842.0,21867.0,21799.0,758
21839.0,21879.0,21879.0,21832.0,610
21884.0,21939.0,21954.0,21874.0,541
21937.0,21899.0,21972.0,21899.0,397
21904.0,21909.0,21934.0,21879.0,313
21907.0,21939.0,21949.0,21904.0,274
21944.0,21967.0,21974.0,21934.0,294
21964.0,21949.0,21984.0,21947.0,342
21947.0,21994.0,22002.0,21944.0,400
21997.0,22019.0,22034.0,21979.0,707
22019.0,22009.0,22029.0,21994.0,416
22012.0,21954.0,22014.0,21954.0,374
21952.0,21989.0,22004.0,21949.0,401
21992.0,21994.0,22012.0,21969.0,229
22097.0,22194.0,22214.0,22049.0,1454
22192.0,22234.0,22269.0,22189.0,1011
22237.0,22251.0,22301.0,22216.0,711
22249.0,22271.0,22274.0,22201.0,550
22274.0,22241.0,22284.0,22236.0,471
22239.0,22214.0,22276.0,22206.0,486
22216.0,22229.0,22246.0,22186.0,558
22226.0,22211.0,22251.0,22186.0,504
22206.0,22186.0,22226.0,22136.0,412
22184.0,22106.0,22191.0,22096.0,533
22109.0,22101.0,22131.0,22071.0,476
22091.0,22066.0,22111.0,22056.0,415
22064.0,22101.0,22121.0,22064.0,494
22111.0,22124.0,22124.0,22024.0,825
22119.0,22081.0,22151.0,22066.0,653
22089.0,22101.0,22121.0,22076.0,586
22096.0,22076.0,22116.0,22051.0,537
22071.0,22074.0,22106.0,22054.0,234
21769.0,21676.0,21776.0,21581.0,2416
21674.0,21601.0,21714.0,21596.0,1466
21606.0,21571.0,21636.0,21546.0,1149
21569.0,21561.0,21626.0,21501.0,958
21556.0,21536.0,21591.0,21524.0,674
21539.0,21526.0,21561.0,21511.0,632
21524.0,21616.0,21621.0,21511.0,523
21611.0,21606.0,21636.0,21604.0,387
21611.0,21684.0,21694.0,21611.0,671
21686.0,21641.0,21686.0,21641.0,452
21634.0,21626.0,21636.0,21576.0,483
21631.0,21639.0,21641.0,21586.0,586
21641.0,21681.0,21686.0,21599.0,501
21674.0,21744.0,21801.0,21646.0,1049
21741.0,21901.0,21916.0,21694.0,1109
21904.0,21896.0,21941.0,21873.5,913
21894.0,21811.0,21896.0,21798.5,710
21814.0,21824.0,21834.0,21779.0,339
21709.0,21569.0,21746.0,21536.0,1774
21576.0,21469.0,21576.0,21451.0,1592
21461.0,21566.0,21601.0,21451.0,1388
21568.0,21573.0,21583.0,21525.5,825
21576.0,21713.0,21743.0,21573.0,863
21711.0,21691.0,21728.0,21670.5,735
21693.0,21863.0,21863.0,21683.0,577
21868.0,21941.0,21973.0,21836.0,619
21943.0,21938.0,21948.0,21893.0,583
21936.0,21888.0,21938.0,21848.0,808
21891.0,21818.0,21901.0,21816.0,452
21821.0,21736.0,21826.0,21723.0,642
21733.0,21738.0,21773.0,21708.0,564
21741.0,21696.0,21768.0,21618.0,1270
21693.0,21631.0,21713.0,21608.0,1130
21633.0,21736.0,21741.0,21633.0,847
21736.0,21688.0,21736.0,21671.0,645
21686.0,21613.0,21693.0,21596.0,364
21723.0,21616.0,21776.0,21598.0,1338
21613.0,21666.0,21691.0,21596.0,860
21668.0,21713.0,21716.0,21648.0,793
21708.0,21753.0,21766.0,21703.0,533
21756.0,21768.0,21813.0,21743.0,540
21773.0,21776.0,21788.5,21738.0,505
21773.0,21798.0,21823.0,21758.0,485
21793.0,21853.0,21853.0,21778.0,355
21853.0,21888.0,21889.5,21848.0,314
21883.0,21858.0,21896.0,21838.5,278
21861.0,21848.0,21918.0,21843.0,247
21843.0,21826.0,21853.0,21792.0,272
21823.0,21838.0,21853.0,21803.0,227
21843.0,21938.0,21963.0,21838.0,492
21946.0,22128.0,22153.0,21946.0,817
22123.0,22128.0,22153.0,22088.0,492
22131.0,22161.0,22168.0,22118.0,470
22161.0,22138.0,22186.0,22103.0,291
22246.0,22318.0,22355.5,22208.0,1398
22321.0,22273.0,22346.0,22258.0,911
22271.0,22192.0,22308.0,22172.0,862
22189.0,22067.0,22199.0,22057.0,528
22069.0,22114.0,22124.0,22044.0,304
22112.0,22059.0,22114.0,22044.0,387
22062.0,22024.0,22072.0,22009.0,393
22029.0,22052.0,22059.0,22004.0,403
22049.0,22014.0,22074.0,22014.0,250
22017.0,21989.0,22034.0,21979.0,274
21994.0,21984.0,22024.0,21982.0,423
21989.0,21979.0,22017.0,21957.0,430
21982.0,21969.0,21997.0,21959.0,375
21974.0,21874.0,21989.0,21867.0,825
21877.0,21864.0,21952.0,21839.0,920
21859.0,21957.0,21972.0,21849.0,659
21957.0,21974.0,21974.0,21904.0,653
21977.0,21934.0,21997.0,21912.0,328
22089.0,22084.0,22212.0,22049.0,1628
22079.0,22102.0,22109.0,22024.0,1212
22104.0,22185.0,22200.0,22099.0,776
22183.0,22203.0,22210.0,22160.0,595
22205.0,22250.0,22280.0,22200.0,526
22245.0,22168.0,22253.0,22160.0,659
22170.0,22185.0,22190.0,22145.0,468
22188.0,22225.0,22233.0,22175.0,391
22230.0,22245.0,22245.0,22205.0,414
22240.0,22213.0,22243.0,22195.0,342
22210.0,22173.0,22225.0,22170.0,372
22170.0,22168.0,22190.0,22160.0,351
22175.0,22183.0,22195.0,22150.0,420
22188.0,22268.0,22290.0,22173.0,791
22263.0,22190.0,22275.0,22170.0,820
22188.0,22173.0,22190.0,22110.0,697
22170.0,22110.0,22190.0,22095.0,587
22105.0,22065.0,22115.0,22059.0,297
21855.0,21933.0,21985.0,21843.0,1626
21935.0,21838.0,21935.0,21833.0,1200
21840.0,21837.0,21914.0,21825.0,984
21839.0,21854.0,21894.0,21839.0,590
21854.0,21869.0,21894.0,21844.0,555
21872.0,21769.0,21874.0,21759.0,625
21774.0,21792.0,21869.0,21774.0,767
21789.0,21809.0,21814.0,21779.0,532
21814.0,21789.0,21814.0,21739.0,417
21787.0,21884.0,21904.0,21779.0,433
21887.0,21934.0,21979.0,21887.0,565
21932.0,21909.0,21937.0,21874.0,523
21907.0,21939.0,21944.0,21899.0,447
21932.0,21912.0,21949.0,21799.0,1056
21909.0,21867.0,21957.0,21824.0,1063
21864.0,21854.0,21909.0,21839.0,907
21857.0,21824.0,21864.0,21809.0,743
21824.0,21852.0,21874.0,21799.0,331
21532.0,21419.0,21554.0,21384.0,2273
21417.0,21469.0,21564.0,21394.0,1444
21467.0,21394.0,21564.0,21387.0,944
21389.0,21434.0,21474.0,21324.0,1284
21437.0,21279.0,21454.0,21279.0,746
21282.0,21374.0,21384.0,21269.0,803
21369.0,21299.0,21384.0,21297.0,600
21297.0,21284.0,21309.0,21229.0,462
21289.0,21249.0,21294.0,21224.0,603
21244.0,21227.0,21249.0,21194.0,568
21224.0,21274.0,21294.0,21219.0,553
21272.0,21254.0,21356.5,21252.0,940
21257.0,21287.0,21304.0,21244.0,460
21289.0,21167.0,21312.0,21142.0,923
21169.0,21149.0,21212.0,21137.0,827
21149.0,21252.0,21259.0,21149.0,809
21249.0,21314.0,21367.0,21207.0,757
21319.0,21344.0,21344.0,21299.0,391
21124.0,21194.0,21199.0,21024.0,1731
21197.0,21274.0,21334.0,21194.0,1010
21277.0,21379.0,21394.0,21219.0,860
21374.0,21364.0,21419.0,21364.0,679
21367.0,21389.0,21424.0,21330.5,787
21387.0,21404.0,21414.0,21354.0,602
21409.0,21374.0,21414.0,21362.0,465
21379.0,21257.0,21389.0,21249.0,483
21267.0,21249.0,21274.0,21242.0,692
21252.0,21199.0,21269.0,21187.0,530
21197.0,21239.0,21254.0,21184.0,608
21242.0,21334.0,21342.0,21214.0,571
21339.0,21324.0,21369.0,21319.0,595
21329.0,21537.0,21554.0,21307.0,1039
21539.0,21342.0,21554.0,21334.0,997
21342.0,21294.0,21345.5,21239.0,832
21292.0,21344.0,21364.0,21269.0,695
21347.0,21367.0,21379.0,21339.0,264
21474.0,21479.0,21567.0,21424.0,1596
21474.0,21389.0,21487.0,21344.0,1159
21382.0,21382.0,21411.5,21354.0,779
21379.0,21352.0,21389.0,21322.0,511
21349.0,21419.0,21424.0,21339.0,479
21422.0,21524.0,21529.0,21408.0,679
21527.0,21524.0,21532.0,21469.0,385
21519.0,21497.0,21529.0,21484.0,260
21499.0,21489.0,21514.0,21454.0,254
21487.0,21494.0,21534.0,21469.0,272
21489.0,21469.0,21504.0,21454.0,276
21474.0,21487.0,21509.0,21464.0,194
21489.0,21499.0,21519.0,21479.0,141
21497.0,21452.0,21499.0,21449.0,245
21449.0,21372.0,21452.0,21354.0,461
21369.0,21374.0,21377.0,21319.0,404
21372.0,21394.0,21417.0,21369.0,295
21399.0,21329.0,21404.0,21324.0,204
21472.0,21434.0,21484.0,21369.0,1427
21432.0,21379.0,21464.0,21374.0,972
21369.0,21179.0,21389.0,21174.0,1082
21177.0,21147.0,21212.0,21140.5,1118
21157.0,21164.0,21194.0,21122.0,950
21162.0,21209.0,21224.0,21122.0,819
21207.0,21199.0,21249.0,21184.0,491
21202.0,21209.0,21259.0,21194.0,323
21214.0,21197.0,21224.0,21154.0,536
21199.0,21079.0,21204.0,21059.0,494
21082.0,20919.0,21084.0,20864.0,1465
20914.0,20864.0,20934.0,20849.0,1107
20862.0,20834.0,20884.0,20814.0,902
20844.0,20892.0,20917.0,20799.0,1659
20889.0,20899.0,20929.0,20827.0,1429
20899.0,20849.0,20994.0,20844.0,1251
20844.0,20704.0,20844.0,20689.0,947
20699.0,20694.0,20769.0,20684.0,447
20982.0,21024.0,21047.0,20904.0,1951
21022.0,20939.0,21054.0,20939.0,1148
20944.0,20839.0,20960.0,20839.0,1092
20836.0,20806.0,20854.0,20774.0,812
20809.0,20844.0,20861.0,20736.0,757
20841.0,20851.0,20876.0,20796.0,556
20849.0,20924.0,20936.0,20849.0,513
20926.0,20894.0,20961.0,20866.0,524
20889.0,20846.0,20916.0,20846.0,397
20851.0,20824.0,20869.0,20811.0,438
20821.0,20836.0,20846.0,20766.0,491
20841.0,20871.0,20901.0,20836.0,475
20874.0,20921.0,20931.0,20871.0,415
20931.0,20966.0,20976.0,20909.0,1082
20954.0,21026.0,21056.0,20930.0,1184
21029.0,21021.0,21061.0,20986.0,755
21026.0,20931.0,21031.0,20929.0,798
20934.0,20939.0,20946.0,20901.0,315
21179.0,21251.0,21255.0,21136.0,1339
21256.0,21344.0,21366.0,21256.0,996
21341.0,21407.0,21430.0,21341.0,627
21412.0,21352.0,21432.0,21302.0,705
21342.0,21367.0,21395.0,21322.0,1116
21365.0,21347.0,21397.0,21332.0,509
21342.0,21332.0,21357.0,21292.0,461
21335.0,21330.0,21372.0,21292.0,432
21332.0,21262.0,21332.0,21257.0,477
21260.0,21367.0,21375.0,21257.0,453
21365.0,21372.0,21402.0,21342.0,429
21365.0,21402.0,21417.0,21365.0,362
21400.0,21417.0,21432.0,21392.0,353
21422.0,21527.0,21542.0,21422.0,831
21520.0,21497.0,21520.0,21462.0,652
21500.0,21547.0,21567.0,21500.0,323
21550.0,21552.0,21582.0,21537.0,487
21550.0,21550.0,21560.0,21520.0,275
21572.0,21547.0,21602.0,21467.0,1154
21545.0,21602.0,21617.0,21535.0,682
21597.0,21585.0,21655.0,21580.0,573
21580.0,21535.0,21590.0,21485.0,632
21538.0,21530.0,21555.0,21485.0,494
21528.0,21610.0,21630.0,21523.0,676
21613.0,21805.0,21845.0,21608.0,882
21808.0,21685.0,21840.0,21655.0,864
21688.0,21695.0,21705.0,21630.0,639
21693.0,21705.0,21720.0,21665.0,486
21703.0,21713.0,21748.0,21700.0,445
21718.0,21660.0,21720.0,21560.0,1363
21665.0,21705.0,21725.0,21660.0,698
21715.0,21630.0,21770.0,21620.0,1227
21635.0,21760.0,21760.0,21590.0,840
21758.0,21758.0,21790.0,21745.0,584
21758.0,21765.0,21772.5,21725.0,426
21768.0,21725.0,21793.0,21718.0,278
21503.0,21530.0,21570.0,21425.0,1606
21525.0,21520.0,21580.0,21485.0,1131
21523.0,21588.0,21643.0,21490.0,981
21591.0,21668.0,21670.5,21588.0,634
21666.0,21698.0,21733.0,21648.0,617
21701.0,21718.0,21731.0,21683.0,407
21721.0,21733.0,21773.0,21698.0,499
21738.0,21756.0,21771.0,21718.0,336
21758.0,21738.0,21781.0,21728.0,350
21736.0,21718.0,21753.0,21696.0,427
21721.0,21746.0,21756.0,21703.0,254
21743.0,21686.0,21753.0,21673.0,441
21688.0,21673.0,21703.0,21658.0,383
21663.0,21656.0,21703.0,21573.0,1046
21646.0,21603.0,21673.0,21573.0,900
21601.0,21578.0,21663.0,21578.0,739
21573.0,21588.0,21626.0,21563.0,597
21586.0,21598.0,21626.0,21566.0,287
21371.0,21368.0,21453.0,21336.0,1763
21366.0,21418.0,21423.0,21301.0,1126
21421.0,21428.0,21453.0,21368.0,766
21426.0,21463.0,21499.5,21418.0,544
21460.0,21440.0,21478.0,21400.0,678
21438.0,21400.0,21445.0,21360.0,615
21403.0,21445.0,21455.0,21385.0,470
21443.0,21323.0,21460.0,21313.0,629
21320.0,21375.0,21400.0,21298.0,805
21378.0,21353.0,21405.0,21335.0,644
21350.0,21350.0,21363.0,21285.0,396
21353.0,21343.0,21385.0,21320.0,499
21340.0,21340.0,21375.0,21328.0,484
21338.0,21398.0,21453.0,21338.0,1135
21395.0,21438.0,21460.0,21363.0,1045
21438.0,21485.0,21500.0,21438.0,665
21485.0,21498.0,21520.0,21463.0,633
21500.0,21490.0,21523.0,21485.0,282
21440.0,21245.0,21440.0,21223.0,1425
21248.0,21235.0,21288.0,21210.0,1018
21233.0,21210.0,21260.0,21160.0,915
21205.0,21300.0,21303.0,21198.0,691
21295.0,21318.0,21324.0,21268.0,535
21315.0,21328.0,21338.0,21295.0,481
21330.0,21290.0,21333.0,21275.0,327
21293.0,21315.0,21328.0,21285.0,386
21313.0,21293.0,21348.0,21280.0,412
21290.0,21303.0,21360.0,21285.0,497
21305.0,21410.0,21435.0,21290.0,451
21345.0,21195.0,21345.0,21040.0,2458
21200.0,21135.0,21236.5,21123.0,1132
21138.0,21228.0,21278.0,21133.0,1316
21225.0,21165.0,21225.0,21070.0,1268
21160.0,21278.0,21305.0,21135.0,857
21280.0,21300.0,21350.0,21245.0,748
21303.0,21295.0,21310.0,21290.0,236
21063.0,21128.0,21185.0,21038.0,1716
21125.0,20980.0,21130.0,20965.0,1072
20975.0,20881.0,21019.0,20876.0,915
20876.0,20851.0,20884.0,20771.0,1064
20844.0,20826.0,20876.0,20811.0,899
20824.0,20901.0,20926.0,20791.0,762
20904.0,20856.0,20911.0,20826.0,618
20854.0,20764.0,20858.5,20741.0,729
20766.0,20741.0,20804.0,20721.0,776
20736.0,20734.0,20796.0,20691.0,906
20736.0,20631.0,20746.0,20619.0,807
20629.0,20596.0,20666.5,20561.0,1225
20594.0,20626.0,20671.0,20561.0,864
20631.0,20501.0,20651.0,20476.0,1089
20496.0,20496.0,20503.5,20416.0,893
20496.0,20506.0,20547.5,20461.0,851
20541.0,20586.0,20606.0,20524.0,882
20589.0,20591.0,20594.0,20546.0,333
20569.0,20746.0,20776.0,20466.0,1638
20744.0,20771.0,20788.5,20709.0,1177
20774.0,20875.0,20885.0,20759.0,960
20878.0,20880.0,20920.0,20840.0,653
20873.0,20830.0,20935.0,20820.0,644
20833.0,20790.0,20880.0,20753.0,759
20793.0,20790.0,20813.0,20730.0,662
20788.0,20840.0,20840.0,20780.0,464
20838.0,20840.0,20870.0,20820.0,338
20838.0,20760.0,20853.0,20750.0,374
20758.0,20745.0,20788.0,20730.0,455
20753.0,20805.0,20850.0,20710.0,1196
20808.0,20843.0,20850.0,20785.0,601
20853.0,20795.0,20885.0,20745.0,1012
20798.0,20940.0,20945.0,20798.0,936
20940.0,20940.0,20960.0,20885.0,638
20940.0,20960.0,20985.0,20935.0,488
20955.0,20973.0,20980.0,20923.0,260
20891.0,21006.0,21041.0,20879.0,1719
21004.0,21084.0,21094.0,20981.0,1032
21086.0,21198.0,21203.0,21071.0,825
21201.0,21193.0,21223.0,21173.0,548
21191.0,21208.0,21241.0,21163.0,524
21211.0,21203.0,21238.0,21173.0,411
21206.0,21256.0,21271.0,21203.0,342
21258.0,21238.0,21273.0,21233.0,318
21236.0,21263.0,21273.0,21213.0,321
21266.0,21291.0,21298.0,21248.0,283
21293.0,21173.0,21303.0,21172.0,544
21171.0,21193.0,21203.0,21163.0,457
21198.0,21201.0,21217.0,21190.5,421
21203.0,21201.0,21223.0,21183.0,838
21196.0,21163.0,21203.0,21133.0,635
21158.0,21178.0,21183.0,21096.0,646
21176.0,21118.0,21178.0,21103.0,558
21113.0,21183.0,21183.0,21101.0,248
21006.0,21123.0,21171.0,20986.0,1808
21118.0,21033.0,21118.0,20998.0,1265
21036.0,21008.0,21098.0,21008.0,938
21006.0,21068.0,21078.0,21003.0,648
21073.0,21216.0,21216.0,21073.0,723
21213.0,21226.0,21258.0,21213.0,543
21223.0,21248.0,21278.0,21218.0,569
21253.0,21268.0,21293.0,21238.0,566
21263.0,21263.0,21268.0,21223.0,415
21266.0,21261.0,21268.0,21206.0,365
21263.0,21243.0,21273.0,21238.0,363
21246.0,21393.0,21393.0,21243.0,406
21398.0,21408.0,21428.0,21383.0,476
21413.0,21488.0,21488.0,21378.0,1017
21493.0,21628.0,21678.0,21448.0,1097
21633.0,21673.0,21708.0,21622.0,960
21673.0,21683.0,21698.0,21668.0,598
21681.0,21643.0,21733.0,21643.0,248
21796.0,21651.0,21828.0,21636.0,1624
21648.0,21583.0,21658.0,21543.0,1340
21576.0,21678.0,21850.0,21561.0,1566
21675.0,21690.0,21700.0,21640.0,828
21688.0,21733.0,21780.0,21683.0,848
21730.0,21720.0,21780.0,21716.5,670
21718.0,21705.0,21738.0,21685.0,722
21703.0,21545.0,21705.0,21465.0,1558
21553.0,21505.0,21575.0,21478.0,727
21503.0,21475.0,21505.0,21415.0,668
21470.0,21325.0,21510.0,21288.0,1049
21323.0,21383.0,21453.0,21297.5,1387
21385.0,21355.0,21400.0,21310.0,785
21353.0,21325.0,21398.0,21315.0,1146
21330.0,21393.0,21398.0,21280.0,981
21395.0,21370.0,21440.0,21280.0,1001
21373.0,21325.0,21375.0,21200.0,1166
21330.0,21335.0,21380.0,21322.5,390
20838.0,20988.0,21075.0,20838.0,2522
20993.0,20905.0,21005.0,20890.0,1671
20910.0,20823.0,20920.0,20723.0,1525
20825.0,20925.0,20935.0,20780.0,1356
20923.0,20905.0,20955.0,20850.0,936
20900.0,21015.0,21015.0,20890.0,774
21013.0,21050.0,21098.0,21005.0,693
21048.0,21035.0,21094.0,21010.0,624
21038.0,21050.0,21095.0,21025.0,595
21053.0,21070.0,21083.0,21010.0,657
21073.0,21198.0,21243.0,20920.0,1555
21200.0,21215.0,21333.0,21160.0,1804
21210.0,20955.0,21235.0,20930.0,2087
20960.0,21165.0,21180.0,20940.0,1622
21170.0,21035.0,21195.0,21030.0,1368
21035.0,21203.0,21210.0,21025.0,965
21200.0,21143.0,21208.0,21120.0,831
21143.0,21180.0,21225.0,21143.0,316
21150.0,21213.0,21239.0,21090.0,1825
21205.0,21160.0,21210.0,21100.0,1354
21163.0,21193.0,21225.0,21103.0,1046
21195.0,21200.0,21253.0,21158.0,849
21205.0,21278.0,21340.0,21195.0,816
21280.0,21216.0,21290.0,21203.0,726
21218.0,21223.0,21293.0,21208.0,517
21221.0,21266.0,21278.0,21208.0,501
21268.0,21243.0,21273.0,21228.0,394
21246.0,21308.0,21318.0,21218.0,487
21306.0,21331.0,21358.0,21283.0,408
21328.0,21298.0,21343.0,21293.0,374
21293.0,21376.0,21386.0,21293.0,344
21371.0,21271.0,21389.0,21269.0,1022
21274.0,21271.0,21321.0,21236.0,980
21269.0,21271.0,21286.0,21219.0,747
21276.0,21241.0,21296.0,21221.0,595
21239.0,21196.0,21246.0,21169.0,249
21136.0,21189.0,21219.0,21101.0,1469
21181.0,21226.0,21251.0,21149.0,1195
21229.0,21254.0,21271.0,21216.0,814
21256.0,21229.0,21289.0,21216.0,697
21231.0,21329.0,21356.0,21221.0,713
21326.0,21351.0,21369.0,21326.0,512
21349.0,21349.0,21356.0,21321.0,322
21346.0,21371.0,21371.0,21331.0,276
21366.0,21351.0,21366.0,21336.0,271
21354.0,21351.0,21381.0,21296.0,683
21354.0,21351.0,21371.0,21334.0,384
21354.0,21341.0,21361.0,21326.0,229
21344.0,21316.0,21346.0,21301.0,249
21331.0,21361.0,21376.0,21269.0,858
21359.0,21356.0,21421.0,21266.0,1031
21356.0,21321.0,21371.0,21296.0,1126
21311.0,21376.0,21376.0,21306.0,743
21369.0,21406.0,21411.0,21366.0,263
21306.0,21304.0,21374.0,21253.5,1214
21306.0,21276.0,21329.0,21266.0,845
21279.0,21254.0,21279.0,21236.0,646
21251.0,21271.0,21296.0,21236.0,425
21274.0,21289.0,21309.0,21271.0,439
21286.0,21286.0,21306.0,21256.0,398
21289.0,21211.0,21336.0,21201.0,601
21209.0,21181.0,21226.0,21141.0,651
21179.0,21206.0,21220.0,21151.0,483
21211.0,21199.0,21231.0,21194.0,427
21196.0,21236.0,21246.0,21191.0,362
21241.0,21239.0,21271.0,21231.0,368
21241.0,21186.0,21246.0,21154.0,898
21184.0,21226.0,21249.0,21169.0,1013
21224.0,21201.0,21249.0,21171.0,919
21196.0,21236.0,21239.0,21186.0,616
21239.0,21191.0,21251.0,21191.0,423
21189.0,21184.0,21196.0,21164.0,229
21309.0,21391.0,21411.0,21301.0,1452
21394.0,21336.0,21421.0,21326.0,1026
21339.0,21266.0,21366.0,21266.0,848
21269.0,21269.0,21296.0,21266.0,647
21271.0,21269.0,21276.0,21246.0,410
21271.0,21301.0,21321.0,21266.0,547
21306.0,21289.0,21314.0,21281.0,491
21291.0,21326.0,21331.0,21286.0,400
21321.0,21321.0,21331.0,21281.0,359
21326.0,21341.0,21346.0,21316.0,344
21339.0,21366.0,21379.0,21334.0,346
21364.0,21406.0,21419.0,21346.0,411
21411.0,21376.0,21426.0,21344.0,536
21386.0,21431.0,21441.0,21349.0,902
21429.0,21466.0,21491.0,21411.0,644
21471.0,21461.0,21476.0,21451.0,308
21464.0,21476.0,21496.0,21456.0,379
21474.0,21471.0,21491.0,21461.0,221
21716.0,21731.0,21765.0,21651.0,1417
21729.0,21701.0,21756.0,21694.0,1107
21699.0,21701.0,21736.0,21631.0,987
21699.0,21686.0,21736.0,21646.0,679
21684.0,21656.0,21711.0,21651.0,598
21654.0,21694.0,21736.0,21641.0,643
21696.0,21651.0,21701.0,21629.0,475
21649.0,21671.0,21681.0,21649.0,382
21679.0,21696.0,21736.0,21671.0,550
21699.0,21726.0,21746.0,21694.0,359
21729.0,21739.0,21751.0,21686.0,440
21741.0,21739.0,21801.0,21666.0,863
21741.0,21796.0,21808.5,21726.0,558
21796.0,21759.0,21821.0,21711.0,1013
21756.0,21751.0,21791.0,21726.0,1034
21751.0,21851.0,21851.0,21746.0,692
21854.0,21894.0,21901.0,21826.0,519
21891.0,21946.0,21959.0,21881.0,353
22184.0,22256.0,22311.0,22111.0,1777
22259.0,22226.0,22263.5,22172.5,1048
22229.0,22299.0,22306.0,22224.0,650
22301.0,22286.0,22316.0,22273.5,633
22281.0,22271.0,22291.0,22251.0,462
22276.0,22346.0,22349.0,22266.0,626
22349.0,22294.0,22356.0,22276.0,496
22291.0,22386.0,22389.0,22291.0,420
22384.0,22371.0,22391.0,22341.0,556
22374.0,22414.0,22416.0,22366.0,462
22411.0,22424.0,22441.0,22406.0,410
22421.0,22431.0,22431.0,22391.0,499
22434.0,22394.0,22434.0,22391.0,386
22396.0,22396.0,22426.0,22331.0,968
22394.0,22461.0,22501.0,22384.0,850
22461.0,22424.0,22476.0,22421.0,620
22424.0,22391.0,22451.0,22381.0,604
22381.0,22426.0,22439.0,22356.0,291
22444.0,22501.0,22514.0,22431.0,1040
22504.0,22556.0,22561.0,22496.0,667
22551.0,22601.0,22616.0,22546.0,531
22599.0,22611.0,22611.0,22581.0,423
22606.0,22684.0,22714.0,22601.0,461
22681.0,22721.0,22731.0,22676.0,358
22726.0,22726.0,22751.0,22716.0,359
22729.0,22746.0,22756.0,22722.5,301
22749.0,22791.0,22806.0,22734.0,305
22794.0,22769.0,22814.0,22761.0,298
22766.0,22754.0,22771.0,22721.0,299
22756.0,22651.0,22766.0,22651.0,492
22649.0,22594.0,22654.0,22576.0,607
22591.0,22596.0,22631.0,22526.0,1228
22584.0,22536.0,22706.0,22526.0,1168
22534.0,22584.0,22611.0,22531.0,742
22581.0,22471.0,22591.0,22429.0,802
22471.0,22416.0,22471.0,22411.0,231
22404.0,22296.0,22421.0,22196.0,1555
22291.0,22294.0,22341.0,22221.0,1047
22291.0,22307.0,22312.0,22237.0,695
22310.0,22267.0,22315.0,22247.0,460
22270.0,22267.0,22285.0,22242.0,317
22270.0,22207.0,22272.0,22207.0,384
22202.0,22182.0,22227.0,22152.0,350
22180.0,22192.0,22202.0,22152.0,492
22187.0,22245.0,22247.0,22167.0,401
22242.0,22270.0,22282.0,22238.5,352
22272.0,22262.0,22286.0,22247.0,285
22260.0,22267.0,22272.0,22242.0,309
22262.0,22312.0,22322.0,22257.0,396
22302.0,22287.0,22332.0,22265.0,1370
22285.0,22327.0,22332.0,22245.0,1327
22332.0,22382.0,22407.0,22325.0,902
22377.0,22387.0,22392.0,22342.0,644
22382.0,22360.0,22387.0,22337.0,288
22362.0,22357.0,22392.0,22297.0,1226
22355.0,22337.0,22382.0,22317.0,855
22335.0,22372.0,22382.0,22310.0,529
22375.0,22367.0,22397.0,22365.0,324
22365.0,22395.0,22417.0,22362.0,351
22397.0,22362.0,22405.0,22357.0,280
22360.0,22357.0,22377.0,22352.0,215
22360.0,22357.0,22365.0,22337.0,205
22352.0,22392.0,22392.0,22347.0,242
22390.0,22382.0,22395.0,22367.0,190
22377.0,22417.0,22432.0,22377.0,242
22420.0,22467.0,22472.0,22417.0,355
22470.0,22477.0,22487.0,22467.0,222
22482.0,22495.0,22509.5,22462.0,935
22497.0,22502.0,22537.0,22455.0,923
22500.0,22512.0,22515.0,22452.0,744
22515.0,22572.0,22587.0,22502.0,640
22567.0,22592.0,22604.5,22567.0,245
22640.0,22732.0,22732.0,22627.0,993
22730.0,22755.0,22759.5,22712.0,801
22757.0,22736.0,22763.0,22688.0,573
22738.0,22713.0,22738.0,22683.0,473
22708.0,22746.0,22748.0,22693.0,307
22743.0,22763.0,22771.0,22718.0,298
22761.0,22843.0,22846.0,22758.0,345
22848.0,22841.0,22883.0,22838.0,418
22836.0,22773.0,22848.0,22768.0,536
22778.0,22728.0,22803.0,22726.0,476
22726.0,22746.0,22758.0,22698.0,349
22743.0,22718.0,22761.0,22708.0,300
22721.0,22651.0,22723.0,22638.0,496
22658.0,22718.0,22743.0,22638.0,977
22723.0,22623.0,22728.0,22618.0,879
22626.0,22643.0,22658.0,22588.0,726
22648.0,22636.0,22653.0,22608.0,727
22638.0,22618.0,22673.0,22616.0,271
22658.0,22688.0,22703.0,22638.0,771
22686.0,22728.0,22733.0,22678.0,519
22726.0,22636.0,22726.0,22636.0,353
22631.0,22579.0,22646.0,22566.0,400
22581.0,22609.0,22626.0,22566.0,320
22611.0,22596.0,22631.0,22561.0,475
22594.0,22621.0,22624.0,22569.0,209
22616.0,22606.0,22639.0,22596.0,209
22609.0,22621.0,22626.0,22586.0,292
22616.0,22634.0,22651.0,22616.0,337
22631.0,22641.0,22661.0,22629.0,233
22631.0,22551.0,22631.0,22521.0,1472
22549.0,22544.0,22576.0,22501.0,782
22546.0,22604.0,22631.0,22546.0,1313
22601.0,22671.0,22676.0,22586.0,776
22671.0,22656.0,22686.0,22621.0,601
22651.0,22571.0,22651.0,22566.0,799
22569.0,22591.0,22604.0,22566.0,215
22706.0,22729.0,22781.0,22699.0,956
22726.0,22646.0,22731.0,22601.0,611
22651.0,22597.0,22657.0,22559.0,524
22599.0,22614.0,22634.0,22594.0,390
22609.0,22579.0,22617.0,22569.0,319
22584.0,22607.0,22627.0,22579.0,266
22609.0,22662.0,22669.0,22604.0,245
22664.0,22694.0,22694.0,22659.0,252
22699.0,22672.0,22699.0,22669.0,279
22669.0,22694.0,22705.5,22669.0,186
22689.0,22729.0,22729.0,22684.0,281
22732.0,22774.0,22784.0,22719.0,178
22777.0,22754.0,22779.0,22714.0,466
22752.0,22779.0,22839.0,22752.0,961
22782.0,22769.0,22809.0,22754.0,729
22769.0,22744.0,22779.0,22729.0,578
22749.0,22719.0,22769.0,22704.0,445
22717.0,22694.0,22759.0,22689.0,207
