9.2948,9.3367,9.440999999999999,9.2948,2316
9.331800000000001,9.2605,9.3614,9.2334,1895
9.2614,9.3397,9.3484,9.2585,1359
9.33975,9.3178,9.347999999999999,9.2734,2007
9.3179,9.2658,9.32145,9.251999999999999,2185
9.26575,9.3598,9.360800000000001,9.2542,2186
9.3599,9.3284,9.3667,9.3016,1703
9.3284,9.3586,9.366299999999999,9.3248,2107
9.358,9.349599999999999,9.388300000000001,9.326,2021
9.349599999999999,9.392299999999999,9.3945,9.3468,2070
9.393,9.375,9.3965,9.3575,1991
9.375,9.4862,9.592600000000001,9.3713,2189
9.48615,9.4391,9.4886,9.436399999999999,1346
9.4389,9.4289,9.4589,9.4046,1915
9.4289,9.435,9.4457,9.412600000000001,1274
9.4338,9.4417,9.442599999999999,9.40285,1980
9.4418,9.4156,9.4559,9.4146,1577
9.4154,9.40375,9.4244,9.3866,1756
9.4037,9.4269,9.428,9.38235,1084
9.427,9.4836,9.4846,9.4159,1508
9.482199999999999,9.4352,9.482199999999999,9.4335,1198
9.4336,9.3355,9.444700000000001,9.28565,1080
9.3354,9.3291,9.3677,9.30545,2319
9.3292,9.3473,9.3474,9.3178,1905
9.34735,9.3743,9.3795,9.3403,1106
9.3743,9.3286,9.376999999999999,9.3249,1437
9.3286,9.369399999999999,9.4046,9.325099999999999,1301
9.3695,9.35935,9.375499999999999,9.336400000000001,1502
9.359300000000001,9.3735,9.37715,9.333400000000001,1563
9.3734,9.3452,9.3734,9.333,2090
9.3452,9.3993,9.4016,9.3377,2585
9.39925,9.3894,9.3994,9.3731,2103
9.3914,9.3972,9.4086,9.3769,2196
9.3967,9.429,9.4503,9.39065,3124
9.42895,9.4137,9.4423,9.3924,2252
9.413599999999999,9.4146,9.4512,9.405000000000001,2655
9.4147,9.3683,9.4343,9.3478,3060
9.3682,9.423,9.5139,9.3649,3040
9.4226,9.3769,9.4231,9.3696,3101
9.3764,9.3947,9.3964,9.3734,1488
9.393,9.401,9.4092,9.391300000000001,1941
9.4006,9.405000000000001,9.4138,9.399049999999999,1323
9.4068,9.411100000000001,9.431000000000001,9.4045,1798
9.41215,9.3753,9.421,9.3605,2334
9.3753,9.394,9.4114,9.3671,4097
9.3941,9.3675,9.396799999999999,9.3665,2506
9.3674,9.3292,9.373899999999999,9.3017,2864
9.329699999999999,9.2188,9.3386,9.1996,3672
9.218399999999999,9.262,9.280100000000001,9.1998,3856
9.2613,9.21015,9.2636,9.2098,2201
9.2101,9.1282,9.270900000000001,9.126999999999999,3773
9.1287,9.1232,9.141300000000001,9.0921,3844
9.12335,9.1059,9.1381,9.097100000000001,3940
9.106349999999999,9.142800000000001,9.148299999999999,9.0796,3024
9.14235,9.1312,9.1425,9.092,3691
9.13085,9.1802,9.192499999999999,9.113199999999999,2801
9.1806,9.203199999999999,9.214,9.1746,2137
9.2027,9.223600000000001,9.2289,9.193,2171
9.223700000000001,9.2045,9.227,9.183399999999999,2691
9.2049,9.1953,9.2186,9.177,2588
9.1949,9.1995,9.211400000000001,9.186499999999999,2265
9.1999,9.2224,9.2244,9.19715,1577
9.22235,9.2582,9.2594,9.222,3187
9.2582,9.2081,9.2807,9.190100000000001,2271
9.2086,9.225200000000001,9.256450000000001,9.2074,1717
9.2247,9.2272,9.238199999999999,9.2181,1056
9.22675,9.2256,9.241900000000001,9.2228,1066
9.225200000000001,9.182400000000001,9.2257,9.1625,1524
9.1827,9.162700000000001,9.2305,9.1424,1807
9.1624,9.2019,9.2098,9.15525,1763
9.202300000000001,9.2534,9.2582,9.2004,1261
9.2539,9.251999999999999,9.267800000000001,9.240400000000001,1357
9.2532,9.2346,9.2548,9.2333,744
9.2331,9.141300000000001,9.23455,9.1232,1548
9.1414,8.9999,9.1426,8.9905,4400
9.0003,8.924800000000001,9.0075,8.913599999999999,4029
8.924900000000001,8.9663,8.9885,8.9134,3727
8.9664,8.957699999999999,8.987,8.9374,3505
8.9572,8.9804,9.0131,8.912600000000001,3457
8.98,9.0573,9.0837,8.9794,3291
9.056799999999999,9.0312,9.056799999999999,9.0137,2144
9.031500000000001,9.109300000000001,9.118,9.0295,3196
9.109300000000001,9.086,9.1162,9.0761,2086
9.0859,9.1122,9.1122,9.067,2493
9.1096,9.0688,9.11025,9.0577,2783
9.0686,9.1694,9.1706,9.0674,3081
9.1958,9.204799999999999,9.2088,9.1829,3300
9.2044,9.2179,9.2609,9.2011,3803
9.21785,9.119,9.21785,9.1115,3132
9.1189,9.1984,9.204699999999999,9.1182,2937
9.1985,9.2226,9.2277,9.1735,3135
9.2224,9.2613,9.29855,9.1784,4158
9.2593,9.1745,9.2653,9.1466,3922
9.174199999999999,9.2277,9.2735,9.1553,3705
9.227599999999999,9.0245,9.236699999999999,9.023900000000001,3403
9.024899999999999,9.0283,9.0734,8.9816,3721
9.0281,9.017,9.031600000000001,8.982700000000001,4170
9.0175,8.9856,9.034749999999999,8.9856,3741
8.985800000000001,9.046,9.075,8.9438,3383
9.0461,9.0609,9.064,9.033999999999999,1606
9.0604,8.9861,9.0668,8.9849,2574
8.98615,9.0205,9.0281,8.95405,3330
9.0198,9.0216,9.0222,8.9697,3985
9.0212,8.9369,9.0338,8.9102,2938
8.9368,8.87785,8.9565,8.8605,3346
8.8778,8.8402,8.886700000000001,8.8202,3083
8.8415,8.892199999999999,8.900400000000001,8.818200000000001,2945
8.8918,8.898299999999999,8.9292,8.8894,2388
8.8982,8.826699999999999,8.8994,8.826699999999999,1325
8.827300000000001,8.8504,8.8508,8.801400000000001,1740
8.85,8.8475,8.8573,8.8168,1396
8.8475,8.8656,8.8665,8.8475,885
8.86565,8.897400000000001,8.9027,8.8614,1009
8.8978,8.8804,8.935500000000001,8.874500000000001,883
8.881499999999999,8.8798,8.8965,8.8767,1218
8.8797,8.825,8.889199999999999,8.8241,2184
8.8249,8.8123,8.828800000000001,8.7677,4324
8.8117,8.873000000000001,8.8895,8.8117,3883
8.8725,8.850100000000001,8.8984,8.8401,4590
8.8492,8.7522,8.9076,8.7418,4959
8.7516,8.729700000000001,8.7889,8.7091,3567
8.7303,8.770299999999999,8.80015,8.728200000000001,2142
8.770299999999999,8.7707,8.7768,8.7425,2474
8.770199999999999,8.8016,8.8092,8.7686,1817
8.801400000000001,8.8094,8.824200000000001,8.7798,2085
8.81,8.749600000000001,8.8281,8.749600000000001,1925
8.749600000000001,8.8311,8.8409,8.739,1825
8.8314,8.851700000000001,8.8595,8.829,1385
8.851099999999999,8.8132,8.8553,8.8131,1163
8.81315,8.8042,8.854800000000001,8.79925,1240
8.8043,8.7743,8.8128,8.744,788
8.7743,8.7729,8.804,8.7629,516
8.775,8.731300000000001,8.7924,8.7158,823
8.731349999999999,8.7256,8.7406,8.715,393
8.6965,8.6862,8.70625,8.6813,635
8.686399999999999,8.6042,8.6959,8.581900000000001,858
8.604099999999999,8.4541,8.6054,8.4189,2179
8.4521,8.3686,8.4648,8.3424,2231
8.368400000000001,8.3467,8.3686,8.2967,2006
8.3463,8.3537,8.4163,8.3339,1431
8.3536,8.3204,8.359300000000001,8.2957,1636
8.321,8.3407,8.419699999999999,8.2974,1809
8.3391,8.322,8.3469,8.3215,888
8.322099999999999,8.3108,8.3519,8.2989,740
8.3126,8.3363,8.3424,8.305299999999999,852
8.3363,8.343,8.3619,8.3253,1475
8.3429,8.2789,8.3529,8.2776,1071
8.2784,8.301,8.3101,8.269,700
8.301,8.35,8.35,8.299199999999999,628
8.3527,8.3431,8.3527,8.332,360
8.3431,8.343350000000001,8.3453,8.3248,331
8.344999999999999,8.3142,8.36115,8.3126,494
8.314,8.3085,8.3214,8.2851,525
8.308,8.270299999999999,8.3131,8.261,821
8.270199999999999,8.2366,8.292,8.230599999999999,4806
8.2366,8.2793,8.2921,8.2309,2917
8.2792,8.2638,8.299800000000001,8.2547,2643
8.2637,8.2639,8.2974,8.2628,1063
8.2639,8.2209,8.266300000000001,8.2073,1098
8.2209,8.1802,8.2228,8.1578,3446
8.180250000000001,8.2041,8.21455,8.1717,2917
8.2056,8.1881,8.221,8.1816,2447
8.1894,8.2716,8.2784,8.1784,2321
8.272,8.2734,8.293800000000001,8.271799999999999,1979
8.2738,8.274899999999999,8.3064,8.2613,2521
8.274799999999999,8.2743,8.2961,8.261800000000001,1433
8.2743,8.2654,8.29705,8.2467,3358
8.2652,8.261700000000001,8.330400000000001,8.2525,2758
8.2615,8.2681,8.3122,8.242799999999999,1598
8.2686,8.330300000000001,8.3392,8.2685,2302
8.3294,8.3604,8.37015,8.3294,1859
8.3605,8.310500000000001,8.3849,8.2989,1736
8.310500000000001,8.3804,8.3912,8.3101,1718
8.3805,8.3708,8.409600000000001,8.3676,1497
8.372,8.3394,8.382100000000001,8.328800000000001,1581
8.3401,8.3506,8.359300000000001,8.331150000000001,935
8.3513,8.3015,8.357800000000001,8.2984,1095
8.3022,8.2409,8.3097,8.2395,860
8.23915,8.181000000000001,8.2416,8.1676,1629
8.180299999999999,8.1934,8.2269,8.1329,2087
8.1935,8.2283,8.2299,8.1615,1467
8.228200000000001,8.2074,8.24065,8.1781,2455
8.1892,8.1893,8.2,8.1805,1143
8.1892,8.1534,8.1912,8.1534,819
8.1534,8.1584,8.15985,8.124500000000001,1780
8.15835,8.1365,8.1814,8.1218,1476
8.1371,8.1213,8.1778,8.1213,1604
8.1214,8.0692,8.1525,8.0443,2035
8.069,8.0827,8.09965,8.0124,2738
8.0827,8.095,8.1025,8.0663,2168
8.095,8.0938,8.1347,8.0816,1859
8.0937,8.1146,8.1236,8.081900000000001,2109
8.1143,8.1663,8.182400000000001,8.1143,2001
8.166599999999999,8.1813,8.194600000000001,8.1663,1791
8.1814,8.160499999999999,8.194600000000001,8.15225,2117
8.161100000000001,8.1415,8.1615,8.1406,1806
8.14155,8.1842,8.1968,8.14155,1795
8.1838,8.1488,8.18575,8.1419,1955
8.14845,8.1839,8.1859,8.130600000000001,1972
8.1842,8.174299999999999,8.2316,8.1722,2736
8.17425,8.162099999999999,8.1826,8.1502,1854
8.1622,8.19,8.19,8.1512,1824
8.1904,8.171800000000001,8.2132,8.161,2285
8.171800000000001,8.2646,8.2646,8.1638,2397
8.264800000000001,8.290099999999999,8.2927,8.2522,2209
8.29,8.2908,8.319700000000001,8.2899,2228
8.290849999999999,8.2925,8.3033,8.2802,1891
8.292200000000001,8.2701,8.293,8.2549,1078
8.2699,8.2394,8.2723,8.2394,1390
8.23975,8.2543,8.2622,8.22545,2400
8.2539,8.251100000000001,8.269,8.2305,1969
8.251100000000001,8.2909,8.2926,8.25,2599
8.290849999999999,8.361699999999999,8.3836,8.2365,3119
8.3622,7.898899999999999,8.3643,7.8205,4211
7.8993,7.8253,7.900600000000001,7.8141,3190
7.825200000000001,7.998900000000001,8.007100000000001,7.8111999999999995,6546
7.9985,8.001900000000001,8.040700000000001,7.9711,2475
8.0013,8.13545,8.1537,7.9917,3449
8.1355,8.0985,8.165099999999999,8.098,2728
8.0988,8.0761,8.1149,8.05985,3361
8.0761,8.0933,8.1039,8.0372,2913
8.0931,8.186399999999999,8.186399999999999,8.0882,3737
8.187100000000001,8.2254,8.2914,8.1723,2989
8.225100000000001,8.2527,8.2796,8.2027,1938
8.253,8.23755,8.2533,8.2049,2320
8.2372,8.2544,8.26205,8.2158,2043
8.2545,8.2136,8.2736,8.205400000000001,1883
8.2128,8.1704,8.2149,8.1661,2340
8.1701,8.1732,8.1955,8.1662,2642
8.1728,8.162600000000001,8.1861,8.162600000000001,3145
8.1701,8.209,8.2202,8.1694,2029
8.209,8.2817,8.2826,8.2089,2081
8.2821,8.411200000000001,8.4392,8.264199999999999,3218
8.411100000000001,8.3714,8.4308,8.3494,3028
8.3713,8.5171,8.552,8.3447,3770
8.5161,8.559899999999999,8.5776,8.512,4486
8.55985,8.4612,8.5886,8.455300000000001,4059
8.4613,8.439499999999999,8.483,8.4207,4408
8.4394,8.47065,8.5286,8.42035,3479
8.4703,8.4748,8.4831,8.457,2602
8.4747,8.4246,8.4818,8.42,2929
8.4247,8.368,8.4509,8.354,2044
8.368400000000001,8.3947,8.395199999999999,8.3554,1241
8.395,8.3356,8.3962,8.3248,1848
8.3346,8.3144,8.3573,8.2976,1459
8.3152,8.2912,8.3322,8.2821,2650
8.2906,8.3287,8.3291,8.29,2303
8.32825,8.2807,8.3424,8.26665,2611
8.2808,8.232199999999999,8.293199999999999,8.2317,2473
8.2272,8.2421,8.2614,8.194600000000001,2777
8.242049999999999,8.2121,8.2537,8.1891,2753
8.2118,8.212399999999999,8.2317,8.1783,3754
8.2125,8.246,8.286,8.208400000000001,2598
8.2456,8.15455,8.2461,8.1476,3369
8.1545,8.198,8.225200000000001,8.1439,1835
8.1984,8.2736,8.274899999999999,8.1648,2659
8.2726,8.25285,8.2745,8.2369,2561
8.2532,8.2623,8.275500000000001,8.219999999999999,3139
8.2622,8.1957,8.2667,8.1952,2676
8.196200000000001,8.204,8.2317,8.169699999999999,2951
8.2043,8.1965,8.2295,8.1861,3252
8.1972,8.2414,8.2613,8.1716,3925
8.2409,8.1952,8.261800000000001,8.1938,6674
8.1944,8.2052,8.223700000000001,8.156600000000001,2180
8.204699999999999,8.2125,8.2173,8.1762,2604
8.2131,8.2823,8.3002,8.1906,2794
8.282,8.392,8.4048,8.282,2985
8.392299999999999,8.449200000000001,8.4853,8.3615,3896
8.4494,8.4647,8.5044,8.4389,3017
8.464500000000001,8.480599999999999,8.4957,8.4367,3117
8.480599999999999,8.605699999999999,8.614799999999999,8.463799999999999,3898
8.606349999999999,8.753,8.7577,8.5859,3604
8.753,8.7732,8.811499999999999,8.736799999999999,2958
8.7731,8.765,8.793099999999999,8.7522,2207
8.7643,8.8132,8.8132,8.736,2458
8.81315,8.7277,8.8508,8.7135,2410
8.7271,8.7243,8.7418,8.6922,2365
8.7244,8.7052,8.74285,8.700800000000001,2754
8.7217,8.687100000000001,8.7262,8.6856,2196
8.6861,8.6347,8.6954,8.6339,2243
8.6339,8.6137,8.673300000000001,8.603349999999999,2795
8.6141,8.6355,8.676,8.6136,2635
8.63555,8.7149,8.7235,8.63555,2413
8.7147,8.7029,8.7409,8.6837,2978
8.7024,8.7333,8.7563,8.672,3625
8.7334,8.7417,8.793800000000001,8.6903,4120
8.740549999999999,8.7854,8.786,8.735,3766
8.785499999999999,8.8945,8.8978,8.7838,4043
8.8947,8.806000000000001,8.955400000000001,8.7971,3358
8.806000000000001,8.7544,8.8229,8.7265,2162
8.7542,8.7769,8.785,8.74605,3316
8.777000000000001,8.8122,8.825199999999999,8.7545,1978
8.8123,8.9049,8.924,8.8067,2030
8.905000000000001,8.843,8.9138,8.8078,2858
8.842600000000001,8.864799999999999,8.8738,8.8325,2082
8.8646,8.9023,8.9039,8.821,1903
8.9023,8.90355,8.917200000000001,8.8635,1826
8.90295,8.8433,8.9046,8.770199999999999,2571
8.8423,8.8818,8.9036,8.8039,2454
8.8818,8.8878,8.926449999999999,8.8659,2114
8.886800000000001,8.9064,8.9259,8.8362,1498
8.905899999999999,8.8758,8.9454,8.8742,1071
8.8808,9.0045,9.0231,8.880749999999999,2742
9.0044,8.894400000000001,9.00445,8.885,1932
8.894,8.886800000000001,8.9367,8.869,1516
8.8863,8.8531,8.886800000000001,8.816600000000001,2030
8.8529,8.8664,8.9012,8.82605,3154
8.8671,8.786100000000001,8.875399999999999,8.7842,2869
8.7856,8.8415,8.846,8.783100000000001,2267
8.841000000000001,8.8812,8.9023,8.7677,3927
8.8819,8.8828,8.9129,8.8342,3357
8.88085,8.83525,8.9043,8.8065,2345
8.834,8.9104,8.913499999999999,8.834,2857
8.91,8.8546,8.9117,8.831900000000001,2589
8.8545,8.8372,8.8835,8.83435,2249
8.8376,8.8269,8.8644,8.8238,2015
8.8266,8.7457,8.864,8.7218,2181
8.7457,8.7747,8.7852,8.73305,2888
8.7746,8.8362,8.8775,8.7742,2040
8.8361,8.776,8.8362,8.7675,3327
8.7758,8.8172,8.826,8.7573,3977
8.8173,8.9352,8.9404,8.8125,2749
8.9351,8.9017,8.964,8.895,1920
8.8967,8.9769,8.9887,8.8828,2448
8.9755,9.0247,9.0701,8.9534,1936
9.0246,8.9119,9.0332,8.8829,1972
8.9031,8.8606,8.933,8.8356,2357
8.8605,8.905999999999999,8.90675,8.8586,1497
8.90595,8.909600000000001,8.9437,8.8905,2277
8.9097,8.9397,8.9607,8.879100000000001,1774
8.9399,8.875499999999999,8.9607,8.8635,3288
8.8756,8.8546,8.9056,8.8359,2178
8.853349999999999,8.8036,8.8798,8.7765,2379
8.8036,8.7473,8.8124,8.746,2887
8.7463,8.8489,8.8508,8.74445,2497
8.8491,8.845600000000001,8.849599999999999,8.8109,1541
8.8457,8.78565,8.8643,8.76575,1608
8.7857,8.8423,8.8466,8.7853,1146
8.8429,8.89,8.89155,8.8321,1104
8.885,8.8735,8.8918,8.8628,1133
8.8738,8.8284,8.8833,8.812100000000001,1936
8.82835,8.8536,8.8598,8.822700000000001,1152
8.8536,8.8299,8.860199999999999,8.819700000000001,888
8.8299,8.7747,8.842,8.7746,1910
8.774799999999999,8.738949999999999,8.7798,8.721499999999999,1942
8.738900000000001,8.7126,8.7438,8.70105,2199
8.7128,8.7336,8.7547,8.700099999999999,1898
8.7335,8.6952,8.7445,8.662700000000001,1746
8.6961,8.7538,8.76735,8.6943,1407
8.753499999999999,8.744299999999999,8.76725,8.7178,1308
8.744250000000001,8.7859,8.8016,8.7438,1337
8.78565,8.786249999999999,8.8061,8.7729,1542
8.7863,8.9025,8.9327,8.78265,3413
8.90295,8.8528,8.9198,8.8427,2830
8.85275,8.850999999999999,8.85495,8.831,2447
8.85115,8.8455,8.8764,8.8428,2284
8.8455,8.8629,8.8782,8.8385,2490
8.8636,8.9163,8.9436,8.8508,2702
8.9159,8.9452,8.982099999999999,8.911100000000001,3285
8.9452,8.9468,8.9814,8.9215,3059
8.9467,8.9244,8.9546,8.9125,2665
8.9244,8.9368,8.9378,8.8849,2570
8.9373,8.9634,8.9732,8.9348,3053
8.9633,8.97615,8.988,8.939499999999999,3144
8.9762,9.3255,9.3281,8.9572,4434
9.328,9.2691,9.331,9.2027,4051
9.268650000000001,9.2497,9.3232,9.23765,2723
9.2508,9.182549999999999,9.2873,9.1799,1802
9.1826,9.2153,9.2592,9.1826,2866
9.2153,9.2286,9.23915,9.1859,2288
9.2286,9.2804,9.3063,9.2066,2822
9.28035,9.212299999999999,9.2818,9.1938,2153
9.2111,9.1393,9.2314,9.1283,2569
9.1396,9.1759,9.1798,9.1394,2117
9.1713,9.2059,9.206,9.1427,1256
9.206,9.1675,9.207799999999999,9.1649,1850
9.16755,9.2179,9.2258,9.1625,2617
9.2179,9.307500000000001,9.3101,9.1881,1827
9.307400000000001,9.255600000000001,9.3095,9.2083,1815
9.256,9.2664,9.286249999999999,9.2508,1514
9.266300000000001,9.252600000000001,9.3804,9.2427,2249
9.252600000000001,9.2269,9.2771,9.2174,2386
9.2268,9.1471,9.2601,9.1406,2805
9.1472,9.1911,9.2128,9.1269,2147
9.193100000000001,9.2197,9.2285,9.1713,1949
9.2198,9.1767,9.2436,9.157399999999999,1567
9.1769,9.3277,9.3386,9.1753,1780
9.3278,9.290099999999999,9.341899999999999,9.2584,2028
9.2921,9.3104,9.3492,9.2717,2548
9.3097,9.2821,9.3211,9.2768,2356
9.2822,9.3886,9.3912,9.2808,1633
9.38855,9.3363,9.38855,9.3192,1913
9.336500000000001,9.4559,9.4688,9.3333,1859
9.4558,9.6145,9.6442,9.437999999999999,1805
9.6152,9.531600000000001,9.6288,9.5147,1119
9.53035,9.48,9.57,9.4723,721
9.49,9.4262,9.5197,9.4159,1602
9.4267,9.450849999999999,9.4603,9.3906,1370
9.450800000000001,9.3811,9.4986,9.3811,1788
9.381,9.4232,9.4295,9.3735,1374
9.423,9.3878,9.428799999999999,9.325700000000001,2805
9.3878,9.4153,9.416,9.3766,1709
9.4132,9.4165,9.435,9.3966,1863
9.416599999999999,9.415700000000001,9.426,9.355699999999999,2434
9.416,9.4347,9.437999999999999,9.3956,2355
9.4352,9.3949,9.4436,9.3716,2140
9.395,9.341000000000001,9.3951,9.244299999999999,3319
9.341000000000001,9.2523,9.35105,9.2516,3000
9.2533,9.3078,9.3498,9.2486,2083
9.306899999999999,9.3199,9.389,9.294,2887
9.319700000000001,9.31695,9.3483,9.3102,2314
9.3169,9.337,9.3399,9.268699999999999,2115
9.33735,9.196200000000001,9.3651,9.1951,3306
9.1967,9.3065,9.3201,9.1963,2615
9.3063,9.4117,9.4729,9.2978,3006
9.410499999999999,9.2161,9.4347,9.1759,3603
9.2136,9.3058,9.334900000000001,9.1963,3057
9.3057,9.3085,9.347,9.287700000000001,2142
9.3088,9.3674,9.3759,9.3,2352
9.3675,9.39925,9.4383,9.3641,1990
9.380749999999999,9.456800000000001,9.4647,9.380749999999999,1225
9.4567,9.4729,9.4739,9.4276,1344
9.47295,9.4101,9.5252,9.3826,2249
9.4099,9.4774,9.4881,9.4045,2885
9.4775,9.3955,9.4778,9.3853,2200
9.39545,9.3171,9.39545,9.2829,2809
9.318100000000001,9.4015,9.4254,9.2896,2621
9.401399999999999,9.3067,9.418700000000001,9.2936,2312
9.306899999999999,9.5125,9.5149,9.3057,3261
9.5125,9.5104,9.561399999999999,9.5013,2166
9.51045,9.54405,9.561,9.5027,2116
9.544,9.6084,9.6425,9.5328,3030
9.607800000000001,9.633099999999999,9.6517,9.5713,2643
9.6338,9.614799999999999,9.6338,9.604849999999999,1311
9.6158,9.5945,9.6182,9.543099999999999,2044
9.5958,9.619,9.6226,9.593,1026
9.619900000000001,9.7386,9.742899999999999,9.6036,2794
9.738900000000001,9.8017,9.813500000000001,9.709299999999999,1738
9.802,9.7507,9.8064,9.735,2250
9.7457,9.844000000000001,9.882,9.7454,2735
9.844100000000001,9.8448,9.927299999999999,9.7961,2551
9.8452,9.884,9.9223,9.8167,3051
9.884,9.8661,9.9896,9.8625,3970
9.8662,9.8713,9.9042,9.8339,3249
9.8688,9.9612,9.9612,9.8636,2723
9.9613,9.9537,9.9817,9.9161,2923
9.9536,10.0058,10.0063,9.911,2907
10.005600000000001,9.9534,10.03255,9.944600000000001,3080
9.9534,10.0145,10.0245,9.944700000000001,2593
10.014800000000001,9.8887,10.0235,9.8287,2792
9.8887,9.826699999999999,9.9022,9.7738,3000
9.8268,10.016300000000001,10.024799999999999,9.81375,2927
10.018799999999999,10.017,10.024000000000001,9.9438,1916
10.017299999999999,10.055,10.0823,10.004100000000001,1553
10.057549999999999,10.022,10.068100000000001,9.983,1822
10.0223,10.1228,10.124600000000001,10.0168,1600
10.1231,10.097,10.138300000000001,10.096,1729
10.0973,10.243549999999999,10.2643,10.0923,1999
10.2438,10.13455,10.2895,10.1088,2498
10.1348,10.082799999999999,10.1943,10.080300000000001,1627
10.0778,10.0598,10.10805,9.969899999999999,1782
10.0548,9.9039,10.07455,9.90385,2798
9.9038,9.9646,9.9953,9.8774,3412
9.9647,9.942599999999999,10.0119,9.924199999999999,2601
9.94255,9.9748,10.003,9.878,3792
9.9747,9.9418,9.9845,9.854099999999999,3262
9.9445,10.006599999999999,10.013300000000001,9.9145,2878
10.0116,10.0145,10.064,9.9783,1349
9.9848,10.032,10.04405,9.97305,1253
10.032499999999999,10.043800000000001,10.075,10.0123,1059
10.0448,10.1333,10.1628,10.04405,1802
10.1328,10.276299999999999,10.2863,10.1135,2391
10.276,10.3643,10.4693,10.26355,3159
10.3645,10.3965,10.5125,10.3438,2561
10.39155,10.4433,10.6343,10.3043,4926
10.443,10.3418,10.4863,10.299,4056
10.3403,10.380600000000001,10.3955,10.286999999999999,2988
10.3803,10.2143,10.3903,10.2033,2624
10.21405,10.1828,10.225100000000001,10.126100000000001,2373
10.182500000000001,10.15205,10.1845,10.1158,1543
10.1523,10.254999999999999,10.2728,10.124500000000001,1650
10.2548,10.074300000000001,10.273,10.0648,1777
10.07455,10.075800000000001,10.1013,9.96605,2760
10.0753,10.1175,10.1366,10.0443,1539
10.117,10.205300000000001,10.2058,10.0763,1374
10.205,10.2035,10.280000000000001,10.1848,1227
10.203800000000001,10.2743,10.31005,10.1863,1430
10.274000000000001,10.1363,10.28405,10.0393,2553
10.136050000000001,10.084,10.1558,10.0683,2081
10.084299999999999,10.102,10.1455,10.0558,1966
10.099499999999999,10.1228,10.1463,10.0565,2153
10.1231,10.188500000000001,10.20555,10.117799999999999,1280
10.1883,10.186499999999999,10.20705,10.1263,1389
10.1868,10.1858,10.2243,10.1495,1597
10.186499999999999,10.167,10.209,10.14005,1073
10.1668,10.2378,10.269,10.1308,1723
10.238,10.2893,10.3063,10.2188,1116
10.2903,10.24655,10.3118,10.208,1916
10.2468,10.30705,10.327,10.2468,1619
10.3073,10.4088,10.416,10.304,1722
10.4138,10.4488,10.46455,10.3708,3398
10.4533,10.407,10.4788,10.2868,4740
10.4093,10.36,10.409600000000001,10.2933,1765
10.3603,10.408100000000001,10.41755,10.3213,1843
10.4085,10.2525,10.4103,10.1695,2456
10.2528,10.388300000000001,10.4083,10.2365,2593
10.3888,10.559000000000001,10.57605,10.3753,2721
10.561499999999999,10.519,10.6265,10.507,2193
10.517299999999999,10.524799999999999,10.5348,10.456299999999999,1773
10.5198,10.520299999999999,10.5748,10.497,1834
10.525,10.51505,10.5668,10.4915,1506
10.514800000000001,10.555,10.57755,10.4788,1619
10.555299999999999,10.577300000000001,10.642,10.5488,1969
10.577,10.536999999999999,10.6233,10.5228,1780
10.5373,10.5365,10.5978,10.51805,1738
10.536,10.5458,10.55705,10.4865,1476
10.5363,10.646049999999999,10.65905,10.5158,1404
10.6463,10.661999999999999,10.666,10.587299999999999,1091
10.6623,10.56455,10.6728,10.5593,970
10.5643,10.5573,10.5723,10.525500000000001,906
10.5578,10.5723,10.654,10.5573,1919
10.5725,10.5048,10.584299999999999,10.4565,1953
10.5058,10.4693,10.5225,10.369299999999999,2662
10.46855,10.392800000000001,10.489049999999999,10.3478,3222
10.3925,10.469000000000001,10.479800000000001,10.359300000000001,2641
10.4693,10.5628,10.5973,10.45705,2293
10.56305,10.564,10.6493,10.5533,1948
10.5638,10.5748,10.6645,10.5563,1773
10.575,10.636050000000001,10.638300000000001,10.555,1979
10.6363,10.6188,10.7083,10.6003,1462
10.6183,10.5885,10.6963,10.5853,1947
10.5878,10.618,10.6366,10.554549999999999,2202
10.617799999999999,10.60805,10.638300000000001,10.5693,1289
10.6075,10.63855,10.671,10.57055,1443
10.638300000000001,10.6945,10.7148,10.6353,1305
10.689499999999999,10.6958,10.707799999999999,10.629999999999999,1332
10.6953,10.6668,10.717500000000001,10.6268,1553
10.6665,10.49905,10.6768,10.4988,1589
10.5,10.4973,10.5458,10.468,1652
10.49755,10.266300000000001,10.49755,10.236,2127
10.2668,10.3853,10.3965,10.214,2030
10.3851,10.433,10.4635,10.3783,1167
10.4333,10.5375,10.5955,10.425799999999999,2734
10.538,10.488,10.5963,10.4503,1926
10.4885,10.4163,10.5465,10.40905,1392
10.4165,10.3908,10.4663,10.346,1447
10.3906,10.3906,10.467600000000001,10.369299999999999,2128
10.3896,10.405100000000001,10.4363,10.2913,2233
10.405100000000001,10.4583,10.481300000000001,10.3773,3400
10.4613,10.365,10.5618,10.354,2353
10.3643,10.44555,10.4488,10.3263,1586
10.4455,10.516,10.5238,10.4198,1603
10.5153,10.5451,10.56605,10.4878,1472
10.5458,10.4753,10.552,10.4378,1577
10.4755,10.26655,10.503499999999999,10.2533,1916
10.266,10.1663,10.2888,10.1295,2762
10.1658,10.1455,10.2015,10.0533,2221
10.145,10.102,10.1858,10.0928,1801
10.102,10.1738,10.1863,10.09055,1464
10.173300000000001,10.137550000000001,10.1838,10.0963,1260
10.13705,10.12105,10.19705,10.1038,1879
10.12155,10.0475,10.1228,10.0298,1546
10.0478,9.6857,10.0948,9.6857,5875
9.6857,9.7849,9.8284,9.6691,5585
9.801449999999999,9.8408,9.8784,9.800799999999999,3250
9.8405,9.938500000000001,9.9774,9.817599999999999,3216
9.9384,9.9262,9.9481,9.890699999999999,2410
9.9261,9.803799999999999,9.9378,9.803,5062
9.803799999999999,9.741299999999999,9.8085,9.712,5414
9.7418,9.7455,9.836500000000001,9.72775,4765
9.750499999999999,9.78415,9.8459,9.7333,4590
9.7841,9.7827,9.793800000000001,9.692,3156
9.7827,9.8238,9.9077,9.7761,3715
9.8241,9.775400000000001,9.8644,9.7458,3771
9.775400000000001,9.674900000000001,9.8081,9.6747,3693
9.674800000000001,9.519,9.70845,9.519,5775
9.519,9.4575,9.519449999999999,9.4335,5523
9.4574,9.4642,9.516300000000001,9.4572,4521
9.464500000000001,9.405000000000001,9.5038,9.304400000000001,4142
9.405000000000001,9.506599999999999,9.5373,9.3994,3580
9.506499999999999,9.5442,9.5755,9.4962,3137
9.5442,9.5837,9.6119,9.536200000000001,3935
9.5833,9.5154,9.5871,9.5152,2746
9.5154,9.5208,9.543199999999999,9.465,3678
9.5208,9.6049,9.623899999999999,9.4903,4021
9.60495,9.560649999999999,9.6146,9.5539,2365
9.5618,9.495000000000001,9.5846,9.4732,4861
9.495000000000001,9.573599999999999,9.594899999999999,9.4942,3889
9.574,9.5854,9.6156,9.557500000000001,3671
9.5854,9.6035,9.612300000000001,9.5643,2641
9.6043,9.5634,9.6274,9.5595,3882
9.5638,9.5108,9.5747,9.5046,3470
9.511800000000001,9.4757,9.5445,9.423300000000001,4484
9.480699999999999,9.5243,9.5433,9.4713,5455
9.5237,9.5946,9.634,9.492,5337
9.5943,9.6286,9.638,9.586400000000001,3316
9.6335,9.6372,9.6644,9.5778,7946
9.63615,9.652000000000001,9.6639,9.567599999999999,3263
9.6454,9.5521,9.674,9.532,4762
9.552,9.6146,9.6248,9.5042,4896
9.6127,9.6624,9.6655,9.602599999999999,4129
9.6623,9.6832,9.7109,9.652899999999999,2857
9.681799999999999,9.8552,9.8613,9.67515,4256
9.857700000000001,9.8559,9.86725,9.8123,3439
9.85575,9.7941,9.8656,9.7935,3581
9.7948,9.7601,9.8002,9.734,3044
9.7599,9.792200000000001,9.8127,9.7523,3393
9.792200000000001,9.8155,9.8241,9.7727,2717
9.8158,9.822099999999999,9.864,9.8142,2518
9.8171,9.85495,9.855,9.7727,3343
9.8551,9.8265,9.886,9.804,3655
9.8266,9.8035,9.8829,9.7929,3544
9.805299999999999,9.8306,9.8316,9.792349999999999,1201
9.8302,9.8064,9.8302,9.786999999999999,1949
9.8063,9.74515,9.8128,9.7058,3622
9.7426,9.784600000000001,9.7858,9.7366,3243
9.784600000000001,9.8954,9.918,9.7667,4145
9.895,9.8766,9.9084,9.8357,3935
9.8766,9.9267,9.9353,9.7899,4285
9.926300000000001,9.9627,9.9763,9.9152,4385
9.9628,9.9122,9.973749999999999,9.8839,4140
9.912600000000001,9.9407,9.943999999999999,9.8544,3842
9.9419,10.165,10.283999999999999,9.9286,3202
10.1653,10.256499999999999,10.273299999999999,10.0763,3470
10.2615,10.19105,10.289,10.1643,2280
10.1913,10.2553,10.2915,10.1488,2031
10.2548,10.3955,10.3993,10.251000000000001,1976
10.395299999999999,10.4668,10.5258,10.386800000000001,2756
10.4665,10.4665,10.5085,10.407,2329
10.461549999999999,10.467500000000001,10.5043,10.4465,1851
10.467,10.5663,10.575,10.4545,1724
10.56455,10.5933,10.65605,10.5573,1897
10.593499999999999,10.657,10.7498,10.5823,1847
10.6493,10.597,10.6745,10.5683,1841
10.5973,10.70705,10.737300000000001,10.5968,1924
10.7043,10.613,10.7043,10.5655,1744
10.6135,10.6913,10.7248,10.587,2559
10.6905,10.6396,10.6943,10.6198,2002
10.639800000000001,10.637550000000001,10.6893,10.6158,2195
10.6378,10.6578,10.7178,10.624600000000001,1950
10.65755,10.79705,10.8283,10.645299999999999,2261
10.7958,10.7708,10.8413,10.7483,1918
10.771,10.9753,11.0683,10.771,3397
10.97455,11.1573,11.2158,10.9445,3715
11.15755,11.2285,11.37155,11.1348,4592
11.2273,11.0653,11.238299999999999,11.0653,2883
11.0653,11.1233,11.1433,11.01505,3229
11.1235,10.9893,11.165,10.968499999999999,3509
10.9885,10.8643,11.0183,10.8483,3066
10.8645,10.8148,10.8645,10.74455,3227
10.81455,10.834,10.866299999999999,10.7653,3183
10.833549999999999,10.8758,10.9098,10.777000000000001,2465
10.876000000000001,10.8158,10.942,10.776299999999999,3068
10.8138,10.8238,10.8455,10.76055,2893
10.8225,10.7835,10.82605,10.774799999999999,2165
10.780999999999999,10.7913,10.8093,10.763,990
10.7908,10.8185,10.8188,10.7558,1278
10.818100000000001,10.5298,10.81905,10.4895,3587
10.5265,10.427299999999999,10.536999999999999,10.4165,2137
10.4275,10.479800000000001,10.4895,10.3688,2368
10.471499999999999,10.6198,10.66,10.4693,2398
10.6195,10.6883,10.7005,10.5943,2727
10.687999999999999,10.5488,10.687999999999999,10.5463,1618
10.548300000000001,10.6388,10.6683,10.54,1869
10.638300000000001,10.538,10.65455,10.51505,1763
10.5378,10.5258,10.57455,10.488,1230
10.525500000000001,10.58905,10.607800000000001,10.37705,2491
10.58955,10.659600000000001,10.6683,10.5698,2150
10.6593,10.651,10.66055,10.5915,1712
10.6563,10.6853,10.74,10.6263,1289
10.686,10.72605,10.7768,10.6745,1242
10.7266,10.761,10.7798,10.7095,1332
10.7608,10.710049999999999,10.7608,10.667,1039
10.7103,10.6863,10.7803,10.68505,1462
10.686499999999999,10.6373,10.69805,10.6293,1297
10.6378,10.7728,10.8585,10.6378,1622
10.773,10.8825,10.985800000000001,10.773,1834
10.8778,10.7863,10.8783,10.7668,1469
10.786,10.7768,10.7978,10.7568,884
10.777000000000001,10.82755,10.85805,10.747,1523
10.83,10.7278,10.844000000000001,10.657,1895
10.727,10.615,10.7353,10.5653,1682
10.614799999999999,10.6568,10.6858,10.604800000000001,1623
10.656600000000001,10.445,10.668,10.432,1865
10.4453,10.5213,10.5238,10.424800000000001,2222
10.521799999999999,10.5145,10.5565,10.4923,1783
10.51505,10.4933,10.553,10.492049999999999,1103
10.4938,10.3738,10.5055,10.3545,2067
10.3788,10.31755,10.395299999999999,10.256,1808
10.3225,10.1858,10.3238,10.1835,1676
10.185500000000001,10.1953,10.242799999999999,10.1145,2045
10.1938,10.1873,10.2378,10.171800000000001,1565
10.187000000000001,10.2248,10.2478,10.1653,1256
10.22455,10.2555,10.276299999999999,10.2065,1290
10.2558,10.174,10.274000000000001,10.1715,1635
10.174800000000001,10.1353,10.22605,10.074300000000001,1525
10.1338,10.141300000000001,10.2065,10.114,1590
10.1418,10.1373,10.1955,10.0945,1352
10.13705,10.0711,10.137550000000001,10.01355,1407
10.0698,9.9947,10.08,9.9832,1615
9.9968,9.9655,10.0128,9.9077,5691
9.96555,9.8382,9.9743,9.817499999999999,5293
9.839500000000001,9.7745,9.839500000000001,9.7451,4679
9.774899999999999,9.7641,9.8045,9.72995,4846
9.764,9.7858,9.8146,9.7301,5103
9.7857,9.8675,9.8782,9.7766,4266
9.8674,9.862400000000001,9.9063,9.8542,3349
9.862300000000001,9.9659,9.9755,9.862,3226
9.9754,10.0,10.0095,9.9439,1925
9.9999,9.946200000000001,10.0,9.9239,1825
9.9461,10.0475,10.055299999999999,9.9146,2417
10.0478,10.0628,10.1188,10.04705,1228
10.0618,10.0678,10.1028,10.0393,1505
10.068100000000001,10.04555,10.087299999999999,10.035,1306
10.04405,10.0968,10.1363,10.0265,1840
10.096,10.0698,10.1288,10.0573,935
10.0703,10.1083,10.1465,10.038,1262
10.1085,10.0368,10.12705,9.981200000000001,2554
10.036,10.0428,10.0433,9.980699999999999,2166
10.043,10.114799999999999,10.125,10.0413,1438
10.1153,10.025,10.1228,10.0235,1403
10.0253,9.9452,10.0338,9.9369,3666
9.9448,9.9312,9.984300000000001,9.9039,4294
9.9292,9.982800000000001,10.0048,9.9262,4067
9.982700000000001,10.1378,10.1465,9.9793,2701
10.13705,10.15455,10.1625,10.0915,1270
10.1543,10.184000000000001,10.186499999999999,10.113,1497
10.1845,10.16755,10.1863,10.1378,906
10.1678,10.177299999999999,10.1968,10.1628,991
10.1768,10.145,10.1823,10.1353,2030
10.145299999999999,10.05855,10.159600000000001,10.0375,1309
10.063600000000001,10.109,10.12155,10.0375,1188
10.1088,10.177,10.1898,10.092,1063
10.177299999999999,10.3098,10.3183,10.174800000000001,1368
10.3095,10.1923,10.3278,10.1918,1359
10.192499999999999,10.12855,10.2165,10.12155,1692
10.1336,10.3118,10.35,10.1125,2658
10.3113,10.34105,10.3568,10.2878,1669
10.3413,10.3995,10.4535,10.298300000000001,1593
10.401299999999999,10.2228,10.41,10.2113,2000
10.2178,10.2395,10.2545,10.182500000000001,1491
10.241299999999999,10.23755,10.2438,10.1933,1104
10.237300000000001,10.3265,10.342,10.193,2121
10.32605,10.3163,10.347999999999999,10.2948,1005
10.31605,10.369,10.3836,10.3085,1712
10.3688,10.336549999999999,10.381,10.314,1646
10.3368,10.2641,10.368,10.2543,1620
10.2638,10.324,10.33205,10.245049999999999,989
10.3238,10.3858,10.3978,10.3235,1492
10.3851,10.3658,10.38555,10.293,1404
10.3653,10.3823,10.3963,10.3285,1486
10.3773,10.347999999999999,10.38555,10.3253,1328
10.3475,10.3775,10.398,10.324300000000001,1317
10.378,10.327300000000001,10.3988,10.3263,1090
10.427299999999999,10.50355,10.509,10.406600000000001,1390
10.5038,10.597,10.60505,10.4908,1518
10.5973,10.5205,10.6205,10.508,1507
10.5243,10.3795,10.6183,10.344999999999999,3085
10.3798,10.38705,10.411100000000001,10.2778,2484
10.3873,10.2655,10.398299999999999,10.2655,1440
10.2658,10.1263,10.41755,10.1263,2423
10.125,9.9443,10.148,9.926300000000001,3655
9.937899999999999,9.8584,9.9442,9.8375,5023
9.8588,9.8688,9.9034,9.801,4942
9.868500000000001,9.82145,9.8851,9.7967,5268
9.821200000000001,9.8037,9.8233,9.764800000000001,4839
9.8032,9.7412,9.8341,9.7396,5208
9.74,9.6736,9.7461,9.6501,3819
9.67365,9.67,9.6842,9.5964,4999
9.670200000000001,9.7807,9.783100000000001,9.663,5605
9.7811,9.7652,9.7991,9.7622,4175
9.7653,9.81605,9.8371,9.7545,4165
9.815999999999999,9.7736,9.8233,9.761,4183
9.773299999999999,9.7935,9.8065,9.742799999999999,3989
9.7936,9.8833,9.8985,9.762599999999999,5189
9.88325,9.8835,10.0153,9.8645,5181
9.8855,9.6116,9.905999999999999,9.6111,3934
9.611699999999999,9.7353,9.775,9.575199999999999,3711
9.7347,9.691600000000001,9.7828,9.684000000000001,3853
9.692,9.7049,9.734,9.6838,2491
9.704799999999999,9.7256,9.7386,9.67355,2732
9.7272,9.734,9.766,9.7136,3622
9.7333,9.6935,9.765699999999999,9.687100000000001,2595
9.693,9.6592,9.7255,9.6592,1704
9.6592,9.613199999999999,9.669599999999999,9.554,2955
9.6137,9.7024,9.7244,9.6128,1770
9.7028,9.7042,9.7335,9.6329,2707
9.7049,9.6776,9.736799999999999,9.625399999999999,3598
9.6775,9.6336,9.6875,9.574200000000001,3365
9.633700000000001,9.645,9.6678,9.575700000000001,2964
9.6454,9.5961,9.6643,9.553,3023
9.596,9.6756,9.701,9.5959,2040
9.6756,9.6848,9.725,9.6637,2506
9.6848,9.671949999999999,9.7072,9.63465,2687
9.67205,9.693249999999999,9.723700000000001,9.67205,2335
9.69415,9.6164,9.7052,9.613,2574
9.6153,9.6342,9.6475,9.5939,2505
9.6338,9.6135,9.6746,9.607099999999999,2478
9.6135,9.4177,9.63325,9.4177,4470
9.4171,9.4642,9.479099999999999,9.3478,3103
9.4592,9.5836,9.6161,9.4442,2567
9.5848,9.6059,9.6359,9.5539,2929
9.605599999999999,9.5796,9.6067,9.5749,1673
9.5808,9.5455,9.6142,9.5358,1352
9.5451,9.4372,9.5542,9.4247,3233
9.4367,9.4923,9.5225,9.4143,2553
9.4933,9.4228,9.4977,9.4131,2481
9.4226,9.222,9.4314,9.2135,3113
9.2211,9.075099999999999,9.229,9.0464,4558
9.0748,9.0225,9.1145,9.0145,3383
9.0223,9.0541,9.0936,9.0052,3042
9.054,9.0257,9.075800000000001,9.0151,2000
9.0258,9.077,9.0876,9.0242,2150
9.077,9.076,9.1167,9.0661,1768
9.0762,9.113,9.122,8.963799999999999,2707
9.1129,9.1914,9.1976,9.10735,2163
9.1909,9.2469,9.2913,9.168099999999999,2361
9.247399999999999,9.1754,9.2499,9.1663,2260
9.1753,9.1674,9.188600000000001,9.1458,2223
9.1668,9.1959,9.217600000000001,9.1525,2099
9.1959,9.1658,9.206299999999999,9.153500000000001,2459
9.1658,9.094899999999999,9.1658,9.0861,2516
9.0952,9.137,9.1447,9.0775,1828
9.13695,9.0857,9.1391,9.069749999999999,2725
9.0861,9.0787,9.0994,9.0373,2423
9.0787,9.0972,9.1158,9.0765,1756
9.0973,9.117,9.1182,9.0862,1453
9.1166,9.1363,9.1664,9.1166,878
9.1359,9.0973,9.168700000000001,9.0852,1435
9.0973,9.08365,9.113800000000001,9.0667,1001
9.0845,9.1143,9.117899999999999,9.0763,1880
9.1142,9.074200000000001,9.1175,9.014199999999999,2350
9.074300000000001,9.062100000000001,9.135,9.0478,2947
9.062149999999999,8.9981,9.075199999999999,8.973700000000001,2394
8.9972,8.9673,9.0042,8.8925,5750
8.9679,8.996,9.0053,8.9372,4770
8.994900000000001,8.957799999999999,9.0357,8.946,2418
8.957799999999999,9.0058,9.0078,8.930900000000001,1630
9.0042,8.9085,9.0121,8.902000000000001,1824
8.9085,8.8854,8.9336,8.8667,2406
8.885349999999999,8.928,8.9377,8.878,2504
8.92795,8.9681,8.975999999999999,8.9253,2580
8.967600000000001,8.9988,9.0175,8.9476,2377
8.9981,8.9473,9.0165,8.9428,1877
8.9473,8.9454,8.9766,8.9345,1958
8.9454,8.90675,8.9458,8.8826,2384
8.9072,8.8361,8.9174,8.8269,2495
8.836549999999999,8.8788,8.9019,8.8291,2429
8.8788,8.9175,8.964500000000001,8.829799999999999,2869
8.915700000000001,8.9572,8.9575,8.8963,2474
8.9772,8.988900000000001,9.0275,8.9772,1796
8.9853,8.9396,8.9853,8.906600000000001,1941
8.939499999999999,9.089500000000001,9.0983,8.9287,2182
9.0892,9.1486,9.1806,9.086500000000001,2611
9.1495,9.15765,9.2156,9.137699999999999,3160
9.1576,9.277899999999999,9.2918,9.136800000000001,3180
9.277899999999999,9.2299,9.3051,9.2094,4128
9.229849999999999,9.2466,9.268799999999999,9.165700000000001,3842
9.24585,9.1958,9.269,9.1639,2282
9.1967,9.154399999999999,9.1982,9.15295,1062
9.1533,9.137699999999999,9.1582,9.1334,2712
9.137599999999999,9.1761,9.1878,9.132,2630
9.176400000000001,9.1166,9.1894,9.1156,3391
9.1165,9.1101,9.1278,9.0988,3489
9.11,9.1975,9.20105,9.1099,2883
9.197099999999999,9.1968,9.2096,9.166,2662
9.1968,9.275400000000001,9.2995,9.1854,2460
9.275400000000001,9.2961,9.3083,9.2548,2056
9.296199999999999,9.2584,9.3057,9.255099999999999,1688
9.258700000000001,9.306899999999999,9.315100000000001,9.247399999999999,1221
9.30695,9.3657,9.3969,9.3051,2418
9.3657,9.364799999999999,9.3881,9.3512,2143
9.364799999999999,9.4671,9.4671,9.363900000000001,3143
9.467,9.347100000000001,9.4992,9.3444,3912
9.346499999999999,9.3067,9.371,9.2979,1662
9.307500000000001,9.278500000000001,9.318999999999999,9.2577,3334
9.2791,9.3341,9.33895,9.2477,2807
9.3351,9.2669,9.3369,9.265,1825
9.2668,9.2767,9.2873,9.2461,1322
9.278,9.248850000000001,9.340399999999999,9.2332,2568
9.24905,9.3163,9.3253,9.228,3212
9.3162,9.3891,9.407499999999999,9.3055,2851
9.3891,9.295,9.3967,9.295,2195
9.2941,9.413,9.437000000000001,9.279399999999999,3238
9.413,9.3721,9.4214,9.365400000000001,2134
9.3722,9.3797,9.4103,9.358699999999999,1776
9.37945,9.349499999999999,9.39,9.3378,1572
9.3498,9.366299999999999,9.3794,9.329799999999999,1416
9.3662,9.4717,9.4804,9.3198,2433
9.4719,9.289200000000001,9.4886,9.259,2193
9.2897,9.3561,9.3561,9.2683,2593
9.356349999999999,9.3554,9.3991,9.3494,3733
9.3553,9.6545,9.6746,9.354099999999999,4308
9.6543,9.733699999999999,9.788499999999999,9.5616,3591
9.7338,9.81,9.8707,9.726700000000001,3622
9.8147,9.7834,9.8224,9.763300000000001,3859
9.786,9.83135,9.844000000000001,9.7807,3988
9.831299999999999,9.8431,9.8493,9.8024,3131
9.8172,9.8851,9.8936,9.8042,1804
9.885200000000001,9.892900000000001,9.9122,9.8253,2528
9.89305,9.9966,10.014800000000001,9.89305,3449
9.996500000000001,9.9756,10.0245,9.95555,2865
9.9758,10.0,10.01505,9.9749,2076
9.9998,10.054,10.054,9.96625,2318
10.0543,10.373000000000001,10.5465,10.0543,3940
10.3723,10.334299999999999,10.397,10.3148,2455
10.334,10.2668,10.3773,10.2608,1642
10.267299999999999,10.2958,10.2988,10.2463,1057
10.296,10.3763,10.3775,10.295,953
10.376000000000001,10.5223,10.5555,10.3653,2206
10.523,10.644300000000001,10.699,10.494299999999999,2662
10.6458,10.6083,10.7783,10.555,2980
10.6075,10.79555,10.801,10.5955,2331
10.7948,10.5983,10.8005,10.584,2112
10.5988,10.663499999999999,10.6768,10.548300000000001,1928
10.6633,10.8263,10.8338,10.6548,2000
10.8265,10.7653,10.8773,10.756,1621
10.76505,10.6643,10.7878,10.617,1988
10.6638,10.624500000000001,10.686499999999999,10.6038,1931
10.6238,10.5765,10.625,10.5388,1889
10.5768,10.6543,10.696,10.57455,2437
10.654,10.732,10.7558,10.613299999999999,2186
10.731300000000001,10.719000000000001,10.8173,10.629,2352
10.7183,10.764,10.8263,10.7073,1626
10.763300000000001,10.909600000000001,10.9225,10.7553,1885
10.9085,10.9078,11.103,10.838799999999999,3216
10.9083,10.8083,10.9988,10.8078,1864
10.8078,10.7895,10.8455,10.7458,1775
10.78855,10.7128,10.7913,10.60505,1961
10.7153,10.6918,10.8345,10.484300000000001,4790
10.692,10.7685,10.785,10.63305,2894
10.7698,10.62705,10.830300000000001,10.581299999999999,3225
10.6288,10.7035,10.7433,10.603,3300
10.70405,10.8668,10.8773,10.6653,3101
10.8653,10.973600000000001,10.97605,10.8063,3084
10.97305,11.01,11.097,10.8958,4082
11.0103,11.1738,11.2481,10.9825,3078
11.1755,10.9875,11.178049999999999,10.9766,3099
10.987300000000001,11.046800000000001,11.1283,10.97455,2413
11.0465,11.237300000000001,11.2655,11.045,2853
11.2365,10.980550000000001,11.2438,10.9618,3022
10.9808,10.985800000000001,11.0073,10.939,1792
10.9855,11.0265,11.0283,10.96555,1956
11.026299999999999,11.0115,11.026299999999999,10.929549999999999,2455
11.0085,11.1968,11.1968,11.0068,2210
11.1965,11.206299999999999,11.267,11.0793,3298
11.21405,11.138300000000001,11.2385,11.100999999999999,1827
11.1393,11.176549999999999,11.178049999999999,11.1135,1516
11.176300000000001,11.178049999999999,11.187000000000001,11.07,1621
11.1783,11.0763,11.1968,11.06605,1284
11.075800000000001,10.985,11.0878,10.9668,1935
10.98455,11.011800000000001,11.030000000000001,10.946,1774
11.0108,11.116,11.4008,11.0075,4386
11.1155,11.2095,11.3605,11.1135,4137
11.2083,11.054549999999999,11.2178,11.046800000000001,2869
11.0548,11.1073,11.128,11.004999999999999,2640
11.10655,11.2745,11.3093,11.045300000000001,3105
11.2728,11.2483,11.2728,11.1663,2909
11.24605,11.199300000000001,11.2555,11.1411,2818
11.1998,11.3363,11.3778,11.19955,3040
11.335799999999999,11.2858,11.3473,11.2573,3247
11.2868,11.2865,11.35505,11.22455,2743
11.28555,11.2378,11.2893,11.1968,2719
11.237300000000001,11.3285,11.426,11.2283,3120
11.327300000000001,11.2573,11.3508,11.221499999999999,2899
11.258,11.142299999999999,11.3798,11.120000000000001,4119
11.141,11.1875,11.29855,11.011800000000001,5752
11.1873,11.484300000000001,11.5848,11.1873,5602
11.48455,11.5998,11.6348,11.4333,5577
11.604800000000001,11.63555,11.7628,11.5923,4328
11.6358,11.585049999999999,11.6445,11.5053,2990
11.5848,11.9533,11.9655,11.583549999999999,3910
11.953,11.7438,12.0728,11.7168,5157
11.743549999999999,11.6955,11.786,11.6653,3217
11.6953,11.3368,11.7378,11.2698,4359
11.337299999999999,11.222,11.4073,11.1198,5492
11.2218,11.149049999999999,11.3163,11.1403,4068
11.149799999999999,11.1305,11.2293,11.038499999999999,4709
11.1318,11.3095,11.3193,11.1298,2919
11.310500000000001,11.407,11.442499999999999,11.2013,3091
11.4073,11.581,11.618,11.3948,3702
11.581299999999999,11.3503,11.599499999999999,11.3498,2540
11.3498,11.3535,11.4658,11.333,2353
11.3525,11.3893,11.4483,11.350999999999999,1848
11.394300000000001,11.086,11.45555,11.085049999999999,4319
11.0868,11.3193,11.338049999999999,11.086549999999999,3339
11.3183,11.177299999999999,11.3375,11.137550000000001,3282
11.1775,11.3285,11.3893,11.174,3256
11.328800000000001,11.33955,11.4408,11.2978,3269
11.3398,11.41055,11.428799999999999,11.33205,1946
11.411100000000001,11.3483,11.4305,11.3113,2496
11.3485,11.41205,11.4773,11.3078,3688
11.4123,11.456800000000001,11.519300000000001,11.3688,3492
11.456,11.486799999999999,11.5275,11.424299999999999,2524
11.499600000000001,11.452,11.5093,11.4398,1332
11.4515,11.425799999999999,11.455,11.3253,2256
11.426,11.508,11.5145,11.3788,2528
11.5095,11.552299999999999,11.5763,11.47755,2154
11.5528,11.5805,11.597999999999999,11.488299999999999,2576
11.580300000000001,11.4663,11.59,11.460049999999999,700
