637.605,638.3050000000001,638.6400000000001,637.5550000000001,932
638.275,637.255,639.025,637.235,720
637.3050000000001,638.325,638.325,636.885,847
638.3050000000001,639.905,640.235,638.235,761
640.005,640.205,640.605,639.405,722
640.185,639.955,640.485,639.635,615
639.905,640.685,640.775,639.705,734
640.705,640.235,641.155,640.075,1354
640.155,640.355,640.705,639.605,772
640.3050000000001,639.855,640.485,639.3050000000001,718
639.905,640.775,640.955,639.825,668
640.755,642.155,642.615,640.5550000000001,739
642.185,640.955,642.255,640.955,241
641.005,640.825,641.355,640.635,188
640.8050000000001,640.735,640.825,640.505,27
640.685,640.985,641.075,640.635,26
640.825,640.8050000000001,640.825,640.685,12
640.635,640.635,640.735,640.585,9
640.655,640.825,641.0550000000001,640.655,33
640.8050000000001,640.575,640.955,640.355,67
644.73,644.13,645.46,643.94,342
644.05,645.4,645.73,643.13,554
645.48,648.155,648.575,644.57,2676
648.075,649.075,650.135,648.075,1920
649.0550000000001,649.605,650.8050000000001,648.885,1414
649.5550000000001,650.025,650.355,648.955,1168
650.0550000000001,650.025,650.935,649.855,992
650.0550000000001,650.205,651.155,649.755,780
650.155,649.655,650.455,649.025,921
649.605,649.155,650.205,648.525,1141
649.135,648.405,649.185,647.635,910
648.385,646.135,648.505,645.605,1026
646.105,646.205,647.025,645.235,954
646.0550000000001,645.185,646.605,645.135,829
645.135,646.235,646.755,645.0550000000001,1096
646.255,648.385,648.605,645.5550000000001,1750
648.3050000000001,647.455,648.955,647.155,1447
647.505,648.705,649.525,647.355,1200
648.655,648.155,649.0550000000001,647.605,1131
648.105,646.075,648.505,646.075,1153
646.105,647.5550000000001,647.8050000000001,646.025,1031
647.525,648.505,648.505,647.325,790
648.505,647.985,649.075,647.955,625
648.075,646.905,648.525,646.635,502
646.885,647.605,647.775,646.54,420
647.685,648.735,648.775,646.905,512
648.735,648.655,649.505,648.455,455
648.735,647.905,648.9100000000001,647.755,544
640.52,639.21,641.07,638.94,707
639.25,640.0550000000001,640.645,639.02,779
639.8050000000001,636.275,640.085,633.9,2911
636.205,635.325,637.635,634.905,2779
635.275,634.135,635.995,633.605,2186
634.105,634.775,635.655,633.635,1754
634.755,635.435,636.435,634.135,1312
635.405,634.735,635.8050000000001,634.505,1385
634.755,636.3050000000001,636.355,634.3050000000001,1086
636.525,636.455,637.105,636.0550000000001,819
636.485,637.505,637.655,636.355,1217
637.5550000000001,636.755,637.655,636.755,757
636.8050000000001,635.5550000000001,636.8050000000001,634.905,892
635.605,636.635,636.655,634.5,990
636.705,636.905,637.135,635.575,1097
636.885,638.075,639.705,635.955,2492
638.135,642.8050000000001,643.355,636.855,2301
642.885,643.5550000000001,644.505,642.505,2064
643.575,642.105,643.605,640.985,1859
642.135,638.05,642.935,637.88,1310
638.02,639.105,639.53,637.565,1151
638.905,640.325,640.435,638.825,786
640.355,641.405,641.705,639.0550000000001,591
641.325,641.8050000000001,642.135,640.455,290
641.935,642.155,643.8050000000001,641.705,667
642.175,642.3050000000001,642.505,641.25,454
642.405,640.935,642.525,640.5550000000001,462
640.885,639.435,641.3050000000001,639.255,517
640.005,639.275,640.0550000000001,638.685,615
639.385,638.135,639.575,637.885,566
638.085,634.025,638.355,632.8050000000001,3161
634.185,633.955,634.775,631.885,3226
633.885,636.0550000000001,637.605,633.435,2883
636.105,635.405,636.5550000000001,635.005,1947
635.385,637.935,638.955,635.355,1938
637.905,638.8050000000001,639.155,637.485,1630
638.825,641.155,641.205,638.605,1473
641.185,642.5550000000001,643.3050000000001,640.155,1650
642.735,643.0550000000001,643.105,641.505,1216
643.025,641.205,643.135,641.0550000000001,1452
641.235,638.605,641.3050000000001,638.605,971
638.575,637.325,638.635,636.575,1280
637.3050000000001,637.105,637.885,636.605,1563
637.405,635.755,637.755,632.88,2849
635.525,634.8050000000001,636.0550000000001,633.005,2512
634.825,638.405,638.885,634.705,1606
638.405,636.885,638.455,636.0550000000001,1521
636.935,634.635,637.275,634.325,1313
634.635,633.985,634.71,632.635,1042
633.955,631.635,634.275,631.205,1362
631.605,631.705,632.775,630.485,918
631.605,632.605,632.635,630.655,553
632.685,633.185,633.325,632.075,559
633.205,633.5550000000001,634.325,633.155,540
633.525,634.605,634.855,633.025,657
634.635,636.825,636.985,634.575,599
640.82,640.88,641.27,639.82,487
640.85,639.19,641.23,639.19,573
639.33,641.025,641.075,638.325,2785
641.0550000000001,644.155,644.635,640.985,1798
644.235,645.885,646.0550000000001,643.505,1948
645.855,646.455,647.3900000000001,645.5550000000001,1595
646.435,647.3050000000001,647.88,645.325,1355
647.275,648.685,648.705,646.5550000000001,1366
648.605,648.8050000000001,649.3050000000001,648.11,1219
648.755,649.855,649.905,648.755,955
649.705,651.435,651.525,649.435,1096
651.405,651.155,651.655,650.455,1060
651.185,650.455,652.0550000000001,650.235,1004
650.405,650.855,651.355,650.255,849
650.8050000000001,650.8050000000001,651.755,650.5550000000001,729
650.905,653.575,654.605,650.705,1523
654.0550000000001,659.705,659.955,654.0550000000001,1895
659.905,659.8050000000001,660.605,658.5550000000001,1244
659.8050000000001,660.955,660.955,658.985,1237
661.005,660.885,661.205,659.735,1099
660.935,660.605,661.5550000000001,660.455,678
660.635,661.405,661.575,660.485,535
661.385,661.285,661.735,660.955,393
661.255,661.3050000000001,661.685,660.985,331
661.355,661.535,661.705,661.135,344
661.505,661.935,662.005,661.385,334
661.905,661.5550000000001,661.985,661.285,272
661.585,663.405,663.855,661.105,481
662.655,663.3050000000001,663.955,662.135,808
663.285,665.835,665.855,662.735,674
665.685,670.135,671.185,664.905,3547
670.205,674.3050000000001,674.505,669.705,2918
674.255,674.0550000000001,676.0,673.5550000000001,2124
673.985,671.5550000000001,674.255,671.155,1681
671.575,673.735,673.955,671.3050000000001,984
673.705,673.575,673.885,672.075,1228
673.605,673.355,674.635,672.655,1333
673.485,675.205,675.285,672.985,1366
675.185,674.435,676.105,674.075,1131
674.455,672.755,674.955,672.61,1056
672.785,672.135,673.605,672.075,1197
672.155,672.255,672.665,671.0799999999999,1340
672.3050000000001,672.035,672.635,671.655,1258
672.0550000000001,667.955,672.385,667.325,2429
668.0550000000001,667.035,669.985,666.455,2571
666.885,672.155,672.355,666.8050000000001,1844
672.185,672.3050000000001,672.455,670.0550000000001,1738
672.355,671.075,672.405,670.135,1356
670.985,668.485,671.405,668.485,835
668.535,670.105,670.105,668.075,727
670.075,669.455,670.105,668.385,857
669.405,668.485,669.535,667.635,524
668.455,668.705,669.535,667.8050000000001,547
668.655,668.705,669.575,668.385,687
668.685,669.505,669.905,667.535,912
669.435,669.285,669.8050000000001,668.035,704
670.855,674.25,674.98,670.405,965
674.13,674.285,674.995,673.5,612
674.255,670.105,676.0799999999999,669.735,3246
670.075,670.605,670.855,668.8199999999999,2963
670.635,672.605,673.23,670.505,2040
672.635,673.435,673.5550000000001,672.155,1556
673.405,675.155,675.5550000000001,673.205,1210
675.135,672.205,675.235,671.905,1639
672.155,672.285,672.755,671.455,1301
672.3050000000001,673.655,673.885,671.885,1255
673.705,673.3050000000001,673.8050000000001,672.385,1045
673.285,672.955,673.3050000000001,672.105,1033
672.905,671.705,673.535,671.605,878
671.755,672.8050000000001,672.985,671.405,1076
672.785,673.155,673.485,672.455,1015
673.385,674.705,676.485,672.985,1988
674.485,672.905,675.325,672.205,2257
672.735,671.985,673.105,670.635,1439
671.955,669.355,672.355,669.105,1159
669.385,665.905,669.385,665.755,1088
665.855,666.655,666.825,664.93,632
666.705,666.755,667.635,665.5550000000001,848
666.785,665.5550000000001,666.785,664.105,572
665.5550000000001,664.935,665.685,664.105,387
664.985,663.8050000000001,665.655,663.285,332
663.785,663.855,664.285,662.355,540
663.785,664.655,664.955,663.105,496
664.605,663.455,664.905,663.285,669
664.905,665.325,666.685,664.855,659
665.355,662.2,665.5550000000001,661.65,616
661.95,665.825,667.03,660.65,3635
665.855,663.505,666.0550000000001,663.455,2886
663.455,665.155,666.5550000000001,663.235,2325
665.205,665.225,666.535,664.8050000000001,1526
665.205,665.005,665.8050000000001,664.285,1369
665.035,661.355,665.085,661.06,1918
661.405,661.105,663.935,661.06,1835
661.085,662.105,662.835,661.085,1569
662.155,661.405,662.205,659.605,1450
661.385,664.455,664.955,661.3199999999999,1445
664.405,666.155,667.655,664.285,1582
666.185,665.755,666.3050000000001,664.155,1850
665.655,667.105,667.105,665.405,1624
666.975,667.435,668.255,662.755,3008
667.435,667.0550000000001,669.605,665.325,2983
666.975,666.655,668.335,665.495,2559
666.705,666.355,667.205,665.785,1477
666.405,666.455,667.685,665.535,917
666.455,663.955,666.655,663.785,561
664.035,666.155,666.2950000000001,663.985,622
666.0550000000001,665.975,666.855,664.975,597
666.0550000000001,667.635,667.655,665.705,365
667.635,668.3,668.85,667.585,408
668.33,666.605,668.43,665.975,515
666.585,667.955,668.005,666.185,574
667.935,665.685,667.975,665.3050000000001,483
660.68,657.0,661.1,656.9,768
656.97,656.535,657.22,654.6,959
656.755,656.285,658.085,654.505,4536
656.255,657.005,658.655,655.5550000000001,3307
656.975,657.005,659.36,656.705,2162
656.955,659.535,660.97,656.585,2795
659.5550000000001,655.855,659.705,655.76,2056
655.835,657.955,658.205,655.475,1944
657.935,656.455,658.435,656.455,1604
656.435,656.155,656.8050000000001,655.2249999999999,1301
656.205,655.935,656.225,654.605,930
655.955,655.585,655.955,654.385,852
655.605,656.685,657.535,655.505,1007
656.585,655.855,659.355,655.725,1611
655.8050000000001,657.605,658.085,655.4,1253
657.655,653.3050000000001,658.505,652.855,2566
653.335,653.105,654.655,652.385,2572
652.925,656.635,656.935,652.885,2232
656.605,658.585,659.8050000000001,655.155,1981
658.605,661.535,661.8050000000001,658.435,1617
661.505,663.1,663.2,659.355,1097
663.15,662.255,664.08,661.635,1168
662.355,661.475,662.975,659.855,1140
661.455,662.835,663.505,661.105,1037
662.935,661.935,663.255,660.965,787
661.855,659.905,662.1700000000001,659.585,746
659.785,660.5550000000001,660.635,657.82,747
660.535,662.35,662.43,659.83,731
654.96,654.15,656.15,652.68,951
654.18,652.275,654.38,652.19,772
652.105,652.675,653.5550000000001,648.75,3995
652.725,653.525,654.5799999999999,652.635,2518
653.585,656.085,656.72,651.255,2770
656.0550000000001,658.185,659.0550000000001,656.005,2050
658.155,659.535,660.705,657.3050000000001,2237
659.505,660.685,661.135,659.085,1655
660.705,659.785,661.0550000000001,658.595,1428
659.8050000000001,656.255,660.455,655.8050000000001,1606
656.3050000000001,654.755,656.755,654.505,2156
654.8050000000001,654.3050000000001,655.8050000000001,653.655,1762
654.335,653.505,655.105,653.425,1655
653.525,655.5550000000001,655.5550000000001,653.3050000000001,1656
655.585,654.905,656.405,654.885,1557
654.905,659.235,660.255,654.425,2380
659.885,653.775,659.885,653.105,2906
653.455,653.155,654.105,651.655,2287
652.955,654.505,655.855,652.205,2136
654.655,653.725,656.585,653.175,1496
653.675,656.455,656.785,653.225,1069
656.435,655.275,657.035,655.225,1111
655.205,657.335,657.435,655.205,873
657.3050000000001,658.755,658.935,657.2550000000001,721
658.725,659.785,660.27,657.855,741
659.835,660.585,660.835,659.435,677
660.635,660.735,661.285,659.755,910
660.8050000000001,661.655,662.005,660.185,526
659.255,660.05,660.58,657.45,604
659.97,658.25,660.33,657.98,528
658.3,659.205,660.155,656.455,3291
659.285,656.585,659.455,656.0550000000001,2655
656.435,657.685,657.855,656.005,1819
657.655,657.605,658.005,656.5550000000001,1316
657.5550000000001,657.585,657.885,656.605,1231
657.605,659.5550000000001,660.105,656.955,1507
659.585,659.435,659.705,658.0550000000001,1041
659.405,660.135,660.475,658.755,791
660.105,659.655,660.505,659.035,691
659.685,659.755,660.635,659.255,760
659.725,660.155,660.755,659.405,610
660.185,660.905,661.355,660.005,502
660.935,660.955,661.655,660.885,515
661.005,660.405,661.0550000000001,660.355,807
660.385,658.905,660.405,658.655,719
658.935,660.105,660.355,658.28,763
660.005,661.155,661.655,660.005,690
661.205,659.535,661.535,658.935,662
659.505,659.655,659.935,658.975,248
659.685,659.405,659.8050000000001,659.285,315
659.385,659.205,659.385,659.075,17
659.3050000000001,659.405,659.505,659.135,24
659.385,659.505,659.505,659.355,6
659.435,659.475,659.505,659.405,6
659.505,659.5550000000001,659.5550000000001,659.475,8
659.535,659.205,659.535,658.935,62
663.08,663.93,664.22,662.0,639
663.95,663.2,664.97,662.7,535
663.28,663.255,664.335,661.505,3536
663.285,662.105,663.835,661.5550000000001,2525
662.155,657.135,662.855,656.955,3146
657.0550000000001,654.855,657.975,654.755,2815
654.955,653.8050000000001,655.8050000000001,653.405,2564
653.775,655.955,656.5550000000001,652.585,2215
655.935,656.355,657.225,655.255,1467
656.335,656.755,657.905,656.255,1251
656.935,656.3050000000001,657.405,655.425,1492
656.335,652.22,656.5550000000001,651.8,1539
652.25,646.725,652.4,645.7950000000001,3154
646.705,644.885,646.905,644.605,2703
644.855,645.255,645.855,644.425,2287
645.605,646.585,647.605,643.955,3745
646.455,645.975,647.905,645.0550000000001,3610
646.005,646.755,649.83,645.525,2815
646.655,643.585,646.655,643.5550000000001,2123
643.605,646.52,647.25,643.385,1577
646.58,647.955,648.525,645.635,820
647.975,644.52,648.3050000000001,644.52,665
644.55,647.05,647.68,644.46,501
647.08,647.1,648.25,646.52,515
647.15,649.0550000000001,649.135,646.88,690
649.085,650.405,650.76,648.905,961
650.405,652.355,652.525,649.675,662
652.3050000000001,653.475,653.505,651.635,512
651.275,650.77,651.405,649.3,841
650.8,652.455,652.675,650.4,547
652.705,659.105,659.685,652.455,4472
659.155,659.255,660.785,658.855,3187
659.225,658.155,660.205,657.205,2555
658.135,654.635,658.155,654.405,2149
654.655,656.0550000000001,656.155,652.935,2221
656.085,655.885,656.705,654.735,2004
655.905,657.255,657.655,655.755,1646
657.3050000000001,657.205,658.0550000000001,656.105,1681
657.185,656.985,657.585,656.5550000000001,1314
657.005,656.955,657.505,656.005,1350
656.985,656.405,657.205,654.97,1630
656.5550000000001,658.385,659.8050000000001,656.455,1620
658.405,660.005,660.155,658.405,1733
660.005,659.735,661.505,658.455,2918
659.135,659.835,661.62,658.02,3411
659.755,657.405,660.0550000000001,656.985,2803
657.385,656.405,657.935,655.5550000000001,2397
656.455,657.505,657.905,655.585,1408
657.535,657.405,657.955,656.455,908
657.385,657.8050000000001,658.285,657.005,827
657.835,657.855,658.885,657.685,557
657.755,658.185,658.5550000000001,657.655,334
658.155,659.885,660.285,656.885,745
659.905,661.23,661.95,659.435,643
661.35,662.405,662.455,660.33,516
662.385,661.005,663.0550000000001,660.585,705
665.28,664.8,666.65,664.73,599
664.83,664.335,664.985,663.43,688
664.605,668.085,668.255,664.205,3421
668.155,667.905,670.235,667.135,2973
667.885,666.755,668.5550000000001,666.535,1879
666.8050000000001,664.685,667.3050000000001,662.995,2142
663.785,666.785,668.755,663.785,2524
666.755,666.905,667.985,666.455,1510
666.755,666.985,667.235,665.5550000000001,1683
667.005,667.3050000000001,668.085,666.485,1378
667.385,664.435,667.385,664.405,1042
664.485,667.005,667.255,664.355,1264
667.035,665.905,667.4300000000001,665.8050000000001,1200
665.935,666.455,667.205,665.3050000000001,1200
666.435,665.855,667.285,665.405,1537
665.935,669.255,670.5550000000001,665.935,2779
669.105,669.755,669.955,668.135,2314
669.755,671.0550000000001,671.735,669.5550000000001,1561
671.105,671.855,672.435,671.005,1493
671.755,671.825,672.235,671.105,1134
671.785,672.355,672.485,671.535,594
672.455,672.235,672.785,672.135,455
672.185,671.575,672.355,671.355,516
671.5550000000001,672.705,672.825,671.355,349
672.8050000000001,673.205,673.285,672.635,301
673.135,673.185,673.205,672.355,326
673.185,673.505,674.155,672.985,441
673.485,674.005,674.085,673.325,565
670.825,671.035,672.235,670.825,227
671.0550000000001,671.905,671.985,670.505,180
671.835,672.325,672.755,669.3050000000001,2353
672.355,673.535,675.23,672.205,1811
673.505,671.155,674.335,671.035,1367
671.135,670.0550000000001,671.145,669.245,1500
670.075,668.905,670.105,667.935,1235
668.855,669.955,671.3050000000001,668.655,1710
669.905,674.405,675.0550000000001,669.855,2270
674.435,671.785,674.855,670.7,2075
671.8050000000001,671.825,672.255,670.035,1672
671.855,671.325,672.205,670.755,1413
671.3050000000001,671.535,672.585,671.235,1150
671.505,668.085,671.505,665.45,3369
668.105,670.285,670.8050000000001,668.105,2186
670.255,668.5550000000001,672.03,667.65,3195
668.605,672.855,672.855,667.5550000000001,2819
672.855,674.105,674.205,672.455,1691
674.035,673.905,674.255,672.705,1337
673.955,672.955,674.705,671.575,1096
672.885,670.155,672.985,670.035,796
670.135,669.255,670.505,669.095,873
669.205,670.575,670.575,668.605,445
670.5550000000001,671.185,671.655,670.235,338
671.205,672.38,672.38,670.785,309
672.38,673.105,673.2,672.32,377
673.075,673.155,673.505,672.705,520
673.105,672.235,673.285,672.105,423
664.35,665.8,666.45,664.32,663
665.82,664.685,666.07,664.08,552
664.705,667.455,669.005,662.535,3422
667.485,667.235,669.035,666.4449999999999,2783
667.255,667.505,669.985,666.5550000000001,2662
667.485,669.605,669.635,667.485,1831
669.575,671.205,671.955,668.905,1801
671.235,672.255,672.505,670.605,1162
672.285,671.485,672.955,671.455,1300
671.505,671.755,672.355,671.0550000000001,1102
671.785,672.485,673.035,671.705,1021
672.405,671.3050000000001,673.0550000000001,670.905,1189
671.355,672.005,672.355,671.105,1023
671.955,671.405,672.355,670.255,1302
671.435,672.455,672.585,671.435,937
672.455,670.355,673.605,668.3050000000001,3088
670.105,669.105,670.5550000000001,667.405,2753
669.035,668.405,671.12,668.355,2095
668.455,668.935,670.185,668.245,1736
668.905,668.535,669.985,668.135,1219
668.575,669.205,669.735,668.3050000000001,940
669.155,670.135,670.405,669.035,648
670.105,671.535,671.705,670.035,306
671.575,672.0550000000001,672.485,671.485,477
672.105,670.605,672.105,670.535,544
670.585,669.785,671.075,669.785,277
669.735,669.825,669.905,669.035,412
669.785,669.705,670.09,668.905,676
665.5,665.85,666.35,663.83,464
665.83,665.45,665.88,663.8,490
665.23,662.155,666.705,661.655,3322
662.105,664.235,664.255,660.605,2516
664.255,665.105,665.455,663.075,1639
665.135,666.825,667.585,664.855,1346
666.8050000000001,665.5550000000001,667.505,665.5550000000001,1590
665.535,665.3050000000001,666.0550000000001,664.0550000000001,1465
665.285,666.575,667.005,664.605,1220
666.5550000000001,666.005,667.155,665.485,1425
665.905,668.105,668.95,665.085,1772
668.155,666.905,669.5550000000001,666.785,1519
666.885,666.705,667.435,665.4200000000001,1340
666.655,667.0550000000001,668.01,666.505,1081
667.085,668.355,668.655,666.8050000000001,1092
668.385,667.405,670.755,667.0550000000001,2703
667.355,668.505,669.105,665.435,2634
668.485,670.385,670.8050000000001,668.485,1978
670.3050000000001,671.535,672.235,669.905,1231
671.5550000000001,671.8050000000001,671.825,670.655,932
671.705,671.825,672.255,671.0550000000001,822
671.8050000000001,671.8050000000001,672.535,671.325,564
671.825,671.5550000000001,672.535,670.985,417
671.575,672.0550000000001,672.285,671.355,318
672.075,671.705,672.205,671.075,497
671.735,670.285,671.825,670.285,476
670.105,667.45,670.105,667.38,833
667.43,668.835,668.935,666.35,729
669.405,668.3050000000001,669.405,667.405,409
668.285,670.035,670.93,667.935,487
670.0550000000001,668.0550000000001,670.575,667.135,2602
668.005,665.955,669.035,665.505,1988
665.935,665.155,666.385,663.5550000000001,1963
665.105,668.105,668.335,664.755,1647
668.075,669.205,669.255,667.355,1410
669.185,667.5550000000001,669.455,667.405,1094
667.535,665.5550000000001,667.735,665.185,924
665.605,666.3050000000001,666.455,665.155,1110
666.285,665.405,667.135,665.355,1072
665.385,665.755,666.455,665.205,1174
665.735,668.5,670.05,665.485,1216
668.53,660.8050000000001,668.53,656.505,4563
660.735,658.455,662.825,658.155,2856
658.505,663.185,664.285,658.505,3570
663.075,661.255,663.255,658.635,3150
661.0550000000001,665.955,666.635,660.605,2343
666.105,666.255,668.335,665.455,1818
666.285,667.105,667.785,665.755,1215
667.185,668.185,668.605,667.145,1056
668.235,669.435,669.485,667.935,835
669.455,669.185,670.635,668.535,690
669.235,670.155,670.405,668.435,500
670.155,669.955,670.185,667.405,821
669.935,671.205,671.205,669.755,437
671.455,669.955,671.5,669.8050000000001,459
669.985,669.105,670.255,668.755,567
667.48,667.03,667.98,666.48,466
667.0,666.18,667.08,665.6,435
666.15,668.205,668.405,663.95,3036
668.135,666.5550000000001,668.605,665.735,2247
666.535,665.835,668.285,664.885,2113
665.8050000000001,663.005,665.8050000000001,662.025,2295
662.905,663.155,664.285,662.635,1815
663.135,664.855,665.135,662.405,1568
664.835,664.455,665.005,663.8050000000001,1463
664.475,661.755,664.885,661.605,1751
661.705,662.725,663.185,660.955,1705
662.685,662.535,664.655,662.3299999999999,1950
662.485,660.985,662.905,660.4549999999999,1691
660.835,659.3050000000001,662.225,658.535,2049
659.285,661.075,661.5550000000001,659.105,1745
660.935,657.205,661.885,657.13,1833
657.035,656.8050000000001,657.285,654.55,1535
656.755,657.655,658.255,655.355,1544
658.5550000000001,660.105,660.415,657.7,1398
660.0550000000001,662.205,662.635,659.235,1319
662.255,660.0550000000001,662.8050000000001,660.0550000000001,847
660.285,658.85,660.785,657.0,837
658.9,659.735,659.885,657.35,417
659.755,660.7,661.65,658.8050000000001,566
660.73,663.35,663.35,660.55,490
663.43,663.98,664.13,662.98,429
664.0,665.1,665.28,663.12,436
665.18,665.035,665.285,663.235,581
665.8050000000001,665.505,666.575,664.705,274
665.535,662.75,665.8050000000001,662.57,565
662.88,666.255,666.56,660.18,3097
666.205,665.705,666.885,664.655,2487
665.685,666.0550000000001,666.5550000000001,664.735,2058
666.035,668.5550000000001,670.18,666.035,1739
668.505,667.455,669.385,666.5550000000001,1663
667.505,666.205,668.0550000000001,665.005,1851
666.225,666.955,667.155,664.935,1555
666.975,667.5550000000001,668.155,666.525,1110
667.585,668.135,668.605,667.105,1180
668.105,667.5550000000001,668.8050000000001,667.405,1007
667.575,666.505,668.105,666.0550000000001,1137
665.885,670.255,670.655,664.655,2527
670.225,670.5550000000001,670.8050000000001,669.155,1803
670.755,669.225,671.705,667.455,2902
669.705,671.955,672.025,668.7,2231
672.005,671.505,672.255,670.605,1853
671.5550000000001,672.3050000000001,672.755,671.435,1430
672.355,670.8050000000001,673.255,670.7,1048
670.835,670.335,671.0550000000001,670.205,719
670.3050000000001,670.025,670.635,669.605,660
670.005,671.205,671.205,669.975,290
671.185,671.085,671.405,670.605,308
671.105,671.655,671.705,670.635,459
671.655,671.905,672.5550000000001,671.405,426
671.885,671.885,672.225,671.655,448
671.855,673.685,673.685,671.085,645
678.82,677.88,679.6,677.55,441
677.9,679.05,679.7,677.6,337
678.97,679.385,680.855,676.635,2738
679.335,680.885,682.285,679.0550000000001,2348
680.855,683.235,683.605,680.135,1911
683.205,683.455,683.735,682.5550000000001,1490
683.435,682.3050000000001,683.655,681.8050000000001,1398
682.285,681.155,682.605,680.575,1130
681.075,682.005,682.155,680.855,966
682.035,681.105,682.385,681.105,938
681.205,682.205,682.205,680.705,1003
682.185,682.355,682.605,681.405,854
682.405,679.355,682.905,679.325,1544
679.385,680.155,680.405,679.03,1524
680.125,681.625,681.905,679.935,1317
681.575,681.935,682.355,680.5550000000001,2433
681.855,680.825,682.605,680.535,2104
680.8050000000001,680.355,681.405,679.685,1680
680.405,680.355,680.855,679.605,1342
680.375,681.785,681.955,680.255,837
681.825,681.375,682.325,681.255,329
681.375,680.655,682.125,680.625,353
680.625,680.035,680.825,679.405,404
680.005,676.8,680.035,676.63,720
676.73,676.485,677.755,676.46,638
676.485,675.325,677.435,675.125,683
675.285,674.855,676.325,674.855,711
674.825,675.38,678.57,673.3050000000001,975
676.1,675.73,676.9,675.3,398
675.75,675.12,676.05,674.75,361
675.23,677.325,678.55,673.9,2943
677.3050000000001,674.325,677.405,673.27,2327
674.355,673.3050000000001,674.685,673.155,2184
673.255,676.205,676.455,673.105,1638
676.155,677.255,677.755,675.8050000000001,1815
677.385,677.205,678.455,677.035,1348
677.185,678.755,679.205,676.955,1471
678.785,679.455,680.455,678.735,1214
679.405,680.005,680.035,678.535,991
679.955,680.8050000000001,681.1800000000001,679.375,976
680.855,680.755,681.5550000000001,680.505,1017
680.785,683.105,683.105,680.735,1158
683.155,684.455,684.825,682.535,1298
684.485,685.755,685.905,683.155,2529
685.855,688.575,690.25,684.825,1611
688.735,689.005,689.955,687.685,1838
689.0550000000001,690.255,691.105,689.0550000000001,1506
690.3050000000001,688.825,691.075,687.935,1005
688.875,688.535,688.935,687.485,609
688.5550000000001,689.355,689.505,688.535,435
689.325,689.325,689.535,688.705,382
689.355,691.0550000000001,691.185,689.355,329
691.005,690.455,691.985,690.385,435
690.435,691.355,691.355,690.255,458
691.385,691.825,692.155,690.955,284
691.825,692.685,693.075,691.235,659
690.905,690.8,691.035,689.32,741
690.78,690.185,691.65,690.0550000000001,670
690.285,690.935,692.405,688.325,2824
690.905,688.625,691.825,688.125,2174
688.575,689.455,690.88,688.325,2122
689.375,690.235,690.575,688.755,1378
690.205,690.205,691.935,690.0550000000001,1319
690.185,690.625,691.825,689.785,1238
690.605,691.705,692.855,689.855,1403
691.655,689.355,691.755,687.98,2515
689.285,689.8050000000001,690.355,689.155,1494
689.785,689.655,690.005,688.505,1313
689.635,687.5,689.955,685.37,1802
687.48,688.0550000000001,690.63,686.235,2168
688.035,688.455,688.595,686.825,1824
688.455,688.455,689.855,687.285,5462
688.485,692.3050000000001,692.535,688.185,2446
692.285,694.155,695.155,692.075,2121
694.185,693.325,694.185,692.105,1614
693.255,694.455,695.105,693.075,821
694.435,694.185,695.5550000000001,694.0250000000001,415
694.135,692.6,695.0550000000001,690.43,857
692.63,691.825,692.8,690.035,845
691.8050000000001,690.635,692.56,690.455,670
690.705,693.3050000000001,693.405,690.705,474
693.325,693.705,693.855,692.505,392
693.685,694.8,694.8,693.485,327
694.9,693.935,694.95,693.29,551
696.63,695.325,697.01,695.185,439
695.285,694.255,695.485,693.905,378
694.405,696.605,699.125,693.505,3334
696.685,696.375,697.5550000000001,695.79,2602
696.355,696.585,697.655,694.755,2558
696.655,697.585,697.7750000000001,695.155,2248
697.475,697.905,698.755,696.205,1932
697.835,699.355,699.405,697.085,1518
699.335,700.655,701.1949999999999,699.035,1594
700.605,699.955,700.975,699.335,1368
700.005,699.475,700.685,699.355,1323
699.455,699.505,699.855,698.655,1398
699.455,700.035,701.25,695.9,2247
700.0550000000001,702.255,703.955,699.655,2854
702.205,699.0550000000001,702.605,696.685,3569
699.135,701.035,702.085,697.475,3528
701.035,699.225,702.035,698.705,3212
699.185,702.3050000000001,702.605,698.8050000000001,2700
702.255,702.255,703.3050000000001,701.405,2146
702.255,703.355,705.085,701.885,1354
703.335,705.385,705.5550000000001,703.3050000000001,797
705.335,705.355,706.505,704.835,813
705.385,704.155,705.605,704.0550000000001,507
704.185,703.0550000000001,704.385,702.285,556
703.035,703.685,704.005,702.835,280
703.735,703.8050000000001,704.185,703.02,298
703.785,705.105,705.405,703.785,377
705.085,706.68,707.4,704.8050000000001,373
702.93,704.13,704.38,702.6,440
704.18,704.33,704.58,703.5,310
704.35,705.705,706.435,702.475,2880
705.685,706.155,706.705,704.535,2356
706.255,707.855,708.3050000000001,705.155,2165
707.8050000000001,708.455,710.105,707.685,1804
708.475,708.455,709.955,707.955,1570
708.505,708.335,708.885,707.475,1529
708.355,708.475,709.755,707.5550000000001,1270
708.455,708.475,709.605,707.755,1074
708.505,707.205,708.755,707.105,1065
707.185,708.405,708.585,706.5550000000001,1140
708.385,708.455,709.285,707.855,1152
708.475,708.035,709.0550000000001,707.985,889
708.0550000000001,709.225,709.3050000000001,708.0550000000001,1138
709.155,707.785,711.0550000000001,707.605,2613
707.885,707.225,708.535,706.0550000000001,2624
707.205,707.505,707.955,706.505,2306
707.455,705.855,707.785,705.585,1682
705.885,704.935,706.005,703.585,1060
704.905,703.935,705.385,702.975,865
703.885,702.755,704.785,702.475,832
702.785,701.605,702.785,701.155,688
701.535,701.505,701.745,700.3050000000001,603
701.535,700.5550000000001,701.685,699.485,754
700.505,701.005,701.385,699.885,657
700.935,702.475,702.5150000000001,700.755,507
702.505,702.585,702.935,701.035,706
702.955,700.835,702.955,700.635,239
700.8050000000001,702.185,702.485,700.635,397
702.785,700.585,703.935,698.97,2505
700.635,700.685,702.405,699.755,1590
700.635,701.585,702.185,700.205,1445
701.655,702.655,703.405,701.475,1420
702.685,702.605,703.685,701.755,1815
702.635,704.005,704.085,702.455,1244
703.975,704.955,705.105,703.785,1024
704.905,705.455,705.455,704.0550000000001,979
705.475,704.3050000000001,705.475,704.155,909
704.355,705.0550000000001,705.455,703.435,1150
705.085,705.335,706.0550000000001,704.685,810
705.355,704.655,705.635,704.135,1044
704.685,704.5550000000001,705.3050000000001,704.355,857
704.585,704.955,706.005,703.105,2755
704.935,703.935,705.725,701.855,2447
703.975,705.285,705.885,702.755,1876
705.255,706.5550000000001,706.605,704.685,1694
706.535,708.385,708.505,706.3050000000001,1021
708.405,707.225,708.755,706.605,811
707.205,708.285,708.685,707.135,626
708.255,707.605,708.655,707.5550000000001,524
707.635,706.535,707.835,706.475,494
706.5550000000001,706.035,706.79,705.8050000000001,479
706.0550000000001,705.385,706.635,705.285,529
705.355,704.935,705.755,704.5550000000001,520
704.905,707.955,708.185,704.755,501
705.655,708.38,708.43,705.475,341
708.33,708.085,708.4,707.155,411
708.335,710.235,711.385,707.855,2530
710.185,710.905,711.455,709.655,1652
710.885,711.0550000000001,711.605,709.955,1462
710.935,710.655,712.355,710.385,1185
710.635,710.185,712.085,710.135,1238
710.155,711.155,711.235,709.385,1076
711.105,709.655,712.205,709.285,1456
709.635,709.755,710.455,708.955,1593
709.785,709.905,710.635,709.235,1105
709.885,710.635,711.205,709.855,1004
710.605,710.8050000000001,711.585,710.405,949
710.785,709.005,711.885,708.855,1086
709.0550000000001,707.435,709.73,706.535,1601
707.285,706.705,708.1949999999999,705.535,2917
706.655,706.3050000000001,708.3050000000001,705.585,2148
706.335,708.285,708.395,705.155,1761
708.3050000000001,706.955,708.605,706.8050000000001,1433
706.905,704.535,706.955,703.85,1119
704.505,705.955,706.155,704.205,1002
705.985,706.405,706.735,705.235,713
706.435,707.635,707.77,706.005,527
707.655,707.235,707.855,706.88,601
707.155,706.285,708.255,706.285,429
706.355,706.885,707.205,705.955,369
706.855,706.735,706.9100000000001,705.385,573
706.755,706.8050000000001,707.935,706.4449999999999,717
710.38,710.75,711.13,709.85,501
710.78,710.4,711.18,710.15,366
710.43,712.285,712.685,709.935,2286
712.235,712.205,712.605,711.0550000000001,1864
712.185,712.605,713.455,711.785,1501
712.635,712.835,713.455,712.085,1203
712.855,712.785,713.605,712.435,1001
712.8050000000001,712.285,713.505,711.5550000000001,978
712.3050000000001,712.485,713.005,711.585,959
712.505,713.205,713.655,712.455,966
713.235,711.935,713.235,711.005,974
711.905,711.755,712.355,711.3050000000001,969
711.735,712.085,712.605,711.435,797
712.105,712.885,713.3050000000001,711.635,927
712.905,711.905,713.405,711.605,1269
712.035,714.405,714.885,711.705,2606
714.535,715.5550000000001,716.785,714.085,2050
715.535,713.755,715.635,713.405,1463
713.705,714.0550000000001,714.685,713.705,1272
714.105,714.755,715.155,713.355,1036
714.8050000000001,715.235,715.485,714.355,559
715.205,714.205,715.235,714.135,409
714.185,713.405,714.335,713.185,495
713.435,712.535,713.705,711.605,372
712.605,712.685,714.405,711.5550000000001,427
712.605,714.8,716.28,711.8050000000001,556
714.95,719.5,719.5,714.75,626
719.5,717.785,719.5,717.455,707
718.385,719.785,719.885,718.105,540
719.8050000000001,718.3050000000001,720.335,717.635,536
718.005,718.035,718.605,715.775,2738
718.085,716.605,718.335,716.605,2138
716.455,715.005,716.855,714.3050000000001,2022
714.955,713.905,715.385,713.455,1585
713.855,713.905,714.8050000000001,713.535,1392
713.855,716.205,716.205,713.835,1248
716.235,716.505,716.635,715.655,1228
716.485,717.105,717.205,716.3050000000001,944
717.135,717.255,718.205,716.935,1072
717.235,717.905,718.485,717.085,867
717.955,717.155,718.005,716.855,976
717.185,718.405,719.9,715.385,2267
718.435,720.335,720.505,718.335,1693
720.355,718.485,721.755,717.205,2864
718.505,716.5550000000001,719.505,715.785,2260
716.485,718.8050000000001,719.0550000000001,715.405,2207
718.855,721.855,721.905,718.655,1612
721.855,722.785,724.085,720.955,1292
722.8050000000001,723.855,724.085,722.73,667
723.885,723.255,724.085,723.135,574
723.185,723.905,724.235,722.5550000000001,411
723.935,724.8050000000001,725.235,723.785,442
724.785,724.085,724.785,723.855,315
724.185,724.405,724.755,723.855,365
724.435,725.635,725.785,724.135,543
725.655,724.905,726.335,724.8050000000001,733
725.005,724.035,725.075,722.735,499
724.005,723.0550000000001,724.155,722.655,471
722.8050000000001,725.455,725.87,721.675,2724
725.485,724.705,725.735,723.605,1894
724.685,726.155,726.235,724.255,1756
726.105,724.705,726.325,724.485,1443
724.735,724.705,724.905,723.955,1204
724.685,725.655,726.285,724.655,1443
725.685,725.455,726.005,724.605,1175
725.485,726.0550000000001,726.5550000000001,725.455,1092
726.035,725.405,726.155,724.8050000000001,1248
725.455,726.8050000000001,726.8050000000001,725.405,919
726.785,727.455,727.855,726.575,993
727.485,727.005,727.605,726.255,1375
727.035,727.635,727.635,726.405,1207
727.705,729.405,729.855,726.255,2550
729.285,731.505,732.355,728.985,2159
731.5550000000001,730.485,732.655,730.485,1728
730.455,730.255,731.035,729.605,1774
730.205,730.575,731.405,729.135,1148
730.605,730.485,730.935,729.605,675
730.505,731.505,731.885,730.235,708
731.485,731.005,731.685,730.885,516
731.035,730.985,731.485,730.955,303
730.985,731.685,731.735,730.705,349
731.705,732.0550000000001,732.455,731.505,441
732.0550000000001,732.325,732.535,731.605,337
732.285,733.855,734.205,732.105,1044
729.15,728.7,729.78,728.5,301
728.68,728.95,729.18,728.43,294
728.9,727.8050000000001,730.03,727.535,990
727.855,729.605,729.655,727.855,658
729.575,729.655,730.855,729.4449999999999,1079
729.685,728.935,730.105,728.575,766
728.955,728.8050000000001,729.485,728.705,738
728.825,730.3050000000001,730.3050000000001,728.755,557
730.355,730.005,731.0550000000001,729.855,696
730.035,730.655,730.655,729.655,537
730.605,731.855,732.535,730.235,617
731.825,731.605,732.485,731.355,689
731.575,730.5550000000001,731.705,730.155,688
730.575,728.385,730.8050000000001,728.155,923
728.325,727.285,728.5550000000001,726.32,1260
727.385,727.735,728.4449999999999,725.1700000000001,2396
727.505,727.325,730.605,726.9,2038
727.355,731.155,731.2,727.3050000000001,1532
731.3,728.955,731.3,727.38,1705
729.035,728.105,729.355,727.355,1107
728.075,727.755,728.205,726.455,833
727.785,727.255,727.855,726.655,741
727.235,725.575,727.325,725.575,730
725.5550000000001,725.785,725.935,724.605,834
725.755,726.885,726.955,724.935,741
726.8050000000001,728.185,728.685,726.605,521
728.285,727.5550000000001,729.185,727.285,406
727.455,727.905,728.485,727.285,404
725.03,724.88,725.35,724.18,399
724.9,724.98,725.48,724.0,297
724.83,722.285,726.93,720.885,2866
722.255,724.105,724.205,721.075,1839
724.075,722.905,724.5550000000001,721.155,1346
722.955,721.535,723.135,720.825,1053
721.505,722.855,723.575,721.505,766
722.905,722.705,723.405,721.785,1042
722.685,722.205,723.155,721.435,1067
722.185,722.325,722.605,720.855,1130
722.355,723.355,723.5550000000001,722.325,1031
723.325,723.855,724.605,723.255,937
723.905,724.035,724.655,723.435,796
724.005,724.455,724.505,723.535,863
724.485,725.105,725.705,724.285,1084
725.035,724.705,726.635,724.455,3466
724.685,724.655,725.655,723.255,2919
724.735,726.605,727.105,723.8050000000001,2330
726.455,726.405,726.8050000000001,725.605,1612
726.385,725.685,726.735,725.235,1154
725.735,728.575,728.735,725.735,810
728.605,729.285,729.855,728.385,790
729.255,727.385,729.285,727.135,615
727.355,725.78,727.355,725.03,785
725.8,727.005,727.22,725.3,355
726.985,726.485,727.685,726.205,529
726.505,726.685,726.835,725.235,530
726.655,724.705,727.235,724.605,742
727.235,727.8050000000001,727.955,726.685,381
727.785,727.43,728.55,726.93,331
727.3,727.575,728.485,725.3050000000001,2690
727.605,725.955,728.105,725.485,1500
725.985,726.205,726.825,725.005,1383
726.235,726.985,727.655,726.105,965
727.005,728.935,729.3050000000001,726.705,1052
728.955,729.0550000000001,729.985,728.755,834
728.985,729.355,729.885,728.905,753
729.385,729.135,729.735,728.855,694
729.105,729.5550000000001,729.705,728.905,769
729.575,729.575,729.905,728.755,785
729.605,730.535,731.185,729.505,875
730.5550000000001,731.355,731.535,730.485,770
731.3050000000001,731.255,731.935,731.005,850
731.235,732.455,732.655,730.135,2541
732.205,733.205,733.985,731.5550000000001,2201
733.235,732.905,733.5550000000001,731.355,2088
732.955,735.005,735.325,732.855,1747
735.035,735.155,735.705,734.535,1154
735.185,734.385,735.385,734.0550000000001,779
734.405,735.325,735.8050000000001,734.325,507
735.385,735.885,736.085,735.035,435
735.905,735.955,736.635,735.325,440
735.985,736.035,736.785,735.685,453
736.0550000000001,736.185,736.435,735.3050000000001,467
736.155,736.035,736.705,735.655,543
736.005,735.905,736.735,735.505,760
735.105,733.8050000000001,735.325,733.605,350
733.735,733.285,734.155,733.205,295
733.435,732.885,733.985,731.155,2246
732.855,733.705,734.535,732.8050000000001,1666
733.685,731.005,733.905,730.955,1405
730.955,730.655,731.0550000000001,729.455,1222
730.705,732.105,732.185,730.355,990
732.135,733.235,733.405,731.655,1101
733.205,734.835,735.0550000000001,733.155,1335
734.855,734.985,736.3050000000001,734.635,1148
735.005,732.955,735.36,732.7950000000001,1434
733.005,732.355,734.135,732.335,1218
732.385,733.105,733.3050000000001,732.135,1043
733.205,733.255,733.905,732.755,1121
733.205,732.3050000000001,733.285,731.755,1347
732.455,733.755,734.085,732.005,3082
733.8050000000001,731.205,734.155,730.655,2522
731.235,730.635,731.755,729.8050000000001,2226
730.605,731.3050000000001,731.8050000000001,729.905,1869
731.385,731.5550000000001,732.3050000000001,730.235,1190
731.635,731.635,732.155,731.155,754
731.605,729.735,731.635,729.595,866
729.755,731.035,731.185,729.755,423
731.005,730.755,731.455,730.535,413
730.785,730.685,730.885,729.955,451
730.735,730.255,730.8050000000001,729.655,499
730.235,730.085,730.835,729.935,502
730.155,729.355,730.155,728.8050000000001,601
730.935,731.135,731.405,730.585,311
731.155,730.785,731.255,730.535,259
730.935,731.035,732.205,729.8050000000001,1944
731.005,731.735,731.835,730.635,1139
731.755,728.655,731.755,728.655,1086
728.635,728.655,729.105,727.87,1430
728.705,728.685,729.585,728.385,846
728.705,728.605,728.8050000000001,727.155,1178
728.635,727.905,728.735,727.405,933
727.935,728.3050000000001,728.855,727.655,787
728.335,728.205,728.505,727.605,654
728.155,728.855,729.0550000000001,728.105,591
728.885,728.155,729.085,727.605,688
727.485,722.205,727.485,721.255,3427
722.185,722.285,723.3050000000001,720.605,1912
722.385,723.885,724.5550000000001,722.23,3591
723.905,727.505,727.8050000000001,723.335,2869
727.455,725.3050000000001,727.605,725.205,1960
725.255,721.905,725.355,721.8050000000001,1800
721.885,722.385,723.485,721.8050000000001,1281
722.355,723.585,724.005,722.335,1005
723.535,724.8050000000001,724.985,722.835,1017
724.905,725.255,725.855,724.685,464
725.235,725.255,725.8050000000001,724.885,324
725.235,724.0550000000001,725.3050000000001,724.035,349
724.035,724.335,724.635,723.835,369
724.385,725.755,725.785,724.3050000000001,499
725.685,725.935,726.985,725.56,569
725.605,726.985,727.085,725.485,317
727.035,727.455,727.605,726.135,343
727.485,728.605,729.105,726.885,1962
728.585,727.8050000000001,728.8050000000001,725.855,1385
727.755,728.355,728.8050000000001,726.995,1190
728.335,727.405,728.785,727.255,972
727.455,728.455,728.905,727.255,760
728.505,728.455,728.935,727.955,670
728.485,729.405,729.785,728.085,817
729.455,730.685,730.755,729.385,776
730.785,730.155,730.785,730.085,724
730.185,731.035,731.355,730.0550000000001,674
731.0550000000001,732.355,732.455,730.735,678
732.405,733.205,733.205,732.035,862
733.155,730.755,733.235,730.005,1569
730.705,732.355,733.3050000000001,730.605,2619
732.405,730.785,732.835,730.155,2005
730.8050000000001,729.155,731.255,728.8050000000001,1711
729.185,728.0550000000001,729.505,727.335,1316
728.085,727.435,728.755,725.655,1419
727.405,725.385,727.685,724.685,1346
725.285,726.155,726.785,724.905,1014
726.135,725.885,727.435,725.705,603
725.905,726.935,727.005,725.655,432
726.955,726.005,726.955,725.455,658
725.985,725.935,726.355,725.155,511
725.985,726.235,726.5550000000001,725.235,486
726.205,726.935,727.135,725.8050000000001,713
