2.532,2.54,2.5629999999999997,2.526,550
2.5395,2.524,2.556,2.513,461
2.523,2.5404999999999998,2.543,2.5225,387
2.5410000000000004,2.5345,2.543,2.5275,334
2.5355,2.5140000000000002,2.5415,2.5135,336
2.5145,2.5435,2.5445,2.5145,374
2.543,2.5465,2.5515,2.537,307
2.5469999999999997,2.5655,2.569,2.5439999999999996,275
2.566,2.5625,2.572,2.5519999999999996,405
2.5620000000000003,2.5675,2.5715000000000003,2.5585,382
2.568,2.567,2.5709999999999997,2.559,348
2.5675,2.572,2.5745,2.566,265
2.5725,2.566,2.5780000000000003,2.5519999999999996,386
2.5665,2.5685000000000002,2.5745,2.5585,351
2.569,2.5725,2.5735,2.5585,246
2.572,2.5860000000000003,2.5919999999999996,2.567,353
2.5839999999999996,2.5700000000000003,2.5860000000000003,2.5655,374
2.5705,2.5620000000000003,2.573,2.5599999999999996,314
2.5625,2.5585,2.5665,2.556,194
2.558,2.5685000000000002,2.5725,2.5564999999999998,263
2.5695,2.5665,2.576,2.5605,243
2.5655,2.527,2.569,2.526,449
2.5275,2.5305,2.5395000000000003,2.5075000000000003,609
2.5300000000000002,2.542,2.5455,2.5300000000000002,382
2.5415,2.5545,2.558,2.54,276
2.5555000000000003,2.536,2.5575,2.528,357
2.5355,2.5469999999999997,2.5595,2.532,530
2.5475,2.5415,2.551,2.536,368
2.5410000000000004,2.547,2.5495,2.535,293
2.5475000000000003,2.54,2.5484999999999998,2.526,365
2.5395,2.551,2.556,2.5375,410
2.5515,2.5575,2.5614999999999997,2.5515,346
2.5585,2.5599999999999996,2.5685000000000002,2.5564999999999998,348
2.561,2.565,2.5755,2.558,481
2.566,2.556,2.572,2.55,383
2.5549999999999997,2.5535,2.5700000000000003,2.5519999999999996,310
2.5525,2.5484999999999998,2.5549999999999997,2.529,466
2.548,2.5535,2.5620000000000003,2.548,312
2.5525,2.5445,2.5545,2.5389999999999997,254
2.545,2.5469999999999997,2.556,2.5445,178
2.5540000000000003,2.5549999999999997,2.5605,2.5460000000000003,160
2.5555,2.5435,2.5575,2.5415,135
2.543,2.6035,2.606,2.5404999999999998,671
2.6025,2.6505,2.6784999999999997,2.5905,822
2.6485000000000003,2.5735,2.6505,2.5675,706
2.573,2.598,2.6085000000000003,2.5725,455
2.5984999999999996,2.625,2.6470000000000002,2.593,628
2.6245000000000003,2.6055,2.6485000000000003,2.576,674
2.605,2.554,2.6494999999999997,2.534,910
2.5555000000000003,2.564,2.5785,2.553,575
2.5635,2.5415,2.6014999999999997,2.5415,658
2.541,2.4635,2.542,2.441,1075
2.464,2.464,2.4715,2.4515000000000002,657
2.4635,2.474,2.4805,2.4635,406
2.4745,2.4775,2.48,2.464,552
2.4785,2.485,2.489,2.4675,358
2.4855,2.4965,2.498,2.4844999999999997,301
2.497,2.5035,2.5125,2.4939999999999998,361
2.504,2.4905,2.5045,2.487,331
2.49,2.49,2.498,2.4770000000000003,312
2.4905,2.4844999999999997,2.4915000000000003,2.4770000000000003,265
2.4835,2.4965,2.5025,2.48,334
2.496,2.4924999999999997,2.5035,2.4885,336
2.492,2.4779999999999998,2.4989999999999997,2.467,405
2.479,2.4675000000000002,2.484,2.466,268
2.468,2.485,2.496,2.468,278
2.4844999999999997,2.4945000000000004,2.4989999999999997,2.4764999999999997,349
2.4939999999999998,2.466,2.4939999999999998,2.4605,450
2.4655,2.4595000000000002,2.473,2.45,510
2.4605,2.46,2.4690000000000003,2.446,457
2.46,2.4725,2.476,2.458,367
2.472,2.476,2.4815,2.464,213
2.4755,2.458,2.476,2.455,257
2.457,2.4290000000000003,2.458,2.4195,601
2.4295,2.416,2.4314999999999998,2.407,571
2.415,2.3925,2.4165,2.385,722
2.393,2.4085,2.4225000000000003,2.388,668
2.408,2.415,2.425,2.3970000000000002,563
2.4145000000000003,2.4459999999999997,2.4480000000000004,2.4050000000000002,742
2.4465000000000003,2.46,2.4715,2.4459999999999997,602
2.4595000000000002,2.4495,2.4595000000000002,2.43,331
2.449,2.4299999999999997,2.4565,2.428,345
2.431,2.4305000000000003,2.4415,2.427,279
2.431,2.4385000000000003,2.4385000000000003,2.423,248
2.4370000000000003,2.427,2.4385000000000003,2.4165,367
2.4265,2.4555,2.4560000000000004,2.4255,391
2.465,2.4560000000000004,2.4705,2.4545,372
2.457,2.4565,2.4619999999999997,2.4539999999999997,192
2.455,2.424,2.458,2.4195,543
2.4245,2.4445,2.449,2.4245,303
2.4450000000000003,2.4455,2.448,2.425,343
2.4459999999999997,2.444,2.4535,2.4365,317
2.4435000000000002,2.398,2.4435000000000002,2.3925,499
2.3955,2.411,2.4145000000000003,2.3754999999999997,543
2.4115,2.363,2.4124999999999996,2.36,552
2.3635,2.3795,2.3840000000000003,2.362,420
2.3775,2.3739999999999997,2.431,2.359,879
2.375,2.3635,2.3810000000000002,2.3635,271
2.363,2.384,2.3945,2.3565,491
2.385,2.3875,2.3905000000000003,2.373,367
2.3865,2.3724999999999996,2.399,2.3705,395
2.372,2.3845,2.392,2.3655,374
2.385,2.3845,2.3884999999999996,2.3665000000000003,431
2.386,2.363,2.387,2.35,357
2.3625,2.3440000000000003,2.3689999999999998,2.3345000000000002,622
2.343,2.3285,2.3455,2.317,499
2.3280000000000003,2.341,2.3520000000000003,2.321,589
2.3405,2.3440000000000003,2.3525,2.3354999999999997,432
2.3449999999999998,2.3465,2.359,2.339,377
2.347,2.3499999999999996,2.3565,2.34,431
2.3505000000000003,2.3585000000000003,2.3680000000000003,2.3475,361
2.3575,2.3594999999999997,2.365,2.3514999999999997,224
2.359,2.3739999999999997,2.3775,2.3555,321
2.3735,2.3745000000000003,2.3845,2.371,290
2.374,2.375,2.3890000000000002,2.3715,256
2.376,2.3529999999999998,2.3795,2.3499999999999996,325
2.3535,2.3575,2.3615,2.344,271
2.3579999999999997,2.372,2.3754999999999997,2.3575,433
2.3725,2.3715,2.391,2.3705,414
2.371,2.333,2.3890000000000002,2.3225,892
2.332,2.3200000000000003,2.3435,2.3155,713
2.3209999999999997,2.3434999999999997,2.3579999999999997,2.3209999999999997,564
2.3419999999999996,2.363,2.3645,2.335,534
2.3655,2.3795,2.383,2.363,582
2.379,2.4405,2.4515000000000002,2.3775000000000004,780
2.4395,2.432,2.4485,2.4255,541
2.4314999999999998,2.4675000000000002,2.4725,2.426,733
2.4669999999999996,2.471,2.4835000000000003,2.4445,541
2.4705,2.4375,2.4725,2.4375,357
2.439,2.439,2.459,2.4370000000000003,495
2.44,2.457,2.4684999999999997,2.431,543
2.4565,2.479,2.4825,2.4515000000000002,546
2.4795,2.456,2.4924999999999997,2.4515000000000002,653
2.4565,2.4185,2.457,2.411,422
2.413,2.399,2.421,2.3979999999999997,283
2.4005,2.4305,2.4305,2.3695000000000004,381
2.4295,2.362,2.4299999999999997,2.3600000000000003,765
2.3615000000000004,2.3129999999999997,2.3739999999999997,2.3125,785
2.3125,2.293,2.3129999999999997,2.277,675
2.2935,2.307,2.3150000000000004,2.2904999999999998,521
2.3064999999999998,2.365,2.378,2.3025,848
2.3655,2.3525,2.407,2.3495,852
2.352,2.3715,2.3845,2.352,480
2.3715,2.4035,2.4055,2.3705,514
2.403,2.378,2.4085,2.3754999999999997,410
2.3785,2.3885,2.3945,2.3725,317
2.388,2.3855000000000004,2.3890000000000002,2.3635,446
2.385,2.373,2.4135,2.3705,423
2.3735,2.3955,2.3955,2.3725,265
2.396,2.4210000000000003,2.426,2.376,367
2.42,2.4055,2.4295,2.402,402
2.4065000000000003,2.3970000000000002,2.4145000000000003,2.395,440
2.3955,2.38,2.403,2.3795,358
2.3805,2.351,2.391,2.3499999999999996,393
2.3515,2.384,2.4255,2.346,1124
2.3834999999999997,2.363,2.4005,2.357,768
2.3635,2.3865,2.3890000000000002,2.3345000000000002,781
2.3845,2.3855,2.3905000000000003,2.367,608
2.3845,2.4355,2.4405,2.383,688
2.4364999999999997,2.4185,2.448,2.3955,1312
2.416,2.4314999999999998,2.434,2.3890000000000002,771
2.431,2.4395,2.4465,2.4135,850
2.4385000000000003,2.457,2.4699999999999998,2.4295,942
2.4565,2.447,2.4665,2.4400000000000004,695
2.4459999999999997,2.452,2.4589999999999996,2.443,544
2.4525,2.442,2.4525,2.426,431
2.4425,2.427,2.452,2.419,458
2.4275,2.4775,2.4955,2.427,991
2.4755,2.448,2.4765,2.442,730
2.4485,2.463,2.4745,2.4475,632
2.4645,2.4695,2.4785,2.4560000000000004,593
2.473,2.4555,2.473,2.4395,539
2.455,2.46,2.466,2.4485,494
2.4605,2.4635,2.475,2.4575,417
2.464,2.4275,2.465,2.426,478
2.427,2.4435000000000002,2.447,2.424,522
2.4445,2.4345,2.4450000000000003,2.427,421
2.435,2.418,2.441,2.41,476
2.417,2.42,2.4425,2.4105,1063
2.4185,2.403,2.4210000000000003,2.383,1107
2.403,2.409,2.412,2.379,629
2.4095,2.419,2.434,2.404,611
2.411,2.4145,2.42,2.4050000000000002,309
2.4139999999999997,2.396,2.4139999999999997,2.3945,290
2.383,2.377,2.384,2.3449999999999998,701
2.3775000000000004,2.3475,2.3825000000000003,2.3445,492
2.347,2.337,2.3635,2.333,594
2.3375000000000004,2.3235,2.352,2.314,531
2.324,2.309,2.3259999999999996,2.3035,642
2.3085,2.3515,2.3545,2.3085,530
2.3529999999999998,2.3115,2.3535,2.309,580
2.3125,2.3215000000000003,2.322,2.3040000000000003,643
2.3225,2.338,2.348,2.3225,402
2.339,2.331,2.3475,2.3289999999999997,371
2.3305,2.3315,2.348,2.33,303
2.332,2.3655,2.37,2.326,419
2.3659999999999997,2.3725,2.377,2.357,398
2.372,2.3545,2.3725,2.3449999999999998,240
2.354,2.363,2.3644999999999996,2.3305,360
2.3625,2.37,2.3970000000000002,2.357,397
2.371,2.3440000000000003,2.3725,2.343,313
2.3435,2.3555,2.3595,2.338,357
2.3565,2.343,2.3585,2.3395,351
2.3435,2.374,2.3754999999999997,2.333,682
2.375,2.3845,2.387,2.3655,528
2.384,2.383,2.395,2.382,645
2.384,2.4,2.4124999999999996,2.384,472
2.398,2.3865,2.3985000000000003,2.3845,271
2.387,2.375,2.395,2.3745000000000003,356
2.374,2.3810000000000002,2.3890000000000002,2.368,339
2.38,2.3739999999999997,2.3825000000000003,2.3655,347
2.375,2.383,2.388,2.3705,313
2.3825,2.423,2.4325,2.3685,678
2.423,2.263,2.423,2.2184999999999997,1653
2.2615,2.238,2.2715,2.2344999999999997,1047
2.2375,2.279,2.286,2.234,932
2.2775,2.279,2.2904999999999998,2.269,656
2.2785,2.326,2.34,2.2720000000000002,904
2.3245,2.306,2.3369999999999997,2.3045,518
2.307,2.302,2.315,2.2969999999999997,552
2.301,2.3145,2.3155,2.2939999999999996,736
2.3120000000000003,2.3375000000000004,2.3415,2.3120000000000003,678
2.335,2.4085,2.412,2.332,913
2.4074999999999998,2.4364999999999997,2.4465,2.4045,781
2.437,2.3985000000000003,2.437,2.398,803
2.399,2.4055,2.415,2.3884999999999996,591
2.4045,2.4,2.412,2.3935000000000004,514
2.3994999999999997,2.393,2.4035,2.3845,494
2.3935000000000004,2.3964999999999996,2.4135,2.393,387
2.3955,2.409,2.4234999999999998,2.3955,354
2.408,2.436,2.436,2.408,314
2.4355,2.4435000000000002,2.452,2.4245,278
2.444,2.464,2.475,2.4375,645
2.4654999999999996,2.455,2.481,2.4385000000000003,587
2.457,2.5004999999999997,2.5595,2.4539999999999997,1136
2.501,2.516,2.5265,2.497,805
2.515,2.5335,2.564,2.5115,882
2.5345,2.56,2.5685000000000002,2.5315000000000003,704
2.5614999999999997,2.645,2.6574999999999998,2.5585,1004
2.644,2.63,2.6745,2.626,883
2.6304999999999996,2.652,2.668,2.6245000000000003,736
2.6515000000000004,2.633,2.6745,2.628,731
2.6345,2.6550000000000002,2.6565000000000003,2.6215,649
2.654,2.6595,2.6675,2.6265,699
2.6585,2.6775,2.6975,2.653,881
2.6790000000000003,2.675,2.6835,2.654,776
2.6755,2.676,2.6959999999999997,2.6654999999999998,807
2.6765,2.651,2.688,2.648,621
2.652,2.6255,2.666,2.6255,671
2.625,2.638,2.643,2.6205,807
2.6399999999999997,2.6334999999999997,2.6500000000000004,2.6235,726
2.6340000000000003,2.626,2.6365,2.607,653
2.6254999999999997,2.649,2.66,2.623,847
2.6485000000000003,2.6525,2.657,2.6245000000000003,736
2.6535,2.6195,2.668,2.6185,680
2.621,2.6135,2.6325000000000003,2.5905,853
2.614,2.6245000000000003,2.6345,2.614,520
2.6245000000000003,2.6325000000000003,2.648,2.623,567
2.633,2.633,2.6505,2.617,731
2.6325000000000003,2.64,2.656,2.6310000000000002,721
2.6390000000000002,2.609,2.6895,2.604,1196
2.6085000000000003,2.56,2.632,2.56,1028
2.5595,2.5549999999999997,2.5875,2.5535,1804
2.5545,2.601,2.6094999999999997,2.5545,911
2.6014999999999997,2.5869999999999997,2.613,2.582,828
2.5855,2.6185,2.641,2.5645,847
2.6195000000000004,2.6485,2.6595,2.6189999999999998,951
2.649,2.7135,2.7515,2.649,1372
2.7125,2.7359999999999998,2.7535,2.7030000000000003,1306
2.7350000000000003,2.737,2.7515,2.7115,980
2.7359999999999998,2.7605,2.7725,2.7095000000000002,939
2.761,2.7815000000000003,2.7895000000000003,2.7475,948
2.782,2.77,2.795,2.7605,958
2.7705,2.7664999999999997,2.7775,2.758,590
2.766,2.7665,2.7775,2.75,567
2.7675,2.7545,2.785,2.752,774
2.755,2.731,2.7595,2.7270000000000003,529
2.7315,2.7270000000000003,2.74,2.7225,392
2.7315,2.7145,2.7344999999999997,2.7135,288
2.715,2.6925,2.719,2.6895,272
2.692,2.6835,2.707,2.6825,325
2.683,2.692,2.7009999999999996,2.6795,399
2.6925,2.7215,2.7255000000000003,2.6925,454
2.721,2.711,2.7314999999999996,2.7030000000000003,440
2.7119999999999997,2.6959999999999997,2.739,2.6805000000000003,809
2.6955,2.691,2.7110000000000003,2.685,540
2.692,2.6825,2.6955,2.6805,391
2.6835,2.7395,2.741,2.6820000000000004,611
2.739,2.7065,2.7545,2.7030000000000003,823
2.7055,2.6615,2.7089999999999996,2.6585,599
2.6595,2.6795,2.6825,2.6550000000000002,496
2.6814999999999998,2.69,2.699,2.6725000000000003,385
2.691,2.692,2.7095000000000002,2.686,436
2.6935000000000002,2.677,2.6945,2.6645,670
2.6775,2.7030000000000003,2.705,2.6734999999999998,480
2.702,2.7154999999999996,2.716,2.6864999999999997,684
2.715,2.718,2.7195,2.697,566
2.7175000000000002,2.6959999999999997,2.7184999999999997,2.691,491
2.6955,2.706,2.7175000000000002,2.6799999999999997,875
2.7065,2.6865,2.71,2.676,480
2.6870000000000003,2.654,2.6905,2.6425,660
2.6550000000000002,2.6685,2.6915,2.654,650
2.668,2.726,2.7305,2.6654999999999998,801
2.7255000000000003,2.668,2.73,2.667,685
2.6685,2.6785,2.6885,2.666,488
2.678,2.6470000000000002,2.6785,2.645,436
2.649,2.6755,2.678,2.648,524
2.6775,2.659,2.6814999999999998,2.657,492
2.6595,2.6725000000000003,2.6755,2.653,434
2.6719999999999997,2.678,2.6835,2.6414999999999997,925
2.677,2.6685,2.686,2.6500000000000004,690
2.6695,2.658,2.681,2.648,713
2.6630000000000003,2.665,2.6775,2.6465,583
2.667,2.6470000000000002,2.6675,2.6455,588
2.6465,2.6195000000000004,2.6565000000000003,2.6195000000000004,677
2.6205,2.613,2.6265,2.608,568
2.6109999999999998,2.5789999999999997,2.628,2.5695,921
2.5795,2.5945,2.5984999999999996,2.5775,677
2.5934999999999997,2.5975,2.622,2.5865,723
2.597,2.575,2.5984999999999996,2.5725,655
2.5755,2.569,2.577,2.553,583
2.568,2.5789999999999997,2.5895,2.5665,825
2.5795,2.5645,2.5805,2.5645,577
2.565,2.5949999999999998,2.6014999999999997,2.5635,793
2.5965,2.6159999999999997,2.638,2.5934999999999997,744
2.6165,2.5705,2.6180000000000003,2.564,822
2.573,2.551,2.585,2.521,543
2.5505,2.569,2.5705,2.5505,259
2.569,2.568,2.584,2.5635000000000003,395
2.5685000000000002,2.5795000000000003,2.5885,2.5564999999999998,229
2.58,2.5465,2.5805,2.5385,557
2.547,2.55,2.5575,2.5385,447
2.5495,2.5614999999999997,2.5715,2.5395,629
2.561,2.561,2.567,2.5465,610
2.56,2.5805,2.5855,2.5545,469
2.58,2.5780000000000003,2.5815,2.558,403
2.5774999999999997,2.5575,2.596,2.5540000000000003,613
2.557,2.5715000000000003,2.575,2.5555,376
2.5735,2.582,2.5869999999999997,2.5675,331
2.5815,2.5905,2.5925000000000002,2.5765000000000002,363
2.591,2.582,2.6005000000000003,2.5780000000000003,409
2.5825,2.598,2.5985,2.5810000000000004,325
2.597,2.591,2.598,2.5789999999999997,237
2.5905,2.582,2.5955000000000004,2.5815,419
2.585,2.596,2.6020000000000003,2.5765000000000002,542
2.5955,2.6045,2.6045,2.5869999999999997,443
2.605,2.6470000000000002,2.6550000000000002,2.6035,580
2.646,2.6435,2.6595000000000004,2.6185,463
2.643,2.6595,2.674,2.6365,502
2.6575,2.652,2.671,2.6405000000000003,495
2.6515,2.6445,2.6705,2.6325000000000003,384
2.6455,2.6765,2.6879999999999997,2.645,485
2.676,2.6855,2.6935000000000002,2.6635,470
2.6845,2.6849999999999996,2.6925,2.6745,416
2.684,2.7595,2.7725,2.6820000000000004,825
2.7584999999999997,2.7575000000000003,2.808,2.7565,1231
2.7565,2.809,2.819,2.7565,1219
2.8095,2.7885,2.8295000000000003,2.7830000000000004,1153
2.7889999999999997,2.7439999999999998,2.79,2.737,1201
2.745,2.7675,2.7735000000000003,2.745,784
2.766,2.779,2.7865,2.7615,644
2.7805,2.7845,2.7935,2.7729999999999997,617
2.7855,2.821,2.839,2.784,942
2.8205,2.8305,2.842,2.8070000000000004,693
2.8285,2.8745000000000003,2.942,2.8274999999999997,1471
2.875,2.9105,2.9475,2.8725,1411
2.911,2.8905000000000003,2.935,2.8815,1113
2.8914999999999997,2.856,2.9210000000000003,2.854,827
2.856,2.8875,2.9074999999999998,2.856,816
2.887,2.8905000000000003,2.9005,2.8689999999999998,691
2.8925,2.8825,2.9095000000000004,2.8819999999999997,820
2.8845,2.87,2.8845,2.855,717
2.8695,2.85,2.8755,2.8419999999999996,847
2.851,2.863,2.8695,2.851,627
2.8585000000000003,2.8695,2.8735,2.8449999999999998,408
2.871,2.84,2.8715,2.8385,301
2.841,2.838,2.8525,2.83,466
2.8375,2.8505,2.854,2.8235,421
2.8525,2.811,2.8525,2.8075,359
2.8105,2.8075,2.823,2.803,479
2.807,2.8115,2.8369999999999997,2.8015,798
2.8120000000000003,2.783,2.819,2.776,478
2.7824999999999998,2.767,2.8005,2.763,653
2.7664999999999997,2.7555,2.7725,2.752,583
2.755,2.79,2.7904999999999998,2.752,406
2.7895000000000003,2.7865,2.7904999999999998,2.7725,396
2.786,2.7800000000000002,2.795,2.778,443
2.7805,2.7755,2.786,2.76,435
2.776,2.7750000000000004,2.7895000000000003,2.774,438
2.7755,2.863,2.8655,2.759,799
2.862,2.8115,2.8625,2.81,587
2.8125,2.8049999999999997,2.827,2.7945,467
2.8055000000000003,2.822,2.831,2.8,498
2.8200000000000003,2.8095,2.8310000000000004,2.8055,834
2.81,2.8035,2.816,2.7995,440
2.8015,2.7995,2.8129999999999997,2.799,335
2.8,2.76,2.8035,2.7595,407
2.7605000000000004,2.769,2.778,2.7545,290
2.7675,2.7279999999999998,2.7744999999999997,2.7225,623
2.7285,2.7225,2.7405,2.7205,533
2.7215,2.7175,2.7255000000000003,2.6955,774
2.718,2.733,2.7350000000000003,2.715,466
2.7325,2.7474999999999996,2.7495000000000003,2.715,466
2.747,2.761,2.7664999999999997,2.7245,561
2.7605000000000004,2.7455,2.7655000000000003,2.737,639
2.7439999999999998,2.71,2.7455,2.6955,544
2.7104999999999997,2.722,2.7295,2.6585,940
2.723,2.6929999999999996,2.724,2.692,609
2.6929999999999996,2.714,2.7215,2.6905,576
2.713,2.7125000000000004,2.737,2.705,556
2.713,2.7135,2.7264999999999997,2.709,497
2.7125,2.704,2.7169999999999996,2.6965,528
2.7045,2.6845,2.726,2.6705,709
2.685,2.6985,2.707,2.6814999999999998,485
2.699,2.7305,2.747,2.697,643
2.731,2.656,2.7395,2.645,1047
2.6550000000000002,2.689,2.694,2.6535,933
2.6895,2.6799999999999997,2.6959999999999997,2.6704999999999997,458
2.6814999999999998,2.6975,2.701,2.6695,467
2.698,2.684,2.7055,2.684,451
2.6775,2.692,2.6935000000000002,2.67,295
2.6915,2.692,2.698,2.685,273
2.6915,2.69,2.711,2.681,304
2.6895,2.708,2.711,2.687,297
2.7085,2.7015000000000002,2.7359999999999998,2.695,491
2.7009999999999996,2.6595000000000004,2.7009999999999996,2.6585,482
2.66,2.707,2.7155,2.659,691
2.7045000000000003,2.67,2.7045000000000003,2.6535,842
2.6715,2.7409999999999997,2.746,2.6715,742
2.7405,2.7359999999999998,2.754,2.7314999999999996,574
2.737,2.7270000000000003,2.7515,2.7235,550
2.7275,2.7815000000000003,2.7824999999999998,2.7275,1063
2.781,2.7720000000000002,2.7845000000000004,2.7525,789
2.7725,2.7560000000000002,2.777,2.754,477
2.7555,2.75,2.777,2.7424999999999997,681
2.7504999999999997,2.7675,2.769,2.7495000000000003,522
2.768,2.8085,2.8185000000000002,2.7640000000000002,1120
2.8095,2.827,2.8434999999999997,2.7984999999999998,1041
2.8265000000000002,2.8105,2.8280000000000003,2.798,766
2.809,2.8155,2.8445,2.8064999999999998,983
2.8135000000000003,2.814,2.8419999999999996,2.7965,822
2.8125,2.8064999999999998,2.8129999999999997,2.789,592
2.807,2.795,2.8440000000000003,2.794,1001
2.7955,2.7954999999999997,2.8135000000000003,2.7775,748
2.796,2.8659999999999997,2.8695,2.793,820
2.864,2.8579999999999997,2.8745,2.8495,832
2.857,2.8739999999999997,2.8765,2.8360000000000003,774
2.8755,2.863,2.8875,2.8434999999999997,941
2.8625,2.8555,2.8689999999999998,2.8425,813
2.855,2.825,2.8595,2.7705,937
2.8245,2.8105,2.8465,2.7915,851
2.8095,2.8645,2.8665000000000003,2.8064999999999998,886
2.8655,2.8525,2.8705,2.8419999999999996,638
2.8529999999999998,2.865,2.879,2.8360000000000003,952
2.8655,2.8275,2.867,2.817,1015
2.8295,3.01,3.044,2.8285,1126
3.0090000000000003,2.933,3.0195,2.9295,1379
2.9395,3.0629999999999997,3.0655,2.9105,1286
3.0605,2.9985,3.123,2.981,1720
2.9974999999999996,2.9524999999999997,3.0175,2.939,1084
2.9535,2.9545,2.9735,2.926,847
2.9530000000000003,2.896,2.9530000000000003,2.8915,922
2.8965,2.92,2.9275,2.89,800
2.9195,2.879,2.9269999999999996,2.8765,738
2.8775,2.863,2.8945,2.8369999999999997,1200
2.8615,2.783,2.8615,2.7535,960
2.782,2.8,2.8105,2.7775,625
2.801,2.7935,2.8155,2.7874999999999996,625
2.8075,2.8449999999999998,2.846,2.803,357
2.8445,2.855,2.859,2.84,338
2.856,2.8335,2.8775,2.8289999999999997,635
2.8345,2.8725,2.8754999999999997,2.8255,670
2.872,2.909,2.924,2.862,1187
2.9085,2.9435000000000002,2.9645,2.9059999999999997,1067
2.9429999999999996,2.923,2.9985,2.9085,2005
2.9204999999999997,2.939,2.9455,2.879,1515
2.9375,2.9225000000000003,2.9619999999999997,2.902,1237
2.9234999999999998,2.8475,2.9265,2.843,986
2.847,2.8835,2.8845,2.8445,991
2.883,2.857,2.883,2.8475,633
2.8575,2.8905000000000003,2.9080000000000004,2.8455,682
2.891,2.835,2.9025,2.8345,752
2.8365,2.8135,2.8395,2.7785,820
2.8129999999999997,2.8230000000000004,2.8289999999999997,2.8035,616
2.8225,2.854,2.8595,2.811,763
2.8535,2.8529999999999998,2.8775,2.8499999999999996,710
2.8515,2.8605,2.8695,2.8345000000000002,595
2.8600000000000003,2.8064999999999998,2.8635,2.779,937
2.8075,2.7975,2.8295,2.7960000000000003,794
2.7984999999999998,2.8070000000000004,2.8205,2.791,628
2.8064999999999998,2.8055,2.8235,2.7945,795
2.8049999999999997,2.8415,2.8485,2.8040000000000003,768
2.8435,2.846,2.8555,2.8295,614
2.847,2.847,2.8565,2.835,694
2.8465,2.847,2.859,2.8305,567
2.846,2.8795,2.883,2.839,753
2.879,2.9185,2.919,2.865,628
2.918,2.8914999999999997,2.92,2.8745000000000003,781
2.891,2.886,2.9095,2.8725,767
2.8865,2.957,2.9589999999999996,2.8855,1027
2.9575,2.9595000000000002,2.9619999999999997,2.923,1207
2.963,2.9379999999999997,2.977,2.8994999999999997,1020
2.939,2.918,2.939,2.895,1568
2.9185,2.9465000000000003,2.9480000000000004,2.9055,901
2.9465000000000003,2.8890000000000002,2.952,2.872,1069
2.8885,2.94,2.9475,2.8865,1466
2.9405,3.01,3.0215,2.9314999999999998,1323
3.0105000000000004,2.9585,3.0300000000000002,2.9524999999999997,1116
2.9595000000000002,2.966,2.9815,2.9495,805
2.9655,2.987,2.9939999999999998,2.965,803
2.9865,3.0054999999999996,3.0255,2.9814999999999996,917
3.007,2.991,3.013,2.952,783
2.9905,3.003,3.0215,2.987,925
3.0025000000000004,2.9930000000000003,3.0134999999999996,2.9924999999999997,922
2.9924999999999997,3.0205,3.0345000000000004,2.987,959
3.02,2.9844999999999997,3.0315000000000003,2.979,656
2.99,3.023,3.0275,2.983,465
3.0220000000000002,3.042,3.0435,3.0140000000000002,590
3.0425,3.008,3.0495,3.007,387
3.0084999999999997,2.9995000000000003,3.0235000000000003,2.997,407
2.999,2.9835000000000003,3.0265,2.981,790
2.984,2.972,2.9975,2.9435000000000002,801
2.971,2.9905,3.0084999999999997,2.9539999999999997,1007
2.9915000000000003,2.9515000000000002,2.993,2.9314999999999998,939
2.952,2.9764999999999997,2.9805,2.933,806
2.976,2.9905,3.033,2.971,809
2.9915000000000003,3.0255,3.0315000000000003,2.9865,554
3.0244999999999997,3.0484999999999998,3.065,3.0195,713
3.0475,3.0655,3.0745,3.0380000000000003,929
3.066,3.0965,3.1029999999999998,3.039,909
3.0955000000000004,3.0789999999999997,3.1305,3.0745,854
3.0774999999999997,3.0715,3.089,3.0534999999999997,627
3.072,3.133,3.1470000000000002,3.066,937
3.1335,3.1420000000000003,3.1605,3.1260000000000003,705
3.1414999999999997,3.167,3.1719999999999997,3.125,896
3.1665,3.159,3.1710000000000003,3.1399999999999997,737
3.1595,3.107,3.1625,3.0875,1020
3.1065,3.052,3.122,3.051,1143
3.0535,3.0695,3.0875,3.039,883
3.0709999999999997,2.9939999999999998,3.0715,2.989,870
2.9935,3.0995,3.1014999999999997,2.9795,855
3.099,3.1275,3.1425,3.09,911
3.127,3.154,3.2005,3.114,1435
3.1555,3.135,3.1790000000000003,3.12,1294
3.1375,3.1085000000000003,3.1605,3.105,1005
3.1075,3.133,3.1405,3.101,879
3.1315,3.109,3.1385,3.1029999999999998,1111
3.105,3.1145,3.1245,3.072,1136
3.114,3.149,3.159,3.114,1670
3.1495,3.129,3.1695,3.1195,1122
3.13,3.135,3.1415,3.086,1019
3.136,3.159,3.159,3.13,1020
3.1595,3.144,3.1895,3.128,1137
3.1435,3.1239999999999997,3.1555,3.106,686
3.1245000000000003,3.0484999999999998,3.1245000000000003,3.048,634
3.0490000000000004,3.0140000000000002,3.0655,2.987,1152
3.0145,2.9675000000000002,3.0164999999999997,2.944,1125
2.967,3.004,3.0355,2.9665,1088
3.005,3.0564999999999998,3.0595,3.005,993
3.0549999999999997,3.0,3.059,2.985,881
2.9995000000000003,3.02,3.0625,2.9965,931
3.0205,2.9734999999999996,3.0225,2.9699999999999998,685
2.9745,2.8075,3.0060000000000002,2.8005,1659
2.806,2.8775,2.8855000000000004,2.8040000000000003,1424
2.888,2.9035,2.9125,2.883,585
2.904,2.9530000000000003,2.9645,2.8825000000000003,485
2.9545000000000003,2.9299999999999997,2.969,2.9295,501
2.9305000000000003,2.8760000000000003,2.936,2.875,791
2.8765,2.8449999999999998,2.879,2.8425000000000002,598
2.8465,2.862,2.887,2.8440000000000003,727
2.863,2.8785,2.899,2.8555,836
2.8795,2.8920000000000003,2.8935,2.8434999999999997,848
2.8935,2.895,2.9245,2.8865,671
2.8945,2.877,2.918,2.868,627
2.8760000000000003,2.8425,2.8979999999999997,2.8415,678
2.8435,2.786,2.863,2.785,1268
2.7855,2.8055,2.8194999999999997,2.7835,1006
2.8049999999999997,2.8015,2.814,2.7945,646
2.801,2.7935,2.8179999999999996,2.7775,965
2.794,2.8575,2.8575,2.791,607
2.857,2.824,2.857,2.8129999999999997,583
2.825,2.8365,2.8425,2.8200000000000003,734
2.8369999999999997,2.8265000000000002,2.839,2.8215,516
2.827,2.817,2.833,2.8125,628
2.819,2.867,2.8695,2.8155,737
2.8675,2.835,2.8675,2.8335,542
2.8355,2.817,2.8405,2.815,653
2.8165,2.832,2.8405,2.8155,697
2.8315,2.8520000000000003,2.8585,2.8280000000000003,592
2.8514999999999997,2.8665,2.8680000000000003,2.8495,458
2.865,2.8585,2.8795,2.8565,522
2.859,2.84,2.8615,2.839,501
2.8415,2.801,2.8555,2.7935,816
2.8005,2.816,2.83,2.798,641
2.8165,2.8525,2.8625,2.8055000000000003,637
2.8515,2.8635,2.883,2.8515,685
2.8645,2.876,2.8805,2.851,1276
2.875,2.9115,2.9135,2.8635,919
2.9105,2.8659999999999997,2.9405,2.8565,1223
2.867,2.8985,2.8985,2.8345000000000002,918
2.8975,2.8785,2.9185,2.8609999999999998,836
2.879,2.9005,2.9035,2.879,508
2.901,2.9515000000000002,2.955,2.8925,1020
2.951,3.122,3.1340000000000003,2.9365,1815
3.1225,3.2115,3.271,3.1165,2179
3.211,3.224,3.2664999999999997,3.193,1789
3.222,3.2485,3.261,3.2085,1266
3.247,3.2385,3.2725,3.215,1073
3.239,3.2995,3.359,3.2385,1484
3.3015,3.3055000000000003,3.318,3.287,1154
3.3055000000000003,3.2845000000000004,3.3365,3.282,1158
3.284,3.278,3.304,3.2655000000000003,931
3.285,3.298,3.3025,3.27,477
3.297,3.2895000000000003,3.2975000000000003,3.278,645
3.2895000000000003,3.25,3.29,3.25,946
3.2505,3.2685000000000004,3.279,3.2505,789
3.269,3.31,3.3255,3.263,821
3.3095,3.2865,3.322,3.282,868
3.2855,3.3795,3.3855,3.274,1213
3.3805,3.37,3.3965,3.339,1144
3.3705,3.331,3.403,3.3235,1156
3.3315,3.339,3.354,3.3315,811
3.3395,3.2975000000000003,3.3609999999999998,3.2965,938
3.297,3.3034999999999997,3.326,3.297,697
3.303,3.302,3.327,3.292,632
3.3015,3.2645,3.3064999999999998,3.2605,736
3.2635,3.254,3.2805,3.2515,616
3.2535,3.2270000000000003,3.2545,3.2015000000000002,763
3.2279999999999998,3.2634999999999996,3.2695,3.2195,844
3.261,3.253,3.267,3.2424999999999997,659
3.2525,3.2835,3.302,3.2510000000000003,728
3.2845,3.2755,3.304,3.261,788
3.2744999999999997,3.239,3.275,3.2169999999999996,780
3.2385,3.232,3.245,3.2089999999999996,876
3.2325,3.2475,3.252,3.2175000000000002,926
3.248,3.231,3.2504999999999997,3.2055,848
3.233,3.2765000000000004,3.3,3.2315,1248
3.277,3.2965,3.306,3.2675,967
3.297,3.2945,3.315,3.277,683
3.294,3.2575000000000003,3.3049999999999997,3.247,727
3.2569999999999997,3.2815000000000003,3.2910000000000004,3.254,671
3.2800000000000002,3.287,3.2925000000000004,3.2695,646
3.2865,3.274,3.2955,3.2625,768
3.2744999999999997,3.2495000000000003,3.2755,3.237,591
3.25,3.229,3.26,3.1864999999999997,741
3.231,3.183,3.245,3.1765,1074
3.1835,3.141,3.1835,3.128,1270
3.1395,3.1445,3.1745,3.1195,1163
3.144,3.1029999999999998,3.1565,3.0915,1026
3.104,3.075,3.106,3.0705,1074
3.075,3.0854999999999997,3.104,3.0625,1134
3.0875000000000004,3.0869999999999997,3.0995,3.075,773
3.0875,3.0854999999999997,3.11,3.077,695
3.085,3.0945,3.1025,3.0595,768
3.094,3.077,3.094,3.0625,685
3.0765000000000002,3.0875,3.0999999999999996,3.0715,678
3.089,3.1319999999999997,3.1334999999999997,3.085,605
3.1315,3.012,3.133,3.0,1185
3.0125,2.9955,3.0235000000000003,2.9935,751
2.995,2.9985,3.0225,2.9865,688
2.9985,3.0149999999999997,3.016,2.9965,339
3.0155,3.0300000000000002,3.042,3.0149999999999997,414
3.0295,3.005,3.0365,3.005,411
3.004,3.043,3.0460000000000003,3.004,421
3.0425000000000004,3.0235000000000003,3.043,3.003,519
3.023,3.0185000000000004,3.032,3.0140000000000002,511
3.019,3.0465,3.0465,2.977,804
3.0460000000000003,3.0555,3.0585,3.031,551
3.0540000000000003,3.0645,3.065,3.0435,643
3.0635,3.0665,3.076,3.059,451
3.0675,3.0995,3.101,3.0655,573
3.099,3.1159999999999997,3.122,3.0985,642
3.115,3.1105,3.122,3.0925000000000002,569
3.11,3.1345,3.1625,3.1094999999999997,973
3.135,3.138,3.1435,3.1180000000000003,630
3.1375,3.1639999999999997,3.1865,3.1340000000000003,887
3.1625,3.1615,3.1814999999999998,3.146,816
3.1605,3.0975,3.1630000000000003,3.094,478
3.098,3.1035,3.1175,3.098,389
3.104,3.127,3.144,3.1014999999999997,586
3.1275,3.104,3.141,3.092,602
3.1025,3.0865,3.109,3.0835,421
3.0875000000000004,3.1014999999999997,3.1105,3.0865,592
3.101,3.016,3.109,3.0125,608
3.0175,3.0620000000000003,3.0625,3.0155000000000003,675
3.0615,3.058,3.063,3.045,411
3.0575,3.0545,3.0725,3.051,389
3.0535,3.0205,3.0555,3.0065,735
3.023,2.969,3.023,2.9425,850
2.9684999999999997,2.931,2.9695,2.9215,825
2.932,2.947,2.9545,2.9045,923
2.9459999999999997,2.956,2.9645,2.94,615
2.9545000000000003,2.9745,2.98,2.9530000000000003,484
2.974,2.996,2.997,2.9675000000000002,453
2.9945000000000004,2.9595000000000002,2.998,2.9595000000000002,525
2.96,2.9465,2.981,2.9325,436
2.947,2.967,2.992,2.947,514
2.9665,2.9625,2.984,2.9575,638
2.963,2.9844999999999997,2.992,2.9530000000000003,481
2.984,2.981,2.9955,2.9669999999999996,691
2.9795,2.9645,2.988,2.9435000000000002,859
2.963,2.9370000000000003,2.9645,2.924,958
2.936,2.9610000000000003,2.9690000000000003,2.9205,918
2.9604999999999997,2.947,2.964,2.932,543
2.9465000000000003,2.969,3.0004999999999997,2.942,761
2.968,2.9885,2.9915000000000003,2.9610000000000003,553
2.988,2.985,2.9965,2.976,531
2.9844999999999997,3.08,3.0815,2.983,580
3.0685000000000002,3.1109999999999998,3.1275000000000004,3.0564999999999998,520
3.1105,3.0975,3.1319999999999997,3.0815,714
3.096,3.1825,3.184,3.096,1137
3.183,3.2344999999999997,3.271,3.1795,1312
3.2335,3.2485,3.2880000000000003,3.2325,1005
3.248,3.235,3.261,3.2155,808
3.2329999999999997,3.2744999999999997,3.3005,3.2329999999999997,896
3.2735000000000003,3.2255000000000003,3.2735000000000003,3.1925,695
3.2249999999999996,3.2465,3.2645,3.2249999999999996,616
3.246,3.254,3.258,3.2195,720
3.2545,3.252,3.2675,3.2375,668
3.253,3.268,3.2755,3.24,562
3.2675,3.2295,3.2695,3.229,634
3.23,3.2110000000000003,3.2455,3.2075,606
3.2115,3.2465,3.2800000000000002,3.2110000000000003,772
3.2475,3.2455,3.2590000000000003,3.2335,473
3.2435,3.3075,3.3305,3.2350000000000003,1090
3.307,3.283,3.3165,3.2785,892
3.2835,3.3155,3.3245,3.2835,781
3.315,3.295,3.315,3.2815000000000003,599
3.2945,3.3680000000000003,3.411,3.2904999999999998,1114
3.367,3.447,3.449,3.3545,1582
3.4465,3.3785,3.4715,3.371,1563
3.3795,3.3755,3.401,3.3715,945
3.375,3.399,3.4050000000000002,3.3525,1082
3.3985,3.379,3.409,3.3600000000000003,1115
3.3785,3.3890000000000002,3.4055,3.3659999999999997,1072
3.3899999999999997,3.4095,3.427,3.3685,1467
3.4095000000000004,3.4125,3.455,3.4025,1439
3.4115,3.387,3.426,3.3845,1151
3.3865,3.3805,3.4105,3.363,1058
3.3810000000000002,3.3434999999999997,3.3964999999999996,3.327,1271
3.3445,3.3434999999999997,3.3615,3.33,1091
3.343,3.335,3.3449999999999998,3.3195,833
3.334,3.372,3.3795,3.319,1307
3.3715,3.3324999999999996,3.373,3.3285,1083
3.3285,3.3505,3.3529999999999998,3.3105,1123
3.351,3.3695,3.3705,3.3245,954
3.3689999999999998,3.3325,3.373,3.327,1250
3.333,3.3449999999999998,3.358,3.3325,871
3.3455,3.3725,3.3955,3.3354999999999997,1117
3.372,3.365,3.3760000000000003,3.3440000000000003,1044
3.3645,3.3485,3.377,3.3419999999999996,1079
3.349,3.3435,3.3535,3.3289999999999997,1222
3.3445,3.378,3.385,3.3419999999999996,1042
3.379,3.406,3.432,3.3785,1162
3.3970000000000002,3.4165,3.4240000000000004,3.3899999999999997,664
3.417,3.4370000000000003,3.4445,3.417,579
3.4365,3.4745,3.503,3.4345,1193
3.4749999999999996,3.4765,3.5060000000000002,3.4325,1896
3.4775,3.4455,3.534,3.4405,1570
3.4459999999999997,3.4265,3.483,3.4255,1143
3.427,3.379,3.4725,3.378,1560
3.3785,3.3369999999999997,3.396,3.3165,1371
3.336,3.2775,3.336,3.2685000000000004,984
3.278,3.246,3.283,3.242,1035
3.2465,3.2954999999999997,3.2995,3.2395,1142
3.2935,3.3445,3.4050000000000002,3.2845,1617
3.3440000000000003,3.277,3.346,3.276,1274
3.278,3.316,3.3175,3.246,1113
3.3165,3.339,3.3645,3.302,1115
3.338,3.3274999999999997,3.338,3.3055000000000003,776
3.326,3.3600000000000003,3.3914999999999997,3.307,970
3.3625,3.3975,3.4215,3.3605,1055
3.396,3.355,3.3979999999999997,3.348,1010
3.3535,3.332,3.3805,3.315,1038
3.3289999999999997,3.3484999999999996,3.378,3.327,1053
3.3465,3.3445,3.3644999999999996,3.332,823
3.3455,3.31,3.3515,3.284,959
3.3105,3.3385,3.3565,3.3105,932
3.3375,3.3440000000000003,3.358,3.3265000000000002,803
3.3449999999999998,3.354,3.3739999999999997,3.3445,705
3.3545,3.3875,3.3905,3.328,726
3.3890000000000002,3.387,3.391,3.3695,760
3.3875,3.346,3.4160000000000004,3.3449999999999998,958
3.3475,3.327,3.3609999999999998,3.3235,792
3.328,3.3120000000000003,3.332,3.2965,815
3.3129999999999997,3.2874999999999996,3.3155,3.2845,789
3.2865,3.245,3.2895000000000003,3.2350000000000003,805
3.2455,3.2075,3.266,3.207,1062
3.208,3.1565000000000003,3.2125,3.1470000000000002,894
3.1559999999999997,3.1425,3.1705,3.1260000000000003,1044
3.143,3.145,3.1639999999999997,3.1310000000000002,798
3.146,3.1855,3.1935000000000002,3.1455,705
3.186,3.152,3.1975,3.1495,722
3.1505,3.165,3.1715,3.1310000000000002,664
3.1654999999999998,3.1635,3.1734999999999998,3.1550000000000002,553
3.1639999999999997,3.1035,3.1645,3.091,666
3.104,3.0995,3.1165,3.0935,541
3.0999999999999996,3.1025,3.1195,3.0945,548
3.1020000000000003,3.0709999999999997,3.1075,3.0525,1027
3.07,3.1399999999999997,3.1639999999999997,3.049,1038
3.1445,3.1555,3.1769999999999996,3.122,1187
3.1550000000000002,3.1685,3.1885000000000003,3.1415,1032
3.1675,3.167,3.1765,3.1615,278
3.1675,3.125,3.17,3.125,296
3.1255,3.083,3.127,3.077,761
3.0825,3.12,3.13,3.076,735
3.1195,3.0815,3.122,3.0775,744
3.082,2.9765,3.093,2.9735,1336
2.9770000000000003,2.9895,3.0140000000000002,2.9604999999999997,1177
2.9905,3.0235000000000003,3.068,2.9905,1134
3.0229999999999997,3.0305,3.051,3.0220000000000002,705
3.0300000000000002,2.976,3.0305,2.976,523
2.9749999999999996,2.9855,2.9939999999999998,2.9635,356
2.985,2.9684999999999997,2.989,2.9545000000000003,509
2.9699999999999998,3.0125,3.0165,2.946,952
3.012,3.029,3.0454999999999997,3.0075000000000003,730
3.0295,3.0285,3.0425,3.0105,718
3.027,3.0149999999999997,3.029,3.012,455
3.0155,3.0315,3.0395000000000003,3.0,510
3.0295,3.048,3.065,3.023,472
3.0475,3.0214999999999996,3.0545,3.0135,515
3.0205,2.9695,3.0205,2.9669999999999996,586
2.9690000000000003,3.0005,3.0095,2.96,700
3.0,2.996,3.0015,2.982,489
2.9955,2.9915000000000003,2.9965,2.9785,551
2.992,3.01,3.036,2.988,569
3.012,3.0305,3.033,2.995,612
3.0295,3.025,3.0415,3.0225,521
3.0255,2.988,3.0335,2.983,458
2.9865,2.965,2.9875,2.9605,560
2.967,2.9779999999999998,2.987,2.9619999999999997,528
2.9764999999999997,2.971,2.992,2.94,713
2.969,2.974,2.999,2.9525,885
2.9734999999999996,2.9299999999999997,2.9755000000000003,2.9059999999999997,841
2.9284999999999997,2.9025,2.9284999999999997,2.8785,1966
2.902,2.8955,2.9139999999999997,2.8855,835
2.8899999999999997,2.8680000000000003,2.925,2.8529999999999998,1084
2.864,2.88,2.8865,2.8475,611
2.8795,2.8405,2.8810000000000002,2.838,608
2.8415,2.8255,2.8515,2.819,796
2.8259999999999996,2.8805,2.8835,2.822,678
2.878,2.8955,2.8955,2.872,639
2.896,2.8890000000000002,2.906,2.8665,663
2.8885,2.8689999999999998,2.8895,2.8685,478
2.8695,2.871,2.8905000000000003,2.8655,646
2.8705,2.8545,2.8735,2.8395,605
2.8565,2.823,2.8575,2.8165,816
2.8235,2.8360000000000003,2.8435,2.816,576
2.8369999999999997,2.8609999999999998,2.8775,2.824,868
2.8625,2.8895,2.8895,2.8475,595
2.8945,2.883,2.9255,2.8810000000000002,499
2.8834999999999997,2.8735,2.8834999999999997,2.854,680
2.8745,2.932,2.936,2.8735,801
2.9314999999999998,2.935,2.9505,2.919,798
2.9355,2.9219999999999997,2.949,2.9165,843
2.9205,2.9695,2.9775,2.9155,1126
2.969,2.952,2.987,2.947,1139
2.9505,2.957,2.9595,2.9265,555
2.9575,2.9299999999999997,2.9770000000000003,2.9195,528
2.9305,2.904,2.936,2.9025,435
2.9050000000000002,2.894,2.915,2.894,445
2.8945,2.944,2.9450000000000003,2.8805,392
2.9445,2.9165,2.9445,2.9160000000000004,459
2.917,2.8890000000000002,2.9195,2.88,460
2.8899999999999997,2.9345,2.9355,2.8895,418
2.935,2.946,2.9505,2.923,786
2.9465000000000003,2.9734999999999996,2.9850000000000003,2.9364999999999997,629
2.973,2.9885,2.9965,2.972,758
2.989,2.9610000000000003,2.9924999999999997,2.9595,699
2.963,2.998,3.0055,2.9565,762
2.998,3.0145,3.0330000000000004,2.997,752
3.0140000000000002,2.993,3.0205,2.9850000000000003,480
2.9924999999999997,2.9924999999999997,3.0235000000000003,2.99,447
2.999,2.977,3.0010000000000003,2.974,375
2.976,2.9675000000000002,2.984,2.949,522
2.966,2.96,2.968,2.9530000000000003,537
2.9604999999999997,2.9555,2.9625,2.9285,590
2.955,2.931,2.9589999999999996,2.9299999999999997,448
2.9314999999999998,2.9505,2.9525,2.924,466
2.951,2.919,2.9619999999999997,2.9165,623
2.9195,2.9284999999999997,2.941,2.8979999999999997,710
2.927,3.005,3.012,2.9255,800
3.0045,2.9645,3.01,2.9595,619
2.9654999999999996,3.0105,3.023,2.9604999999999997,967
3.0125,3.003,3.0235,2.9945000000000004,777
3.0035,2.998,3.0155,2.989,547
2.998,2.976,3.0035,2.971,514
2.9764999999999997,2.9859999999999998,2.991,2.9685,479
2.987,3.0380000000000003,3.042,2.9690000000000003,603
3.04,2.931,3.0484999999999998,2.9210000000000003,924
2.9305,2.974,2.9770000000000003,2.9185,869
2.9745,2.969,2.993,2.958,957
2.9695,3.0865,3.0949999999999998,2.9695,1623
3.0869999999999997,3.1245000000000003,3.151,3.0635,1339
3.1265,3.231,3.2525,3.1260000000000003,1460
3.231,3.2735000000000003,3.287,3.2225,1214
3.2720000000000002,3.294,3.31,3.2515,997
3.2965,3.33,3.344,3.2935,962
3.349,3.3689999999999998,3.374,3.328,411
3.3695,3.3875,3.402,3.3495,736
3.388,3.558,3.5795000000000003,3.3865,1445
3.5605,3.585,3.618,3.5545,1649
3.5854999999999997,3.6475,3.6805,3.584,1615
3.6470000000000002,3.749,3.7640000000000002,3.6465,1728
3.7495000000000003,3.731,3.8145,3.6845,2022
3.73,3.8495,3.862,3.7155,1866
3.849,3.807,3.873,3.7815000000000003,1469
3.806,3.792,3.8455000000000004,3.7904999999999998,1390
3.793,3.863,3.865,3.7794999999999996,1354
3.8615,3.9455,4.049,3.85,1749
3.9480000000000004,3.909,3.9835000000000003,3.908,1448
3.9115,3.8594999999999997,3.9445,3.856,1441
3.8605,3.874,3.9055,3.8594999999999997,1099
3.873,3.8265000000000002,3.8845,3.8255,1025
3.8274999999999997,3.82,3.8475,3.805,1081
3.8205,3.8255,3.8455,3.7960000000000003,1093
3.826,3.7765,3.836,3.776,913
3.777,3.7785,3.7945,3.7565,1025
3.778,3.751,3.7865,3.7325,1145
3.7504999999999997,3.6975,3.7504999999999997,3.6875,1191
3.698,3.7225,3.7405,3.694,1142
3.7215,3.6905,3.7215,3.6775,1011
3.6885,3.7055,3.715,3.6790000000000003,978
3.7039999999999997,3.734,3.766,3.7030000000000003,1030
3.7345,3.7359999999999998,3.763,3.7125,940
3.737,3.7085,3.7785,3.7075,1012
3.7115,3.7465,3.7489999999999997,3.7075,854
3.7405,3.7525,3.7685,3.7195,1052
3.7515,3.714,3.7545,3.6585,1246
3.715,3.773,3.841,3.6025,2271
3.774,3.7895000000000003,3.8335,3.746,1927
3.791,3.705,3.8175,3.6835,1523
3.7075,3.7235,3.7485,3.6895,1480
3.7245,3.823,3.8305,3.7105,1587
3.824,4.135,4.1795,3.776,1971
4.1335,4.2745,4.353999999999999,4.1075,2693
4.274,4.3004999999999995,4.436,4.1775,2295
4.3015,4.158,4.3015,4.086,2127
4.156000000000001,4.1855,4.263,4.1455,1878
4.1835,4.234999999999999,4.258,4.172000000000001,1736
4.234999999999999,4.1530000000000005,4.237500000000001,4.1125,1541
4.1535,4.2155000000000005,4.253,4.1475,1330
4.215,4.2625,4.295,4.186,1765
4.264,4.239,4.3095,4.1905,1610
4.24,4.3495,4.3665,4.24,1767
4.346500000000001,4.300000000000001,4.390499999999999,4.2385,1794
4.2669999999999995,4.2085,4.293,4.2035,864
4.2105,4.2005,4.2219999999999995,4.157,885
4.1995000000000005,4.204,4.2065,4.129,1162
4.205,4.166,4.214,4.1385000000000005,1176
4.1665,4.172499999999999,4.197,4.1635,1037
4.173,4.1315,4.1775,4.1259999999999994,995
4.1325,4.0945,4.1739999999999995,4.0655,1501
4.095,4.168,4.216,4.0905000000000005,1711
4.1675,4.176,4.2165,4.1579999999999995,1129
4.177,4.1475,4.179,4.133,939
4.1465,4.115,4.152,4.085,1349
4.1135,4.0865,4.134,4.069,1340
4.0855,4.1215,4.133,4.0685,1018
4.124,4.145,4.167,4.1195,1054
4.144500000000001,4.166,4.1715,4.115,783
4.1655,4.2105,4.231999999999999,4.1215,1055
4.21,4.1579999999999995,4.2330000000000005,4.138999999999999,916
4.159000000000001,4.1665,4.237500000000001,4.143,1292
4.166,4.147,4.172,4.1055,1063
4.1485,4.04,4.1735,4.0344999999999995,1286
4.0395,3.984,4.0515,3.9775,1303
3.9845,4.0345,4.0475,3.984,1038
4.0335,4.031000000000001,4.047000000000001,3.9405,1389
4.029999999999999,4.024,4.0515,4.007,1032
4.0235,4.0245,4.0455000000000005,4.0035,875
4.026,4.0365,4.038,4.003,1047
4.0355,4.015499999999999,4.049,4.0095,934
4.015,4.0135,4.037,4.000500000000001,847
4.013,3.9105,4.032,3.907,1157
3.9125,3.933,3.9485,3.882,1408
3.9325,3.885,3.9875,3.874,1317
3.8845,3.9025,3.9165,3.8555,1352
3.902,3.9015,3.927,3.8815,1178
3.902,3.9450000000000003,3.965,3.876,1336
3.942,4.021,4.0485,3.9185,1496
4.0215,4.002,4.167999999999999,3.9995,1697
4.0009999999999994,3.91,4.0035,3.91,1649
3.9095000000000004,4.013,4.0165,3.9065000000000003,1227
4.0125,3.883,4.0125,3.8625,1661
3.884,3.9645,3.9805,3.883,1331
3.963,3.9320000000000004,3.9864999999999995,3.916,1309
3.9305,3.9555,3.9764999999999997,3.918,1082
3.9565,3.9795,4.0235,3.949,1195
3.979,3.9464999999999995,4.0105,3.944,987
3.9475,3.9805,3.9814999999999996,3.909,1045
3.9800000000000004,4.0245,4.058,3.9544999999999995,1465
4.0225,3.999,4.0305,3.9845,1113
4.0,4.0075,4.0275,3.992,887
4.0105,3.984,4.0125,3.983,465
3.9845,3.924,3.9885,3.9050000000000002,720
3.925,4.000500000000001,4.0025,3.925,824
4.0,4.0365,4.0495,3.9855,872
4.035,4.1505,4.215,3.999,1397
4.149,4.1845,4.204000000000001,4.102,439
