0.97892,0.979325,0.979735,0.9788600000000001,6284
0.97933,0.978445,0.9794499999999999,0.97841,4496
0.978465,0.97839,0.97879,0.97799,4246
0.9783850000000001,0.977905,0.978395,0.9776499999999999,2974
0.9779,0.97848,0.978775,0.977895,2630
0.978485,0.978235,0.9785550000000001,0.97797,2993
0.9782299999999999,0.97828,0.978685,0.977995,2888
0.978275,0.978505,0.97875,0.978075,3302
0.9784999999999999,0.978845,0.979135,0.978445,4428
0.9788600000000001,0.9799150000000001,0.980175,0.978755,8654
0.9799100000000001,0.97952,0.980075,0.979175,6124
0.97951,0.979375,0.97992,0.97882,9297
0.979375,0.979385,0.9796849999999999,0.9784999999999999,8967
0.97939,0.979035,0.979545,0.978775,7950
0.979035,0.9793700000000001,0.97951,0.978175,6838
0.979375,0.979845,0.97985,0.97882,7101
0.97985,0.981585,0.981795,0.9798100000000001,6728
0.98159,0.981245,0.981695,0.980845,5768
0.98125,0.9803200000000001,0.981435,0.980235,5092
0.980325,0.98108,0.98112,0.979955,5027
0.981075,0.981065,0.98168,0.980765,6542
0.98106,0.981085,0.981475,0.98053,7858
0.98109,0.98146,0.98248,0.98072,10145
0.98146,0.983305,0.984235,0.981355,11954
0.9833000000000001,0.982005,0.984325,0.98132,9479
0.982005,0.9810049999999999,0.982145,0.98064,8602
0.981015,0.97995,0.98106,0.979195,10720
0.97994,0.979385,0.9800500000000001,0.97907,7385
0.97938,0.9795,0.980175,0.97911,6167
0.979495,0.9799549999999999,0.980235,0.979415,6768
0.97995,0.9800800000000001,0.980375,0.9797,5535
0.980075,0.979165,0.98011,0.9787349999999999,5741
0.97916,0.9790650000000001,0.9796149999999999,0.97905,4651
0.97907,0.9794750000000001,0.979775,0.978715,4772
0.97948,0.98004,0.980155,0.97917,3620
0.980035,0.98112,0.98142,0.9797,5932
0.981115,0.98186,0.98288,0.98082,6056
0.98186,0.983235,0.983285,0.98157,3356
0.9832399999999999,0.9828600000000001,0.98357,0.982495,2023
0.98278,0.982985,0.9831399999999999,0.9826,560
0.98299,0.983115,0.983255,0.982805,15987
0.9831000000000001,0.982345,0.98367,0.9821,4588
0.9823500000000001,0.98266,0.982795,0.98228,1245
0.9826550000000001,0.98288,0.98293,0.9825550000000001,2754
0.9828749999999999,0.982965,0.98302,0.982665,2877
0.98297,0.982815,0.983185,0.9816849999999999,5032
0.98281,0.9821500000000001,0.982835,0.9819249999999999,5584
0.982155,0.9838,0.984435,0.9819899999999999,12026
0.983805,0.9829399999999999,0.983805,0.9827049999999999,9938
0.982935,0.983275,0.9836,0.982485,6622
0.98328,0.9826550000000001,0.98337,0.982495,5389
0.982665,0.9828600000000001,0.98332,0.982505,4157
0.982865,0.98294,0.98332,0.98275,3699
0.982945,0.98344,0.98367,0.982935,3715
0.9834350000000001,0.983615,0.98409,0.9834149999999999,4640
0.9836100000000001,0.983975,0.98451,0.9834499999999999,6094
0.98397,0.98424,0.9846600000000001,0.98393,7638
0.984245,0.9841150000000001,0.98426,0.98359,8880
0.984105,0.984145,0.9845200000000001,0.98366,10397
0.9841500000000001,0.984245,0.985325,0.9839249999999999,14629
0.98424,0.984135,0.98464,0.98376,11598
0.98414,0.9838199999999999,0.98474,0.9832449999999999,9300
0.983825,0.9847049999999999,0.984905,0.983395,8418
0.9846999999999999,0.98509,0.98515,0.984485,8720
0.98508,0.98503,0.98583,0.9848950000000001,7930
0.985035,0.985395,0.98549,0.9845999999999999,8651
0.9854,0.985195,0.985885,0.985055,7902
0.985195,0.983635,0.985525,0.983045,12766
0.98364,0.9841150000000001,0.984815,0.9833050000000001,11540
0.98411,0.9845900000000001,0.984815,0.983935,10660
0.984585,0.982945,0.984775,0.982745,10438
0.98294,0.98251,0.983075,0.9819549999999999,10299
0.9825250000000001,0.982665,0.9837800000000001,0.981735,9719
0.9826600000000001,0.98152,0.982855,0.98114,8185
0.98153,0.981185,0.98228,0.98039,10225
0.98117,0.9809,0.981515,0.98063,8316
0.9809049999999999,0.9813449999999999,0.9821150000000001,0.980775,7432
0.98135,0.98168,0.98169,0.980975,5578
0.9816849999999999,0.981385,0.9817199999999999,0.981195,3992
0.9813799999999999,0.981765,0.98211,0.98123,5239
0.98175,0.981195,0.98193,0.981195,3715
0.9812000000000001,0.9813050000000001,0.98166,0.98098,3891
0.9813000000000001,0.98187,0.98197,0.9811449999999999,4082
0.981875,0.9819150000000001,0.98203,0.98159,3767
0.9819150000000001,0.982185,0.9823,0.9815,4994
0.9821850000000001,0.982145,0.982465,0.9819,2407
0.98215,0.9820450000000001,0.9826999999999999,0.98149,1326
0.98248,0.982585,0.9833799999999999,0.98224,161
0.9826349999999999,0.98213,0.982745,0.98185,263
0.9821200000000001,0.98231,0.98274,0.981515,1449
0.982315,0.982145,0.982395,0.982,910
0.982135,0.98175,0.982475,0.98173,2314
0.9817549999999999,0.981965,0.982035,0.9817,1390
0.981975,0.982425,0.98264,0.98176,5156
0.9824200000000001,0.98234,0.9826550000000001,0.98202,4939
0.982345,0.982605,0.982845,0.981575,6449
0.98262,0.98266,0.982855,0.9822500000000001,3981
0.9826550000000001,0.982745,0.983015,0.9824550000000001,4630
0.982755,0.981865,0.98276,0.9817750000000001,4840
0.98186,0.9818450000000001,0.982245,0.98177,4721
0.98185,0.9819,0.9820450000000001,0.9811650000000001,4096
0.981905,0.9816199999999999,0.9820850000000001,0.9815400000000001,2874
0.981625,0.9820450000000001,0.982155,0.98161,2867
0.98204,0.9821249999999999,0.98247,0.9819,3258
0.98213,0.981985,0.9824200000000001,0.9816,6288
0.9819,0.98218,0.98253,0.98088,11606
0.982185,0.981795,0.982445,0.98158,8441
0.9817899999999999,0.98164,0.9818899999999999,0.980525,13695
0.981645,0.97897,0.9816499999999999,0.978465,12272
0.9789749999999999,0.9786349999999999,0.97952,0.978175,10135
0.97864,0.9787699999999999,0.97919,0.9776,10037
0.978765,0.9784349999999999,0.979825,0.9784200000000001,7719
0.978445,0.97872,0.97887,0.9778450000000001,6170
0.978715,0.97801,0.979085,0.9776199999999999,6647
0.978015,0.977515,0.97807,0.9770300000000001,7144
0.97752,0.97692,0.977775,0.97635,6548
0.976925,0.9757899999999999,0.9771449999999999,0.9757899999999999,8275
0.9757899999999999,0.97655,0.97755,0.97566,8842
0.9765550000000001,0.980585,0.982015,0.976535,28505
0.980565,0.98103,0.9817549999999999,0.97862,20955
0.98099,0.9816750000000001,0.982685,0.9805250000000001,10719
0.98168,0.979255,0.9827300000000001,0.979125,17407
0.97926,0.97697,0.979995,0.976235,18844
0.97692,0.977725,0.97849,0.976505,10512
0.97773,0.97865,0.9789300000000001,0.97741,9475
0.97865,0.97728,0.978665,0.97681,7824
0.977275,0.977395,0.9778549999999999,0.976665,6849
0.977385,0.9774849999999999,0.97803,0.9773000000000001,7690
0.9774849999999999,0.977625,0.977955,0.97678,4918
0.9776199999999999,0.978475,0.979265,0.9776199999999999,11648
0.9784349999999999,0.9793000000000001,0.979455,0.9782150000000001,6363
0.979315,0.97881,0.979525,0.978645,5068
0.97882,0.978965,0.97946,0.978715,4900
0.97896,0.97878,0.9793099999999999,0.978675,3744
0.978775,0.97819,0.97925,0.978005,1800
0.97854,0.978595,0.97906,0.9777750000000001,89
0.978595,0.9791749999999999,0.97948,0.978205,429
0.9788950000000001,0.9788300000000001,0.9795499999999999,0.9783599999999999,1632
0.978835,0.9791449999999999,0.979355,0.9787049999999999,1412
0.9791449999999999,0.979875,0.979905,0.97914,2322
0.9798800000000001,0.980855,0.981055,0.97975,3119
0.980845,0.98134,0.9816050000000001,0.9806900000000001,5434
0.98135,0.981395,0.981725,0.98107,6648
0.9814,0.98135,0.9822249999999999,0.981235,6952
0.981355,0.98204,0.98237,0.981295,7341
0.9820450000000001,0.98212,0.982665,0.981455,6265
0.98211,0.9817849999999999,0.98216,0.981395,6531
0.98178,0.981255,0.9819100000000001,0.981255,5461
0.98126,0.9815149999999999,0.98163,0.9811300000000001,4230
0.98152,0.98156,0.981825,0.9814499999999999,3365
0.981555,0.98217,0.982315,0.9814050000000001,3862
0.982165,0.98234,0.982455,0.98177,5331
0.982335,0.982405,0.98265,0.981935,4718
0.9823999999999999,0.982925,0.983385,0.981885,8916
0.98292,0.98385,0.983905,0.9821249999999999,8163
0.983865,0.98403,0.984505,0.9828399999999999,16603
0.984035,0.98437,0.9844649999999999,0.982915,11326
0.9843649999999999,0.985455,0.986305,0.984335,11168
0.98546,0.984505,0.9855849999999999,0.98393,10572
0.9844999999999999,0.983735,0.98506,0.98369,11326
0.98373,0.9829749999999999,0.983915,0.98281,10214
0.98298,0.9838499999999999,0.984125,0.982615,8640
0.9838549999999999,0.984005,0.9845349999999999,0.9835849999999999,9168
0.983995,0.9841200000000001,0.984455,0.983745,9065
0.9841150000000001,0.983295,0.98433,0.982945,11342
0.9833000000000001,0.984055,0.98451,0.98312,9638
0.984065,0.9851000000000001,0.985205,0.983175,13229
0.985095,0.987195,0.98756,0.98461,16477
0.98723,0.98518,0.9885999999999999,0.9849300000000001,12797
0.985175,0.9861949999999999,0.987495,0.9851099999999999,11180
0.9862,0.985455,0.986755,0.984985,9506
0.9854700000000001,0.98482,0.98566,0.983545,13851
0.9848250000000001,0.982945,0.984885,0.9822,12388
0.982955,0.98504,0.9853400000000001,0.982945,9058
0.985035,0.9852799999999999,0.9858,0.98459,10437
0.985285,0.983995,0.9853000000000001,0.983595,9784
0.984005,0.98441,0.98482,0.9839249999999999,9365
0.984405,0.98314,0.984495,0.9828749999999999,6870
0.9831350000000001,0.9830749999999999,0.98344,0.98247,6009
0.98307,0.983325,0.983965,0.9828749999999999,7302
0.9833149999999999,0.98378,0.9839100000000001,0.9831000000000001,4367
0.983765,0.983465,0.98393,0.9834,2878
0.983465,0.98331,0.9842299999999999,0.9829950000000001,2170
0.9840800000000001,0.9836400000000001,0.98466,0.98246,170
0.98363,0.983795,0.9841150000000001,0.9827999999999999,622
0.9838,0.9839100000000001,0.984205,0.98341,1370
0.983915,0.98366,0.9839549999999999,0.9834849999999999,1960
0.98366,0.9834,0.98382,0.983365,2359
0.983395,0.98297,0.9834,0.982955,2026
0.9829600000000001,0.9829749999999999,0.983385,0.982735,4896
0.9829699999999999,0.9825200000000001,0.9833000000000001,0.98238,5592
0.982525,0.9823649999999999,0.9825699999999999,0.982005,6190
0.98236,0.981575,0.982425,0.981465,5849
0.98157,0.98114,0.98186,0.98105,3743
0.9811350000000001,0.981545,0.9816549999999999,0.98109,3696
0.9815499999999999,0.9827950000000001,0.98283,0.98152,3976
0.982795,0.982955,0.9830300000000001,0.98263,2523
0.98295,0.98289,0.98326,0.982755,2677
0.982885,0.9826550000000001,0.982955,0.982475,2330
0.98265,0.98344,0.98344,0.9826250000000001,3175
0.9834449999999999,0.98354,0.9837849999999999,0.982765,3907
0.98353,0.98272,0.98414,0.98267,8882
0.982725,0.98261,0.983875,0.982505,10081
0.98262,0.98109,0.983075,0.98108,11345
0.981085,0.98066,0.9813449999999999,0.98028,8443
0.980645,0.98112,0.9812000000000001,0.9801599999999999,6884
0.981115,0.980305,0.9822150000000001,0.98021,7599
0.98031,0.9795750000000001,0.980565,0.979105,6197
0.97958,0.97971,0.980325,0.9791300000000001,8020
0.979705,0.979535,0.9799249999999999,0.9791799999999999,6386
0.97953,0.979545,0.979815,0.979275,6191
0.97955,0.97956,0.98007,0.979395,6166
0.979565,0.97923,0.97957,0.979,6755
0.979225,0.979195,0.979385,0.978665,7339
0.9792000000000001,0.97752,0.981005,0.97705,22165
0.97752,0.98108,0.981215,0.977065,13311
0.981075,0.9813799999999999,0.982015,0.979835,10799
0.980835,0.9791449999999999,0.9811799999999999,0.9785900000000001,13465
0.979125,0.9788600000000001,0.9803550000000001,0.97826,14363
0.978865,0.97781,0.9792,0.9776199999999999,10678
0.977815,0.977695,0.9782500000000001,0.97716,6859
0.97769,0.97871,0.978715,0.97765,6152
0.97872,0.9778450000000001,0.978995,0.977835,5043
0.97784,0.9772799999999999,0.97789,0.976675,5311
0.977275,0.977765,0.9779150000000001,0.976885,5386
0.9777750000000001,0.97817,0.97836,0.977705,3807
0.978165,0.9780599999999999,0.97856,0.9778800000000001,3350
0.978055,0.9776400000000001,0.978165,0.97756,2795
0.97763,0.97704,0.977985,0.97702,3195
0.9770449999999999,0.97681,0.97712,0.9765,2381
0.97682,0.979725,0.979725,0.9759,1677
0.977665,0.976785,0.9778,0.97663,136
0.976755,0.976925,0.9771000000000001,0.97663,187
0.976865,0.97685,0.977055,0.976135,1009
0.97685,0.976395,0.97692,0.9763200000000001,1042
0.976405,0.97592,0.97673,0.9757,2374
0.97593,0.97551,0.97603,0.97548,2840
0.975505,0.9754149999999999,0.975785,0.97525,3782
0.97542,0.975085,0.975715,0.9746900000000001,3877
0.97508,0.974295,0.975095,0.9740599999999999,4943
0.97429,0.974055,0.97449,0.97377,4786
0.974045,0.9741850000000001,0.97422,0.9736899999999999,3634
0.97419,0.974885,0.9748950000000001,0.973955,3523
0.97489,0.974495,0.97504,0.9743850000000001,3212
0.9744999999999999,0.97556,0.975645,0.974485,3011
0.9755499999999999,0.97602,0.976215,0.975375,3083
0.9760150000000001,0.9761299999999999,0.9762649999999999,0.975915,1961
0.976135,0.975445,0.976215,0.97544,2543
0.975455,0.975875,0.9759,0.974685,3692
0.975865,0.97603,0.9761949999999999,0.97539,7631
0.976035,0.97637,0.976785,0.975565,9172
0.97638,0.97567,0.97702,0.9744250000000001,16577
0.9756750000000001,0.97495,0.97609,0.9747399999999999,9346
0.974955,0.974585,0.975375,0.97407,9089
0.974575,0.9744999999999999,0.974775,0.973765,8518
0.974505,0.97521,0.975785,0.9743299999999999,8747
0.975205,0.974585,0.975665,0.974335,7265
0.9745900000000001,0.974525,0.974915,0.973225,7831
0.97452,0.9762299999999999,0.976585,0.97438,7671
0.97624,0.97665,0.976695,0.976,6935
0.97664,0.976865,0.9772099999999999,0.976065,6875
0.9768650000000001,0.978875,0.97889,0.97648,8595
0.97887,0.97759,0.97904,0.977445,8524
0.9775849999999999,0.9766250000000001,0.978375,0.97634,10115
0.97663,0.97539,0.97707,0.97447,9097
0.975405,0.974175,0.9754849999999999,0.97379,10599
0.97418,0.973785,0.97426,0.973105,11734
0.9737750000000001,0.9767699999999999,0.97696,0.97368,9120
0.976775,0.976375,0.976975,0.976235,5851
0.97637,0.97528,0.976505,0.9752149999999999,5078
0.9752799999999999,0.976325,0.976445,0.9752000000000001,4569
0.9763200000000001,0.9761949999999999,0.976385,0.97559,4408
0.97619,0.97729,0.97737,0.976175,4482
0.977285,0.9773000000000001,0.977545,0.976815,4059
0.97731,0.9772050000000001,0.9774849999999999,0.976965,4037
0.97721,0.97704,0.977285,0.976715,3042
0.97704,0.977445,0.9775750000000001,0.9770350000000001,5474
0.97742,0.977625,0.97768,0.977355,1815
0.97763,0.9777849999999999,0.97801,0.977185,1060
0.97774,0.9772350000000001,0.9777750000000001,0.97708,410
0.97723,0.977525,0.977565,0.977025,265
0.977455,0.97743,0.9778800000000001,0.97716,1017
0.977435,0.977795,0.977835,0.97736,1755
0.9777899999999999,0.97777,0.97799,0.97768,1986
0.977765,0.97759,0.97805,0.97744,3433
0.977595,0.97811,0.97823,0.977365,3561
0.978105,0.9782850000000001,0.978325,0.9778899999999999,3974
0.97829,0.978375,0.9786699999999999,0.97824,3519
0.97838,0.97853,0.978665,0.978075,3750
0.978525,0.977865,0.978525,0.97765,2951
0.97787,0.97788,0.978045,0.97744,3022
0.977885,0.977345,0.977955,0.97723,3263
0.9773499999999999,0.977835,0.9781249999999999,0.97723,3364
0.97784,0.9774700000000001,0.97784,0.977355,2404
0.977465,0.977375,0.9778,0.9765349999999999,3836
0.97737,0.9760150000000001,0.9774,0.975865,3972
0.9760200000000001,0.9760899999999999,0.9762550000000001,0.97557,5229
0.976085,0.975635,0.976335,0.97553,6981
0.97563,0.974595,0.97563,0.9742649999999999,7775
0.9745900000000001,0.9732400000000001,0.97461,0.97246,13307
0.973245,0.970355,0.973245,0.97003,16118
0.97035,0.97037,0.970655,0.96947,12923
0.970375,0.970045,0.970685,0.9696750000000001,10046
0.970055,0.9701649999999999,0.97109,0.969605,10766
0.97016,0.969425,0.97035,0.9683550000000001,8756
0.96943,0.9685600000000001,0.969455,0.96763,8947
0.968565,0.967385,0.9690799999999999,0.9673350000000001,9972
0.96739,0.968,0.96832,0.96738,8641
0.968,0.9679500000000001,0.968155,0.9672499999999999,7010
0.967955,0.96824,0.96864,0.967715,8115
0.968235,0.9678599999999999,0.96854,0.9674,8498
0.96785,0.967265,0.9678899999999999,0.9662299999999999,7978
0.9672499999999999,0.967155,0.967255,0.96613,16226
0.96716,0.968305,0.9686950000000001,0.9654,11921
0.96831,0.9684200000000001,0.969375,0.9679249999999999,12794
0.968425,0.968195,0.968615,0.96744,8758
0.9681850000000001,0.968355,0.968665,0.967615,6360
0.96835,0.96854,0.969025,0.9682850000000001,4619
0.968545,0.96836,0.9687950000000001,0.967785,4947
0.96835,0.9684649999999999,0.9686600000000001,0.967955,4343
0.968475,0.968785,0.9688300000000001,0.968375,2853
0.968775,0.96906,0.96919,0.96864,3965
0.96907,0.968905,0.96948,0.9687349999999999,4096
0.9689,0.9687250000000001,0.969305,0.9686349999999999,3840
0.968725,0.969155,0.96925,0.968585,4639
0.969165,0.968985,0.9692000000000001,0.968815,2063
0.96898,0.96838,0.9691000000000001,0.9682,998
0.968145,0.968685,0.9693700000000001,0.96792,188
0.968645,0.968745,0.968785,0.9685600000000001,356
0.9687399999999999,0.968715,0.96913,0.968495,529
0.96871,0.968745,0.96878,0.9684999999999999,1207
0.9687699999999999,0.9689099999999999,0.96914,0.968415,4271
0.9689300000000001,0.96895,0.9691350000000001,0.9687749999999999,2406
0.968955,0.968645,0.9692000000000001,0.9685600000000001,2443
0.968655,0.96821,0.96915,0.9678150000000001,4010
0.968215,0.96822,0.96858,0.9678,3641
0.968225,0.968575,0.968675,0.96822,3385
0.96858,0.96862,0.96868,0.96818,2797
0.9686250000000001,0.968315,0.96873,0.96821,3206
0.9683200000000001,0.9681299999999999,0.96852,0.96804,2491
0.968135,0.96835,0.9684600000000001,0.96797,2200
0.968355,0.968615,0.9687049999999999,0.96821,2331
0.9686049999999999,0.9686,0.9687650000000001,0.968335,3077
0.968595,0.968745,0.96898,0.96836,3844
0.96875,0.9692799999999999,0.9694849999999999,0.9687349999999999,3979
0.969275,0.969275,0.9695849999999999,0.9689300000000001,6207
0.9692799999999999,0.968335,0.969565,0.967745,6115
0.96834,0.9680949999999999,0.9690099999999999,0.9677800000000001,11835
0.96809,0.96989,0.970085,0.96766,11999
0.969885,0.97005,0.97028,0.969085,10515
0.970045,0.969645,0.9700500000000001,0.969085,5936
0.96965,0.96871,0.96974,0.9679949999999999,5611
0.968715,0.9685250000000001,0.96913,0.96818,5342
0.96853,0.96914,0.9698249999999999,0.9684999999999999,5585
0.9691350000000001,0.9704200000000001,0.97173,0.969055,14938
0.97041,0.96999,0.970645,0.9699,10444
0.97,0.969955,0.971435,0.9699150000000001,9313
0.969965,0.9704999999999999,0.971015,0.9699,8735
0.970505,0.969955,0.9708650000000001,0.969855,9654
0.96997,0.9692700000000001,0.9699800000000001,0.9685900000000001,9450
0.969275,0.969955,0.970035,0.968545,7757
0.9699599999999999,0.9702649999999999,0.9704250000000001,0.9692350000000001,8796
0.97027,0.97035,0.971305,0.96994,10590
0.9703550000000001,0.9724550000000001,0.97248,0.9702649999999999,7918
0.97245,0.97204,0.97298,0.9719800000000001,6794
0.972035,0.9725649999999999,0.9726,0.97199,4417
0.972585,0.97309,0.97363,0.972505,6364
0.973095,0.972995,0.9736199999999999,0.97265,8906
0.97299,0.9725550000000001,0.973185,0.97214,5761
0.97256,0.972475,0.97278,0.97217,5518
0.972485,0.972115,0.97264,0.97209,4871
0.9721150000000001,0.97236,0.97239,0.97175,3130
0.9723649999999999,0.97219,0.972605,0.972105,2869
0.972195,0.9715849999999999,0.9722649999999999,0.971565,1634
0.97158,0.97236,0.972425,0.9710799999999999,1893
0.97141,0.971405,0.97163,0.9709300000000001,126
0.9715,0.97138,0.97176,0.9710099999999999,437
0.97139,0.9710300000000001,0.971705,0.970855,3173
0.971025,0.97114,0.97116,0.97073,1155
0.9711449999999999,0.971695,0.971835,0.97113,2530
0.9716899999999999,0.9716,0.97186,0.97143,1792
0.971605,0.971765,0.971975,0.971555,3375
0.97177,0.9716450000000001,0.971885,0.971235,5006
0.9716549999999999,0.97161,0.972,0.9714849999999999,4018
0.971615,0.971265,0.97165,0.970995,5351
0.97127,0.970755,0.9715,0.9707349999999999,3853
0.97075,0.970405,0.970825,0.9702299999999999,3264
0.97041,0.970475,0.97068,0.969955,6116
0.9704699999999999,0.97055,0.9708049999999999,0.97043,2987
0.9705600000000001,0.97039,0.970565,0.970135,2409
0.970385,0.96974,0.97041,0.96951,4768
0.96974,0.970225,0.97037,0.969665,3828
0.97023,0.970005,0.9702500000000001,0.9695149999999999,4538
0.97001,0.97096,0.970975,0.9699,7651
0.970955,0.97224,0.972385,0.9704550000000001,6445
0.972245,0.973575,0.9737,0.971055,13473
0.973565,0.973425,0.97361,0.97232,10387
0.97342,0.97316,0.97394,0.97295,10558
0.973175,0.97244,0.973435,0.97236,11142
0.972435,0.9721500000000001,0.97305,0.9721150000000001,10279
0.97214,0.9718100000000001,0.972925,0.971665,7279
0.971805,0.97203,0.9723200000000001,0.97151,6628
0.972015,0.97268,0.9728650000000001,0.97175,6787
0.9726950000000001,0.97241,0.97334,0.972315,7189
0.972405,0.97299,0.97329,0.9722200000000001,8635
0.972995,0.9707600000000001,0.973255,0.969545,23575
0.970755,0.96724,0.9707749999999999,0.967065,24380
0.9672350000000001,0.971425,0.971805,0.9668,28117
0.97142,0.970695,0.9726250000000001,0.969895,28346
0.970675,0.972105,0.97218,0.97031,11982
0.9721,0.96941,0.97223,0.969155,12787
0.9694,0.969935,0.97048,0.9686,12016
0.9699150000000001,0.969365,0.970075,0.96895,8263
0.9693700000000001,0.969435,0.97006,0.969295,7654
0.96943,0.96968,0.97007,0.96928,5807
0.969685,0.969125,0.96991,0.969015,5841
0.96912,0.969505,0.969705,0.96907,5465
0.96951,0.9685950000000001,0.969665,0.968145,4586
0.9686,0.9686349999999999,0.968675,0.968305,5615
0.96863,0.968355,0.968985,0.9679599999999999,5023
0.96835,0.9674,0.96851,0.967375,6081
0.9674050000000001,0.9666049999999999,0.96776,0.966475,4610
0.96661,0.966695,0.9669099999999999,0.96637,2471
0.9667300000000001,0.96658,0.966985,0.9665600000000001,236
0.9665900000000001,0.9666,0.966755,0.96644,382
0.966595,0.96682,0.966935,0.966385,3129
0.966825,0.966665,0.96692,0.966555,1922
0.9666600000000001,0.966065,0.9666950000000001,0.9660150000000001,3299
0.96606,0.966385,0.96641,0.965855,2918
0.9663900000000001,0.966715,0.96672,0.9659150000000001,5252
0.96671,0.967165,0.96722,0.966575,4320
0.9671700000000001,0.96775,0.967855,0.966845,6398
0.967755,0.967345,0.967775,0.967055,4887
0.96734,0.9681649999999999,0.9681850000000001,0.96723,4705
0.96817,0.96809,0.968175,0.96767,4825
0.9680949999999999,0.96853,0.968615,0.967935,2864
0.9685250000000001,0.968235,0.96864,0.96822,3005
0.96824,0.9684699999999999,0.96848,0.96811,2805
0.9684649999999999,0.96896,0.9690000000000001,0.9684649999999999,3193
0.968955,0.96865,0.96899,0.968505,4075
0.968655,0.968545,0.96881,0.968405,4107
0.968555,0.968005,0.96901,0.967975,6523
0.967995,0.96702,0.968615,0.96696,6522
0.967025,0.968525,0.968585,0.96688,11327
0.96864,0.96887,0.970405,0.9682949999999999,11393
0.96886,0.9684699999999999,0.969105,0.9677,11320
0.968465,0.967985,0.96862,0.967525,10323
0.96799,0.96716,0.968035,0.96621,10966
0.967165,0.96638,0.967565,0.96631,8772
0.966385,0.96666,0.96788,0.96635,7111
0.966655,0.9654499999999999,0.96692,0.9653750000000001,7340
0.965445,0.96585,0.96644,0.965445,8646
0.9658450000000001,0.96488,0.96602,0.964445,12775
0.964885,0.9646250000000001,0.965725,0.964475,11180
0.96463,0.96608,0.966095,0.9644550000000001,8478
0.9660850000000001,0.965885,0.9664699999999999,0.96553,9739
0.965895,0.96098,0.965955,0.960115,15981
0.96097,0.961775,0.961885,0.95998,14008
0.9617800000000001,0.9607,0.96234,0.960555,14562
0.9607049999999999,0.96126,0.9620249999999999,0.96048,9760
0.961255,0.9612449999999999,0.9619599999999999,0.960985,6521
0.9612499999999999,0.96168,0.9619800000000001,0.961245,5535
0.96167,0.96079,0.961805,0.9606049999999999,4892
0.960785,0.961345,0.96155,0.96036,4991
0.9613499999999999,0.961955,0.962035,0.961345,5442
0.9619500000000001,0.963335,0.963565,0.96175,6419
0.9633400000000001,0.9637100000000001,0.96409,0.963075,5764
0.963715,0.9632499999999999,0.964055,0.9630449999999999,4659
0.963235,0.9620249999999999,0.963435,0.9620249999999999,4523
0.962035,0.961905,0.9624299999999999,0.96183,2966
0.9619,0.96182,0.96245,0.960955,2204
0.9626250000000001,0.96245,0.96346,0.9617249999999999,575
0.962445,0.9620200000000001,0.96246,0.9616199999999999,112
0.961865,0.9621500000000001,0.9635100000000001,0.96116,4590
0.962145,0.9624550000000001,0.962835,0.9616100000000001,2498
0.96246,0.96339,0.963425,0.96244,3187
0.963385,0.96329,0.963435,0.96303,3095
0.963295,0.9640200000000001,0.9643349999999999,0.963295,5522
0.9640150000000001,0.9643550000000001,0.96458,0.9640150000000001,5621
0.96435,0.96401,0.964365,0.963395,5773
0.9640150000000001,0.962835,0.96406,0.962725,6775
0.9628399999999999,0.962715,0.96299,0.9621,5203
0.96272,0.96257,0.96304,0.9624900000000001,4223
0.962575,0.963275,0.96329,0.96257,3671
0.9632700000000001,0.96339,0.96345,0.962915,3627
0.9633849999999999,0.96262,0.9633849999999999,0.96252,2316
0.96261,0.96298,0.963155,0.962415,2745
0.962985,0.96335,0.963685,0.9629300000000001,4212
0.963345,0.963665,0.9638599999999999,0.963345,4477
0.96367,0.9646699999999999,0.96482,0.9634499999999999,7836
0.96468,0.964575,0.96505,0.9641649999999999,7802
0.96457,0.964585,0.965375,0.963925,13082
0.9645900000000001,0.965365,0.9655050000000001,0.9642200000000001,8231
0.9653700000000001,0.9643900000000001,0.9660500000000001,0.964,12658
0.964395,0.9635400000000001,0.9644699999999999,0.963085,9251
0.963535,0.9629749999999999,0.963775,0.962315,10684
0.96297,0.9621299999999999,0.96316,0.961825,6429
0.962135,0.9634499999999999,0.96349,0.962095,7294
0.963445,0.963445,0.963975,0.96339,5822
0.9634499999999999,0.963615,0.963915,0.9627600000000001,7646
0.96363,0.964,0.964445,0.9634,7758
0.964005,0.96472,0.9650099999999999,0.9637800000000001,8332
0.964725,0.963875,0.964745,0.96375,7701
0.96387,0.963865,0.964275,0.96347,5976
0.963865,0.96406,0.96443,0.96368,5800
0.964075,0.965305,0.965595,0.963915,6971
0.9653149999999999,0.964875,0.9658150000000001,0.964515,9944
0.96486,0.96519,0.965445,0.96451,6051
0.9651799999999999,0.965295,0.96556,0.964865,5254
0.96529,0.965535,0.96568,0.965065,4241
0.9655400000000001,0.965215,0.965645,0.96489,3229
0.96521,0.96429,0.9653400000000001,0.96428,3233
0.96428,0.9647650000000001,0.965165,0.96421,2868
0.9647600000000001,0.96438,0.96492,0.9642200000000001,2594
0.96438,0.96472,0.9647349999999999,0.9641550000000001,3146
0.96471,0.964395,0.964785,0.964215,2620
0.9643900000000001,0.9642,0.96458,0.964185,2427
0.96419,0.96455,0.964655,0.96404,1585
0.964545,0.96424,0.9648300000000001,0.96408,1503
0.9639,0.96441,0.9645349999999999,0.9638249999999999,176
0.96435,0.96455,0.964565,0.96428,291
0.9645699999999999,0.964485,0.964755,0.9641,845
0.96448,0.96435,0.964665,0.9643200000000001,1078
0.9643600000000001,0.96458,0.964715,0.9642900000000001,1637
0.964585,0.96435,0.9647600000000001,0.96427,1606
0.9643550000000001,0.96404,0.9643900000000001,0.963835,2555
0.964035,0.96358,0.964175,0.9634050000000001,4376
0.96358,0.96272,0.9638,0.96265,5717
0.962725,0.962985,0.96311,0.9623200000000001,4458
0.96298,0.963425,0.9634849999999999,0.96296,2834
0.96343,0.96329,0.96356,0.9629650000000001,3369
0.963285,0.963465,0.96356,0.963125,2381
0.96347,0.96402,0.9641299999999999,0.96347,2733
0.9640249999999999,0.96408,0.96422,0.9639150000000001,2500
0.964075,0.964375,0.964385,0.964,2014
0.964365,0.96429,0.96451,0.963835,2835
0.9642949999999999,0.964905,0.96504,0.964195,3109
0.9649,0.9646399999999999,0.96507,0.96453,4040
0.9646349999999999,0.965435,0.96549,0.964145,5522
0.9654400000000001,0.964005,0.96556,0.963795,9332
0.964,0.96474,0.96535,0.963835,7413
0.964745,0.963445,0.9648049999999999,0.9631350000000001,7869
0.96345,0.96414,0.964735,0.96331,6355
0.964135,0.96636,0.966815,0.96411,6659
0.9663550000000001,0.965945,0.9663999999999999,0.96555,7532
0.96594,0.9641649999999999,0.9664900000000001,0.9635100000000001,13090
0.96417,0.9647950000000001,0.96504,0.964125,8843
0.96479,0.965115,0.96556,0.964745,7904
0.96512,0.964525,0.9653849999999999,0.96411,8287
0.96452,0.965705,0.96593,0.9643200000000001,7346
0.9657100000000001,0.963955,0.9657100000000001,0.963915,7510
0.9639500000000001,0.963265,0.964445,0.96296,9109
0.963275,0.963465,0.964745,0.963095,7246
0.96347,0.96242,0.96407,0.96207,10601
0.962415,0.962335,0.962625,0.961565,8355
0.96233,0.9639850000000001,0.964005,0.961965,6717
0.9639800000000001,0.963445,0.9640150000000001,0.9630799999999999,6509
0.9634400000000001,0.962765,0.96364,0.9626699999999999,5547
0.9627600000000001,0.9625049999999999,0.963205,0.96242,2688
0.9625,0.9625,0.962825,0.96208,4175
0.962495,0.9635100000000001,0.96366,0.962495,4012
0.9635050000000001,0.963045,0.9635050000000001,0.9627399999999999,4424
0.96304,0.96306,0.963285,0.9628,4037
0.96305,0.9629049999999999,0.9630749999999999,0.9627,3696
0.9629049999999999,0.96294,0.963055,0.96262,4868
0.96294,0.9629650000000001,0.963215,0.962595,2901
0.962955,0.96271,0.9632350000000001,0.96254,1343
0.9627950000000001,0.962765,0.96321,0.96265,151
0.962825,0.9629,0.9633849999999999,0.96255,859
0.96314,0.9623600000000001,0.963225,0.96221,3161
0.962365,0.962385,0.9624550000000001,0.962315,607
0.96239,0.962115,0.96243,0.96195,1784
0.9621200000000001,0.9623649999999999,0.96244,0.96209,1818
0.962365,0.96214,0.9626399999999999,0.961835,3911
0.962135,0.96224,0.962485,0.961735,3776
0.962245,0.9624550000000001,0.9624600000000001,0.961905,4323
0.9624600000000001,0.961865,0.9626049999999999,0.9616750000000001,6347
0.96187,0.9623999999999999,0.96263,0.961735,3776
0.962405,0.962265,0.962495,0.962005,3268
0.96227,0.961865,0.96228,0.96177,2439
0.9618599999999999,0.962075,0.96209,0.961695,2252
0.962065,0.9616750000000001,0.96213,0.9616,2378
0.96167,0.961705,0.961835,0.9615400000000001,2143
0.9617,0.96155,0.96193,0.961505,1984
0.961555,0.96161,0.9619599999999999,0.96149,3244
0.961605,0.9619500000000001,0.962015,0.96107,6434
0.961945,0.96313,0.963315,0.96155,5062
0.963125,0.96279,0.9631350000000001,0.962065,9320
0.96279,0.962325,0.9638249999999999,0.962095,8752
0.9623200000000001,0.96168,0.96233,0.9612,8461
0.9616849999999999,0.961335,0.961695,0.96078,5388
0.96133,0.96053,0.961405,0.960475,6301
0.9605250000000001,0.96148,0.961545,0.9604900000000001,6601
0.961485,0.961145,0.96156,0.96107,5369
0.96115,0.961455,0.9615149999999999,0.9608300000000001,4889
0.96146,0.961425,0.961485,0.960485,6279
0.961435,0.96243,0.962535,0.961235,6994
0.9624250000000001,0.96074,0.962815,0.960735,7912
0.96075,0.9620500000000001,0.962265,0.96075,10052
0.962055,0.961495,0.9620599999999999,0.96037,7415
0.9615,0.96261,0.9629099999999999,0.9606049999999999,7524
0.9626049999999999,0.964035,0.96407,0.96194,8837
0.9640299999999999,0.964285,0.965025,0.963525,8121
0.9642949999999999,0.9645600000000001,0.96497,0.96394,7403
0.964565,0.9653,0.965635,0.96409,6564
0.96529,0.9655400000000001,0.9656100000000001,0.964325,5362
0.9655450000000001,0.96559,0.965945,0.965075,4035
0.96558,0.964815,0.965665,0.96452,4426
0.96481,0.964375,0.965445,0.963955,5742
0.96436,0.963055,0.9647,0.962275,13020
0.96305,0.959075,0.965785,0.958835,29087
0.959055,0.9590449999999999,0.95997,0.958835,16012
0.95904,0.958995,0.95947,0.958395,8794
0.95899,0.959175,0.9593799999999999,0.95875,5461
0.9591700000000001,0.9595400000000001,0.960125,0.95877,2233
0.9597249999999999,0.9595899999999999,0.959905,0.959355,247
0.95964,0.9594149999999999,0.959805,0.9592449999999999,756
0.9594050000000001,0.9595899999999999,0.95984,0.959245,1778
0.9595899999999999,0.9590650000000001,0.9599150000000001,0.959025,2412
0.95907,0.95865,0.95909,0.958515,1969
0.958655,0.95841,0.95869,0.95827,2254
0.9583999999999999,0.959465,0.95949,0.957905,5354
0.95946,0.95936,0.95989,0.9590000000000001,5141
0.959355,0.958295,0.95958,0.9579850000000001,8687
0.9582900000000001,0.958235,0.95842,0.957235,10477
0.95824,0.9583900000000001,0.95879,0.957955,6794
0.958385,0.957945,0.9586349999999999,0.95782,5210
0.95795,0.9577150000000001,0.95801,0.9575400000000001,4110
0.9577100000000001,0.958575,0.95874,0.9576549999999999,3629
0.958575,0.958535,0.95915,0.9583999999999999,3055
0.95854,0.959025,0.95922,0.958175,6316
0.959025,0.9587650000000001,0.95928,0.958755,3504
0.95877,0.958725,0.95896,0.958205,5329
0.958735,0.9586,0.95894,0.95808,8277
0.958595,0.95868,0.95976,0.95795,9281
0.95869,0.959635,0.960485,0.958475,11097
0.959625,0.9590000000000001,0.96028,0.958835,10514
0.958995,0.9583550000000001,0.95966,0.95807,9728
0.95835,0.95743,0.95863,0.95739,8453
0.957445,0.95736,0.958125,0.95686,9686
0.957355,0.959735,0.9597450000000001,0.9573400000000001,11407
0.95973,0.9597249999999999,0.96007,0.959155,9694
0.95972,0.96134,0.962,0.959585,10438
0.961345,0.962045,0.96261,0.96131,8392
0.9620500000000001,0.962375,0.96321,0.961975,9225
0.96238,0.9613799999999999,0.96313,0.959395,16823
0.9613849999999999,0.95738,0.9618249999999999,0.956625,24031
0.957375,0.9567950000000001,0.95854,0.955875,19576
0.9568,0.957835,0.9590449999999999,0.955965,12901
0.957795,0.956855,0.958035,0.9566749999999999,11565
0.95685,0.956305,0.95714,0.956,8995
0.95628,0.9561649999999999,0.957705,0.9557450000000001,7901
0.95617,0.9568650000000001,0.9571700000000001,0.9558800000000001,7549
0.95687,0.957655,0.9580500000000001,0.956865,5597
0.957665,0.95656,0.95785,0.95654,4764
0.956555,0.95624,0.9566399999999999,0.955775,5161
0.956235,0.956495,0.956615,0.956025,3386
0.956485,0.95592,0.95702,0.95581,4212
0.9559249999999999,0.9552700000000001,0.956225,0.95524,4986
0.95526,0.9547,0.9553050000000001,0.9544699999999999,4068
0.954705,0.955085,0.955185,0.954675,3156
0.95509,0.954785,0.9551149999999999,0.954645,1646
0.95479,0.954785,0.954875,0.9545049999999999,1336
0.95593,0.954895,0.95631,0.954735,209
0.9549000000000001,0.955175,0.955225,0.9546749999999999,502
0.95499,0.95506,0.95535,0.95458,1840
0.955055,0.95463,0.955055,0.95462,1581
0.9546399999999999,0.95475,0.95492,0.9546250000000001,2476
0.954745,0.954435,0.955145,0.95443,2417
0.95443,0.95477,0.9550000000000001,0.954075,5172
0.954765,0.95417,0.954835,0.953685,5775
0.9541649999999999,0.9542200000000001,0.9544950000000001,0.95396,5201
0.9542299999999999,0.9543550000000001,0.95459,0.95393,4397
0.95436,0.95418,0.95456,0.9540299999999999,3439
0.9541850000000001,0.954215,0.954515,0.9541,3492
0.95421,0.9533400000000001,0.95441,0.952715,7042
0.953335,0.952025,0.9534400000000001,0.95145,8248
0.9520299999999999,0.951875,0.95212,0.95148,5767
0.9518800000000001,0.9524900000000001,0.95265,0.951865,4005
0.9524950000000001,0.951365,0.9524950000000001,0.95104,6278
0.95137,0.95162,0.95166,0.950985,7243
0.951615,0.951045,0.951695,0.950945,11528
0.95105,0.9506600000000001,0.9517150000000001,0.9505,10519
0.950655,0.951325,0.951905,0.950195,12801
0.9513149999999999,0.95198,0.953075,0.95131,11177
0.9519850000000001,0.9519299999999999,0.953215,0.951525,9875
0.951925,0.952565,0.9532,0.9519,8350
0.9525600000000001,0.953295,0.95383,0.951835,8962
0.9533,0.9532750000000001,0.9537,0.95233,7321
0.95328,0.953145,0.95381,0.952695,8305
0.9531499999999999,0.9516249999999999,0.953155,0.95147,8641
0.95163,0.95354,0.9536,0.9516249999999999,7827
0.9535450000000001,0.954365,0.954465,0.953175,10181
0.9543699999999999,0.9552849999999999,0.956225,0.9543200000000001,11486
0.95528,0.956985,0.95715,0.9550799999999999,17949
0.95699,0.957795,0.95943,0.9569749999999999,14017
0.95779,0.95785,0.9591050000000001,0.95766,11148
0.95784,0.956095,0.95889,0.9559,14135
0.9560949999999999,0.95241,0.956245,0.952375,19190
0.952405,0.951275,0.95269,0.951085,14204
0.95126,0.951335,0.95245,0.951025,8699
0.951335,0.9521200000000001,0.95221,0.95079,6199
0.952125,0.95224,0.953005,0.952045,6000
0.952245,0.95312,0.953365,0.95217,4224
0.953125,0.95255,0.953335,0.9521649999999999,3513
0.952545,0.95238,0.952715,0.952145,3173
0.952375,0.951895,0.95306,0.95187,4094
0.9518949999999999,0.95255,0.952675,0.95164,3611
0.952545,0.95194,0.952825,0.951745,4739
0.95194,0.95097,0.95215,0.95092,3288
0.950965,0.9512849999999999,0.9516249999999999,0.95093,1625
0.9521,0.951925,0.95227,0.951585,163
0.95189,0.9518249999999999,0.95197,0.9516,164
0.951825,0.952885,0.953635,0.95169,2628
0.95288,0.9523699999999999,0.95292,0.9521999999999999,1126
0.95236,0.952955,0.953055,0.952245,1106
0.95296,0.95292,0.953265,0.95282,2353
0.952915,0.951635,0.9529799999999999,0.951235,6266
0.95164,0.95163,0.952105,0.951425,6827
0.951635,0.9505399999999999,0.9518599999999999,0.95043,9929
0.950545,0.95078,0.9510799999999999,0.95046,7934
0.9507699999999999,0.95019,0.9508700000000001,0.9501200000000001,3926
0.9501850000000001,0.950155,0.950415,0.950115,3842
0.95015,0.951005,0.951155,0.95013,4322
0.951,0.95113,0.95124,0.950805,2960
0.95112,0.950905,0.9516100000000001,0.9507,3325
0.9509,0.9511499999999999,0.9513199999999999,0.95065,3400
0.9511449999999999,0.9507749999999999,0.95126,0.950715,2722
0.95078,0.951145,0.951455,0.9507099999999999,3335
0.9511499999999999,0.95082,0.951415,0.95067,6062
0.9508099999999999,0.95051,0.9511000000000001,0.949735,6118
0.9505,0.9507099999999999,0.95084,0.9500550000000001,7474
0.950715,0.9510000000000001,0.9512400000000001,0.95028,7468
0.950995,0.951125,0.951905,0.950855,6538
0.95112,0.94964,0.951125,0.9495100000000001,7620
0.94963,0.949635,0.949935,0.9490700000000001,5308
0.94963,0.9485950000000001,0.94963,0.9483699999999999,7303
0.94859,0.948725,0.948895,0.94826,5167
0.9487300000000001,0.949625,0.9497599999999999,0.94838,6804
0.94962,0.949685,0.94994,0.9492400000000001,7185
0.9496899999999999,0.949885,0.950285,0.94938,6461
0.9498800000000001,0.949825,0.9504699999999999,0.948755,7578
0.94982,0.94966,0.95043,0.949465,8951
0.9496549999999999,0.9495450000000001,0.950305,0.948225,13261
0.94955,0.9499150000000001,0.950315,0.9494,11371
0.94992,0.95023,0.951525,0.949255,16383
0.950225,0.94957,0.95028,0.948795,11377
0.949565,0.949065,0.94998,0.948545,7099
0.949075,0.9488300000000001,0.9493050000000001,0.94827,5378
0.9488350000000001,0.9498599999999999,0.949925,0.9485950000000001,3921
0.9498500000000001,0.94949,0.950015,0.94926,3412
0.9495,0.95072,0.95092,0.949495,3456
0.950715,0.950885,0.951025,0.950395,3719
0.95088,0.951325,0.951605,0.950785,3247
0.9513199999999999,0.950385,0.95164,0.95033,4534
0.9503900000000001,0.9504049999999999,0.950805,0.950315,4049
0.95042,0.950135,0.95048,0.9498599999999999,2484
0.9501299999999999,0.950015,0.950235,0.9499,1876
0.950015,0.949925,0.95021,0.9499150000000001,1057
0.9497,0.949945,0.950175,0.9495,175
0.94986,0.9498949999999999,0.950415,0.949705,671
0.9501,0.9506600000000001,0.950725,0.9496549999999999,2611
0.9506600000000001,0.95003,0.9506600000000001,0.949955,1222
0.95004,0.9499150000000001,0.95021,0.94972,2012
0.94992,0.95017,0.950575,0.949865,2776
0.950155,0.94906,0.9504349999999999,0.94894,6459
0.94905,0.948415,0.94941,0.94704,10000
0.94841,0.94876,0.9492050000000001,0.948125,7756
0.9487650000000001,0.9490149999999999,0.949165,0.94797,8747
0.94901,0.94937,0.949775,0.948705,6270
0.949375,0.94922,0.94979,0.94901,4686
0.949225,0.9500649999999999,0.950455,0.94919,6505
0.95007,0.9500649999999999,0.9503900000000001,0.9497,3616
0.95007,0.9497599999999999,0.950175,0.949585,2569
0.949765,0.94973,0.9500550000000001,0.9494849999999999,5912
0.94973,0.94962,0.95015,0.949585,6405
0.949615,0.95053,0.950685,0.949525,5516
0.950525,0.9511000000000001,0.95143,0.950415,8045
0.951105,0.951945,0.951945,0.9510700000000001,8013
0.951945,0.952435,0.9525399999999999,0.951365,8669
0.9524250000000001,0.952225,0.95338,0.9516,11503
0.9522250000000001,0.95165,0.952615,0.95086,10751
0.9516549999999999,0.951575,0.95223,0.95147,7992
0.95158,0.951665,0.952,0.95136,6663
0.95167,0.951095,0.9519249999999999,0.950515,8075
0.951085,0.9518599999999999,0.9518599999999999,0.951055,5611
0.951855,0.952895,0.9529650000000001,0.95173,6488
0.95289,0.951815,0.95305,0.9517,7800
0.95182,0.952465,0.952665,0.951685,7576
0.95246,0.952295,0.953075,0.952175,9443
0.9522900000000001,0.952315,0.9526,0.95197,10839
0.95231,0.953535,0.954575,0.9521,13438
0.95354,0.954325,0.9549449999999999,0.952215,17363
0.9543200000000001,0.9551799999999999,0.95598,0.95407,17551
0.955175,0.95387,0.95587,0.953625,18773
0.953865,0.9531000000000001,0.954885,0.9529350000000001,13735
0.953095,0.954075,0.9546049999999999,0.95234,11208
0.954085,0.9537100000000001,0.95447,0.9534750000000001,8338
0.953715,0.95396,0.954525,0.9535899999999999,6206
0.953965,0.9557249999999999,0.956245,0.9538249999999999,7737
0.95572,0.955975,0.956815,0.955715,7491
0.95598,0.956045,0.956975,0.955975,6368
0.956045,0.956955,0.957175,0.955705,6057
0.956955,0.956835,0.957075,0.9562200000000001,4165
0.9568399999999999,0.957195,0.9573750000000001,0.956395,4683
0.9572,0.95736,0.957505,0.957105,2827
0.957355,0.9573499999999999,0.95749,0.95728,1581
0.956655,0.9572400000000001,0.9577450000000001,0.95655,246
0.9572149999999999,0.95763,0.957695,0.957195,458
0.9576,0.95679,0.957735,0.95659,3395
0.9567950000000001,0.9574800000000001,0.957525,0.95674,1881
0.95747,0.95861,0.958705,0.957385,3646
0.958605,0.95842,0.95868,0.958205,4598
0.9584250000000001,0.95874,0.95907,0.957875,7086
0.958725,0.95851,0.95888,0.95804,5240
0.958515,0.957635,0.9586049999999999,0.9571799999999999,7621
0.95764,0.9572849999999999,0.958115,0.9572,6206
0.95728,0.957025,0.9574,0.95684,4789
0.95703,0.956305,0.957065,0.95613,5194
0.9562999999999999,0.9561200000000001,0.9564299999999999,0.955675,5637
0.956115,0.9546950000000001,0.95615,0.9546049999999999,4951
0.95469,0.954405,0.9548099999999999,0.95424,6706
0.9544,0.9549300000000001,0.95519,0.95425,4693
0.954935,0.95587,0.9559249999999999,0.95485,4196
0.955875,0.956145,0.956205,0.95558,5114
0.95614,0.9567049999999999,0.9570799999999999,0.956015,6952
0.95664,0.95824,0.9584950000000001,0.956225,9216
0.958235,0.957445,0.958485,0.95721,12765
0.9574400000000001,0.9582900000000001,0.958935,0.956935,9927
0.958285,0.9576,0.95829,0.95733,7825
0.957575,0.95924,0.959595,0.95755,8700
0.9592350000000001,0.958615,0.959525,0.9585250000000001,8083
0.95862,0.95956,0.9598150000000001,0.9583900000000001,6428
0.95956,0.9601200000000001,0.960315,0.95825,9001
0.960125,0.9585250000000001,0.96016,0.9583200000000001,8373
0.958515,0.957145,0.9586349999999999,0.9570449999999999,8225
0.95714,0.95885,0.958915,0.957015,9447
0.958855,0.959625,0.95963,0.958565,8147
0.9596199999999999,0.959645,0.9602550000000001,0.959075,10436
0.95965,0.961015,0.961405,0.959625,9546
0.9610099999999999,0.96103,0.961455,0.96063,10483
0.961025,0.9638500000000001,0.9651700000000001,0.961025,21163
0.9638450000000001,0.9643200000000001,0.96516,0.9633700000000001,16601
0.96433,0.96401,0.964925,0.9637,10470
0.964005,0.9633149999999999,0.96433,0.96323,8107
0.9633050000000001,0.9619150000000001,0.96348,0.96148,7472
0.96192,0.962665,0.96295,0.9616750000000001,4840
0.9626699999999999,0.9623900000000001,0.963035,0.96224,3800
0.962395,0.9617150000000001,0.9623999999999999,0.9616100000000001,3324
0.9617100000000001,0.961875,0.96214,0.96155,3329
0.96187,0.96238,0.96265,0.96177,4696
0.9623900000000001,0.9612799999999999,0.9623900000000001,0.961215,4219
0.961275,0.96079,0.9614400000000001,0.96053,3889
0.960785,0.96045,0.960795,0.9602200000000001,2483
0.960445,0.9602999999999999,0.96046,0.960175,1498
0.9604699999999999,0.960655,0.96115,0.9601850000000001,166
0.96061,0.9606300000000001,0.9609300000000001,0.9604900000000001,345
0.9605600000000001,0.96107,0.96128,0.9601200000000001,1232
0.9610650000000001,0.96095,0.96107,0.960855,538
0.9609449999999999,0.96149,0.9615100000000001,0.9609449999999999,1050
0.961485,0.961265,0.961485,0.9611350000000001,1572
0.961275,0.9615199999999999,0.9617249999999999,0.9608650000000001,5292
0.961525,0.9605600000000001,0.96162,0.96046,5378
0.960565,0.96035,0.96082,0.96025,6046
0.96036,0.9611350000000001,0.961185,0.9601999999999999,5006
0.961145,0.960925,0.961145,0.9608099999999999,3021
0.9609300000000001,0.96104,0.961285,0.96086,3361
0.9610350000000001,0.9611799999999999,0.961425,0.96085,2555
0.961175,0.96122,0.961445,0.96112,2288
0.9612149999999999,0.96096,0.961315,0.96096,2449
0.9609650000000001,0.961055,0.96119,0.9607650000000001,2544
0.96105,0.960755,0.96131,0.960635,2865
0.9607600000000001,0.96129,0.9614849999999999,0.960715,5083
0.96128,0.961815,0.96212,0.961185,7029
0.96182,0.96156,0.9619800000000001,0.9611449999999999,7382
0.96155,0.96151,0.962295,0.9609,9213
0.9615,0.9613750000000001,0.961695,0.961055,7284
0.96138,0.96165,0.96177,0.960825,6481
0.9616549999999999,0.9609,0.9618599999999999,0.960655,7338
0.960895,0.959525,0.9611449999999999,0.959485,5547
0.9595199999999999,0.95972,0.9597800000000001,0.95869,5544
0.959725,0.95939,0.96009,0.95933,5528
0.959395,0.9595,0.9597549999999999,0.959005,5204
0.959505,0.95977,0.96046,0.9593400000000001,13130
0.959775,0.960005,0.96112,0.95974,8747
0.96001,0.959275,0.9603200000000001,0.959095,10499
0.959265,0.958885,0.95962,0.958015,12064
0.95889,0.960305,0.96068,0.95867,11993
0.9602999999999999,0.958815,0.96062,0.958645,14736
0.95882,0.9586699999999999,0.95921,0.957705,11375
0.958665,0.95723,0.95928,0.9570799999999999,13584
0.957225,0.957005,0.957855,0.9566049999999999,10693
0.956995,0.9564349999999999,0.957805,0.95642,7431
0.95644,0.9556100000000001,0.9568099999999999,0.955485,6826
0.955605,0.955655,0.9560249999999999,0.95513,7265
0.95565,0.9554199999999999,0.955955,0.955325,4825
0.95543,0.955535,0.9556549999999999,0.95526,3891
0.955535,0.9552149999999999,0.955655,0.9550799999999999,4410
0.95521,0.9544900000000001,0.9552700000000001,0.954405,4673
0.954485,0.954755,0.9548350000000001,0.954425,4346
0.954755,0.95497,0.955165,0.95463,4932
0.95497,0.9552,0.955365,0.95477,2787
0.955195,0.95496,0.9553400000000001,0.954925,1392
0.95502,0.95504,0.95553,0.954755,160
0.95505,0.95509,0.95521,0.954855,259
0.9551149999999999,0.955335,0.955505,0.954555,4071
0.95533,0.954935,0.95537,0.9549300000000001,705
0.95492,0.95409,0.9549399999999999,0.95393,2730
0.954095,0.95404,0.9544349999999999,0.953965,3420
0.9540500000000001,0.95553,0.95558,0.9538949999999999,5850
0.955535,0.95556,0.95572,0.9551000000000001,6120
0.955565,0.95574,0.9560200000000001,0.95523,5020
0.955735,0.9560550000000001,0.95647,0.955595,6102
0.9560500000000001,0.956345,0.9564349999999999,0.955595,3994
0.95634,0.95658,0.956685,0.9562299999999999,2768
0.95659,0.956405,0.9566,0.95618,2211
0.9563999999999999,0.956225,0.95646,0.9560599999999999,3167
0.95623,0.956465,0.95661,0.95621,1793
0.9564699999999999,0.95653,0.9565950000000001,0.95627,2290
0.9565250000000001,0.95653,0.95709,0.95638,2993
0.9565250000000001,0.95661,0.957025,0.956275,4478
0.9566049999999999,0.95676,0.957095,0.95639,5693
0.956765,0.95667,0.957445,0.956595,6085
0.956665,0.95675,0.957195,0.95658,7183
0.956755,0.956155,0.956855,0.95596,7887
0.95616,0.95689,0.95739,0.95609,7714
0.956885,0.95573,0.956995,0.955515,5354
0.9557249999999999,0.95472,0.95573,0.9543699999999999,6656
0.954725,0.9548,0.955385,0.95472,5689
0.954805,0.9539599999999999,0.954925,0.953925,5091
0.953965,0.9553400000000001,0.9557100000000001,0.9537800000000001,6515
0.95533,0.9556,0.955955,0.95529,5618
0.955595,0.955425,0.955865,0.95524,6886
0.955435,0.9557599999999999,0.955975,0.955245,8226
0.95578,0.96221,0.96252,0.9557599999999999,34543
0.9621850000000001,0.963035,0.96444,0.961875,20152
0.96304,0.9618,0.96367,0.96159,19098
0.961795,0.9624550000000001,0.96271,0.96139,18797
0.96245,0.96304,0.96323,0.96188,13657
0.9630449999999999,0.964705,0.965,0.96289,9166
0.964675,0.963525,0.96471,0.96343,8192
0.9635199999999999,0.96282,0.96383,0.962615,6434
0.9628300000000001,0.962255,0.96307,0.961735,6945
0.96226,0.961685,0.962315,0.961165,7655
0.961695,0.96164,0.9622850000000001,0.96146,6873
0.9616450000000001,0.961795,0.9622850000000001,0.9613750000000001,5484
0.9617899999999999,0.962,0.962415,0.96147,5586
0.962,0.961885,0.9622299999999999,0.961435,4946
0.9618899999999999,0.96214,0.96214,0.9614,4702
0.962135,0.9619150000000001,0.9622850000000001,0.961865,2851
0.96192,0.961905,0.9620949999999999,0.961605,2449
0.96181,0.961875,0.96238,0.96146,152
0.961865,0.9618899999999999,0.9619599999999999,0.96156,104
0.9618800000000001,0.96254,0.962785,0.96181,4013
0.962545,0.962395,0.96256,0.96222,771
0.962385,0.962045,0.962385,0.961975,1452
0.9620500000000001,0.9621999999999999,0.962335,0.96185,2291
0.962205,0.9634199999999999,0.9635199999999999,0.9620500000000001,6388
0.963425,0.962725,0.9635199999999999,0.962655,5522
0.96273,0.962305,0.9629350000000001,0.96212,4700
0.9622999999999999,0.9619850000000001,0.9623250000000001,0.9618249999999999,3424
0.96199,0.961485,0.9622649999999999,0.96147,3146
0.961475,0.9614199999999999,0.96159,0.96132,2589
0.961425,0.961655,0.961875,0.9614050000000001,2330
0.96166,0.9613750000000001,0.96174,0.96133,2084
0.9613700000000001,0.96151,0.96176,0.9613400000000001,2183
0.96152,0.961185,0.961665,0.9611149999999999,1803
0.96119,0.9614400000000001,0.96153,0.961125,2737
0.961435,0.9609350000000001,0.961565,0.960855,3733
0.960925,0.96066,0.96123,0.960065,6537
0.960665,0.960765,0.961515,0.960575,6720
0.96077,0.959695,0.96096,0.959625,8195
0.9596899999999999,0.957255,0.95975,0.95694,8261
0.957265,0.9587,0.958825,0.9572,6612
0.95871,0.958235,0.9592849999999999,0.9580599999999999,6965
0.9582299999999999,0.958665,0.9592,0.958215,4796
0.9586600000000001,0.9586250000000001,0.95919,0.95852,5215
0.95862,0.958145,0.9586749999999999,0.9573499999999999,5671
0.9581550000000001,0.957445,0.9583999999999999,0.95731,6047
0.9574499999999999,0.95737,0.95758,0.956725,6388
0.95736,0.9567,0.957865,0.956645,5861
0.956705,0.9576549999999999,0.9578850000000001,0.95646,6501
0.957665,0.95747,0.95828,0.9573499999999999,6670
0.957465,0.95662,0.957845,0.9565699999999999,7341
0.956615,0.9539500000000001,0.9568,0.953805,11383
0.953955,0.9526600000000001,0.954075,0.952225,11548
0.952655,0.9533849999999999,0.95383,0.952465,9578
0.95338,0.953475,0.953855,0.952525,7105
0.95348,0.954635,0.95489,0.953465,5532
0.954635,0.954955,0.95519,0.95408,4362
0.95496,0.95526,0.95546,0.954805,3216
0.955255,0.955125,0.955415,0.95472,3818
0.95513,0.95494,0.95555,0.954695,3919
0.954935,0.955625,0.9558150000000001,0.95458,4265
0.95563,0.9562900000000001,0.956345,0.955375,3619
0.9562900000000001,0.95621,0.95639,0.95592,2861
0.956225,0.955985,0.95657,0.95593,3242
0.9559850000000001,0.95553,0.9559949999999999,0.95541,2520
0.955535,0.9554,0.95573,0.9553050000000001,828
0.955335,0.955545,0.9556100000000001,0.9552099999999999,18
