136.897,137.113,137.279,136.8945,16528
137.111,137.016,137.192,137.001,7773
137.01600000000002,137.036,137.06900000000002,136.7955,8688
137.035,137.003,137.04000000000002,136.88,5100
137.00400000000002,137.022,137.09,136.9975,4490
137.023,136.95600000000002,137.04649999999998,136.943,4600
136.957,136.988,136.989,136.904,3907
136.989,136.99,137.07549999999998,136.9735,5522
136.99099999999999,137.039,137.1575,136.989,6527
137.039,136.999,137.051,136.903,8824
136.998,136.988,137.034,136.939,5996
136.989,136.781,136.99,136.749,8652
136.78199999999998,136.807,136.858,136.7105,6367
136.80700000000002,136.846,136.85399999999998,136.7745,6105
136.847,136.973,136.9765,136.82049999999998,4612
136.972,136.986,137.0245,136.9445,4076
136.98700000000002,137.00900000000001,137.057,136.9715,4130
137.00799999999998,137.04899999999998,137.109,136.994,3231
137.05,137.086,137.0895,137.025,2946
137.086,137.209,137.213,137.04649999999998,3854
137.208,137.349,137.3915,137.1255,5938
137.35,137.421,137.4805,137.3145,7390
137.42000000000002,137.59199999999998,137.692,137.397,10148
137.593,137.596,137.755,137.553,11312
137.596,137.441,137.686,137.31900000000002,8670
137.438,137.482,137.485,137.309,5927
137.483,137.45100000000002,137.548,137.3915,6278
137.45,137.339,137.4835,137.28750000000002,7380
137.34,137.291,137.386,137.276,4237
137.292,137.375,137.3865,137.2865,4181
137.374,137.401,137.435,137.37349999999998,3816
137.39999999999998,137.393,137.425,137.33800000000002,3396
137.393,137.315,137.4035,137.3135,3231
137.316,137.319,137.3535,137.291,4538
137.31900000000002,137.296,137.329,137.29149999999998,3391
137.29500000000002,137.39100000000002,137.3985,137.25549999999998,3673
137.391,137.382,137.4595,137.369,3869
137.38299999999998,137.426,137.447,137.36950000000002,2037
137.425,137.435,137.4615,137.394,1183
137.42899999999997,137.438,137.4555,137.41199999999998,2077
137.437,137.43200000000002,137.4435,137.428,241
137.435,137.31900000000002,137.44799999999998,137.317,2887
137.32,137.353,137.399,137.31900000000002,1984
137.352,137.374,137.3745,137.279,2449
137.372,137.418,137.4315,137.334,3109
137.417,137.308,137.4505,137.178,9303
137.30700000000002,137.232,137.3155,137.143,10032
137.231,137.248,137.346,137.188,9500
137.249,137.074,137.25,137.03300000000002,8707
137.07299999999998,137.167,137.203,137.06900000000002,6798
137.168,137.139,137.2015,137.1005,5206
137.13799999999998,137.17700000000002,137.2015,137.113,4790
137.178,137.245,137.247,137.147,3660
137.24599999999998,137.29399999999998,137.339,137.24450000000002,3825
137.29500000000002,137.29399999999998,137.333,137.26049999999998,3448
137.29500000000002,137.334,137.3715,137.272,3895
137.33499999999998,137.44299999999998,137.535,137.333,5050
137.442,137.30700000000002,137.4425,137.184,8355
137.30599999999998,137.378,137.5275,137.29899999999998,8044
137.377,137.235,137.451,137.21300000000002,9868
137.234,137.344,137.365,137.18200000000002,7544
137.343,137.172,137.3465,137.132,6912
137.173,137.21300000000002,137.29250000000002,137.147,6689
137.213,137.15,137.236,137.118,7622
137.148,136.9,137.21,136.869,8180
136.9,136.914,136.969,136.7975,6845
136.914,136.85,136.985,136.836,5448
136.848,136.638,136.86599999999999,136.6285,8293
136.638,136.78,136.80849999999998,136.625,7971
136.78,136.806,136.8305,136.6485,8279
136.805,136.666,136.85500000000002,136.666,8154
136.667,136.676,136.7215,136.58,8435
136.676,136.585,136.726,136.566,6928
136.58499999999998,136.605,136.673,136.476,7605
136.605,136.648,136.70850000000002,136.56900000000002,7360
136.645,136.652,136.692,136.575,5540
136.65300000000002,136.677,136.7425,136.647,4958
136.678,136.726,136.757,136.665,4088
136.72500000000002,136.684,136.7335,136.6585,3364
136.683,136.739,136.77249999999998,136.668,4194
136.738,136.755,136.79250000000002,136.731,3333
136.755,136.775,136.7985,136.73250000000002,2096
136.774,136.75799999999998,136.793,136.74,2244
136.75900000000001,136.789,136.8225,136.74599999999998,2462
136.788,136.811,136.8365,136.774,2689
136.81,136.808,136.8665,136.801,1723
136.80599999999998,136.873,136.8875,136.8055,1675
136.821,136.82999999999998,136.85399999999998,136.8145,1969
136.83100000000002,136.83499999999998,136.865,136.82049999999998,381
136.834,136.84199999999998,136.85950000000003,136.8075,5353
136.84300000000002,136.862,136.8955,136.841,2455
136.862,136.788,136.90949999999998,136.772,3668
136.789,136.736,136.8315,136.69650000000001,3271
136.737,136.897,136.913,136.69549999999998,7345
136.898,136.934,137.04899999999998,136.8955,7746
136.934,137.183,137.215,136.93,8928
137.184,137.143,137.25799999999998,137.099,5408
137.144,137.114,137.2025,137.097,5261
137.113,137.078,137.168,137.0645,4149
137.079,137.08100000000002,137.114,137.003,5607
137.07999999999998,137.128,137.183,137.05200000000002,4906
137.12900000000002,137.062,137.167,137.05450000000002,3696
137.063,137.04899999999998,137.074,136.99599999999998,4382
137.048,136.994,137.0745,136.966,5488
136.995,137.011,137.0335,136.941,4077
137.008,137.06,137.09550000000002,136.933,6758
137.062,137.207,137.21550000000002,137.03199999999998,4682
137.20600000000002,137.114,137.2545,137.103,9079
137.112,137.041,137.185,137.037,7250
137.042,137.136,137.159,137.035,6149
137.137,137.161,137.17450000000002,137.10950000000003,4980
137.161,137.108,137.204,137.09,4093
137.10899999999998,137.089,137.118,137.059,3233
137.08800000000002,137.055,137.154,137.055,3917
137.05599999999998,137.018,137.0845,136.98250000000002,3623
137.019,137.083,137.09449999999998,137.018,3699
137.082,137.047,137.131,137.04399999999998,4523
137.046,137.075,137.16,137.0075,5440
137.077,137.587,137.727,137.065,24505
137.586,137.562,137.67399999999998,137.408,14067
137.557,137.62,137.6225,137.411,6475
137.619,137.571,137.868,137.537,9902
137.568,137.152,137.636,137.0975,13929
137.151,137.342,137.38400000000001,137.147,10521
137.343,137.352,137.3955,137.27100000000002,6086
137.352,137.229,137.3965,137.19799999999998,5511
137.22899999999998,137.222,137.268,137.124,4849
137.223,137.14499999999998,137.27100000000002,137.12099999999998,5816
137.14600000000002,137.215,137.233,137.126,4110
137.216,137.196,137.3505,137.17399999999998,7617
137.195,137.332,137.332,137.1565,6335
137.329,137.316,137.351,137.3075,4161
137.31799999999998,137.311,137.37,137.293,2484
137.311,137.36700000000002,137.4035,137.311,2374
137.36599999999999,137.3475,137.4525,137.3245,1901
137.365,137.433,137.466,137.3505,3784
137.43,137.416,137.44,137.406,3879
137.417,137.361,137.427,137.335,2977
137.362,137.43200000000002,137.4555,137.351,2963
137.433,137.534,137.54649999999998,137.41449999999998,3174
137.53300000000002,137.636,137.654,137.507,5337
137.635,137.625,137.7045,137.594,7043
137.626,137.921,137.971,137.62,10765
137.92000000000002,137.873,138.014,137.833,10326
137.872,137.902,138.004,137.8665,9387
137.906,137.94299999999998,138.1285,137.76850000000002,10141
137.942,138.022,138.089,137.922,7551
138.02499999999998,137.963,138.071,137.925,6598
137.963,138.01999999999998,138.066,137.936,6625
138.02100000000002,138.015,138.0595,138.0,4773
138.014,138.239,138.288,137.998,7033
138.239,138.38400000000001,138.417,138.235,6855
138.38299999999998,138.423,138.483,138.3435,7086
138.42399999999998,138.595,138.6535,138.3905,8437
138.596,138.772,138.79149999999998,138.565,8521
138.779,138.93099999999998,138.9845,138.712,11657
138.93099999999998,139.102,139.174,138.862,11069
139.102,139.252,139.2945,139.0965,10852
139.252,139.077,139.39,138.9765,10544
139.078,138.773,139.083,138.6,14329
138.772,138.849,138.8895,138.663,12534
138.849,138.94,138.9435,138.7355,7892
138.94,139.065,139.0875,138.88,7980
139.065,139.019,139.2295,139.012,11696
139.018,138.869,139.023,138.737,11075
138.87,139.073,139.1035,138.834,12007
139.07,139.138,139.202,138.86950000000002,15777
139.13799999999998,139.22899999999998,139.2785,139.025,17167
139.229,139.137,139.3635,139.0235,16002
139.136,139.29899999999998,139.38,139.125,10170
139.299,139.247,139.3235,139.136,10267
139.245,139.123,139.279,139.03050000000002,11788
139.123,138.93,139.126,138.70749999999998,9950
138.931,139.087,139.135,138.9305,4997
139.087,138.947,139.182,138.94,8893
138.94400000000002,138.839,138.95600000000002,138.773,7389
138.84,138.948,138.95749999999998,138.82999999999998,6343
138.949,138.85000000000002,138.994,138.82600000000002,5280
138.851,138.852,138.941,138.72050000000002,5742
138.852,138.882,138.975,138.841,6017
138.882,138.906,138.924,138.8245,5054
138.906,138.898,138.95499999999998,138.8705,3438
138.897,138.965,138.99,138.8915,2052
138.94400000000002,138.966,138.972,138.92700000000002,190
138.966,138.983,138.99,138.96249999999998,434
138.982,139.079,139.13049999999998,138.9745,2762
139.077,139.04399999999998,139.0815,138.983,3513
139.043,139.012,139.078,139.0095,3064
139.013,138.98000000000002,139.027,138.927,3794
138.97899999999998,138.921,139.079,138.88400000000001,7952
138.921,138.861,139.023,138.8105,9255
138.861,138.887,138.93650000000002,138.769,8411
138.888,138.858,138.9475,138.7985,6124
138.85899999999998,138.97899999999998,139.0085,138.814,5524
138.98000000000002,138.91,138.9955,138.803,4358
138.909,138.995,139.007,138.8825,5703
138.99599999999998,139.005,139.09,138.98649999999998,3751
139.006,138.99099999999999,139.061,138.945,2667
138.99200000000002,139.03,139.0485,138.9565,2897
139.029,139.036,139.06,138.9875,4258
139.035,138.969,139.03750000000002,138.9185,4693
138.968,138.89100000000002,138.997,138.8345,6359
138.89,138.677,138.895,138.6685,8009
138.676,138.735,138.768,138.562,11527
138.73399999999998,138.917,138.94150000000002,138.709,7560
138.918,138.868,138.9315,138.793,3889
138.869,138.814,138.87900000000002,138.755,3369
138.813,138.81,138.85399999999998,138.7495,7424
138.81,138.78300000000002,138.827,138.666,6337
138.78199999999998,138.691,138.798,138.668,6671
138.69,138.701,138.76350000000002,138.64249999999998,6497
138.70100000000002,138.74099999999999,138.8365,138.6905,4713
138.74200000000002,138.688,138.7525,138.6585,4370
138.68900000000002,138.687,138.6895,138.607,7223
138.692,138.583,138.93349999999998,138.513,19142
138.582,138.801,138.84449999999998,138.551,11690
138.802,138.774,138.85500000000002,138.7215,6962
138.702,138.527,138.71800000000002,138.5155,9483
138.527,138.565,138.606,138.39,8800
138.565,138.493,138.662,138.47199999999998,5817
138.49200000000002,138.55700000000002,138.5865,138.49,5070
138.558,138.614,138.619,138.51,4201
138.613,138.55599999999998,138.643,138.55349999999999,2831
138.555,138.52100000000002,138.563,138.4785,3414
138.521,138.539,138.5515,138.503,2758
138.541,138.53699999999998,138.572,138.5245,2381
138.536,138.56900000000002,138.58100000000002,138.5325,2522
138.56799999999998,138.536,138.587,138.529,2007
138.535,138.537,138.56650000000002,138.50150000000002,2399
138.537,138.536,138.5565,138.497,2424
138.536,138.50400000000002,138.59449999999998,138.483,1490
138.56799999999998,138.551,138.56799999999998,138.4865,144
138.553,138.577,138.58100000000002,138.537,98
138.57799999999997,138.46699999999998,138.5965,138.4395,1890
138.466,138.44799999999998,138.52100000000002,138.446,1540
138.449,138.402,138.48000000000002,138.378,3111
138.402,138.299,138.477,138.278,3544
138.298,138.29500000000002,138.33550000000002,138.24450000000002,3935
138.294,138.18099999999998,138.32049999999998,138.15949999999998,4758
138.181,138.119,138.221,138.10899999999998,6180
138.118,138.10000000000002,138.135,138.031,5136
138.099,138.149,138.1575,138.0655,3771
138.14999999999998,138.19,138.20850000000002,138.0935,3317
138.19,138.271,138.274,138.163,3500
138.272,138.335,138.4565,138.2645,7283
138.33499999999998,138.327,138.38049999999998,138.272,3495
138.328,138.333,138.3655,138.301,2881
138.333,138.221,138.34199999999998,138.21949999999998,3468
138.22199999999998,138.292,138.2975,138.1365,4162
138.291,138.26,138.314,138.243,4683
138.26,138.22199999999998,138.268,138.153,5298
138.221,138.142,138.265,138.00900000000001,9063
138.141,138.088,138.161,138.04149999999998,5598
138.088,137.973,138.0895,137.8915,5710
137.974,138.11200000000002,138.14749999999998,137.963,6723
138.112,138.214,138.27949999999998,138.106,5528
138.21300000000002,138.226,138.28300000000002,138.171,3655
138.22500000000002,138.205,138.33249999999998,138.19,3913
138.20499999999998,138.212,138.231,138.154,4147
138.211,138.156,138.249,138.1175,7797
138.15699999999998,138.283,138.3145,138.15050000000002,5929
138.283,138.387,138.3945,138.26850000000002,5254
138.386,138.3,138.41899999999998,138.262,7852
138.302,138.27100000000002,138.44,138.21949999999998,7828
138.26999999999998,138.24200000000002,138.276,138.078,6531
138.241,138.086,138.246,138.0575,7244
138.087,138.035,138.12650000000002,137.96949999999998,10001
138.036,138.161,138.1905,138.0,6872
138.16,138.243,138.26999999999998,138.151,4287
138.243,138.136,138.244,138.103,3103
138.137,138.074,138.151,138.07,3009
138.07299999999998,138.065,138.075,138.015,2949
138.066,138.08100000000002,138.1175,138.04000000000002,4117
138.082,138.07999999999998,138.12900000000002,138.06,2923
138.079,138.048,138.10000000000002,138.0005,3554
138.04899999999998,138.028,138.051,137.998,2572
138.02800000000002,138.067,138.1005,138.027,3192
138.065,138.14100000000002,138.1565,138.06,3712
138.141,138.15,138.162,138.12,2057
138.091,138.14,138.2005,138.08350000000002,3545
138.137,138.139,138.166,138.075,1272
138.14,138.142,138.153,138.106,7056
138.141,138.252,138.254,138.13299999999998,2199
138.253,138.213,138.25400000000002,138.161,2674
138.214,138.261,138.357,138.2115,4623
138.26,138.38,138.39600000000002,138.2285,6356
138.37900000000002,138.239,138.38,138.18200000000002,7497
138.24,138.279,138.28949999999998,138.162,6247
138.27800000000002,138.175,138.311,138.1635,6842
138.175,138.25400000000002,138.288,138.175,5177
138.253,138.197,138.25799999999998,138.15300000000002,3348
138.19799999999998,138.07299999999998,138.19799999999998,138.03750000000002,4681
138.072,137.999,138.107,137.98149999999998,6567
138.0,138.02499999999998,138.06900000000002,137.938,4561
138.02499999999998,138.091,138.1105,138.00400000000002,3627
138.091,137.988,138.1105,137.957,3758
137.988,138.0,138.03449999999998,137.941,3971
137.999,137.952,138.00150000000002,137.8275,6236
137.952,137.805,137.952,137.70749999999998,6558
137.80599999999998,137.999,138.011,137.756,7328
137.99599999999998,137.741,138.022,137.712,8475
137.74099999999999,137.724,137.80849999999998,137.625,9404
137.724,137.724,137.798,137.6815,5061
137.724,137.67399999999998,137.762,137.57,6705
137.675,137.696,137.748,137.599,7042
137.697,137.587,137.699,137.513,5587
137.588,137.48000000000002,137.63850000000002,137.47,6101
137.48,137.494,137.54500000000002,137.439,6569
137.493,137.48,137.5135,137.382,6890
137.481,137.724,137.764,137.476,11172
137.723,137.647,137.7255,137.566,6846
137.648,137.52499999999998,137.68900000000002,137.4475,7032
137.52499999999998,137.659,137.675,137.46300000000002,6144
137.66,137.852,137.87,137.49849999999998,8812
137.854,137.876,137.96699999999998,137.801,11338
137.874,137.844,137.883,137.7335,6921
137.844,137.941,137.9665,137.8315,5123
137.941,137.939,138.0165,137.8635,5149
137.938,138.04399999999998,138.051,137.90800000000002,3380
138.043,138.07,138.1095,138.03,3036
138.06900000000002,138.161,138.173,138.0635,2585
138.16,138.211,138.2235,138.1515,3348
138.20999999999998,138.201,138.245,138.2,2459
138.20100000000002,138.228,138.24599999999998,138.191,3501
138.227,138.228,138.2345,138.165,5883
138.229,138.203,138.2505,138.189,3546
138.202,138.1895,138.227,138.15800000000002,1983
138.195,138.19,138.2045,138.167,1876
138.188,138.18,138.1895,138.167,359
138.17899999999997,138.151,138.2155,138.144,6312
138.152,138.17000000000002,138.183,138.151,1566
138.16899999999998,138.20499999999998,138.21699999999998,138.141,2652
138.20600000000002,138.191,138.24200000000002,138.159,2677
138.189,138.3,138.377,138.1395,6815
138.299,138.15300000000002,138.3585,138.09300000000002,6210
138.154,137.985,138.214,137.94549999999998,8230
137.98399999999998,138.057,138.0655,137.92,6298
138.05700000000002,138.13299999999998,138.1515,138.04399999999998,5546
138.133,138.118,138.2285,138.07999999999998,4582
138.119,138.097,138.185,138.086,4490
138.09699999999998,138.09699999999998,138.109,138.042,3609
138.098,138.03699999999998,138.114,137.998,3981
138.036,137.99599999999998,138.0655,137.96300000000002,2664
137.995,137.983,138.0045,137.904,4264
137.982,138.08100000000002,138.117,137.94150000000002,4798
138.081,138.223,138.2235,138.05200000000002,5236
138.224,138.179,138.333,138.159,5638
138.178,138.154,138.211,138.055,7263
138.154,138.135,138.1895,138.0565,6934
138.134,138.18599999999998,138.2045,138.087,7218
138.186,138.256,138.2705,138.17000000000002,4926
138.255,138.11599999999999,138.255,138.10950000000003,4094
138.115,138.156,138.1725,138.074,7259
138.155,138.183,138.253,138.1535,6050
138.183,138.19,138.254,138.115,8218
138.18900000000002,138.095,138.248,138.074,9391
138.094,138.148,138.214,138.07999999999998,7380
138.149,138.174,138.22500000000002,138.098,5798
138.173,138.067,138.173,138.042,14403
138.066,138.042,138.091,137.964,6529
138.047,138.087,138.144,138.0115,5344
138.087,138.20100000000002,138.209,138.031,5448
138.202,138.095,138.232,138.07299999999998,4982
138.095,138.08499999999998,138.1055,138.0245,4015
138.084,138.17399999999998,138.1925,138.063,3173
138.175,138.213,138.239,138.16199999999998,2242
138.212,138.25799999999998,138.28199999999998,138.2065,3116
138.25900000000001,138.221,138.268,138.17950000000002,5672
138.22199999999998,138.273,138.28300000000002,138.221,3414
138.274,138.272,138.2935,138.2495,3157
138.271,138.25900000000001,138.279,138.23250000000002,3394
138.25799999999998,138.268,138.296,138.236,1895
138.267,138.216,138.269,138.21050000000002,2888
138.21699999999998,138.268,138.2905,138.214,1762
138.268,138.26,138.3095,138.2185,1818
138.239,138.25099999999998,138.276,138.21699999999998,842
138.24900000000002,138.249,138.26049999999998,138.244,221
138.245,138.25400000000002,138.261,138.211,6729
138.253,138.268,138.304,138.248,2422
138.267,138.45100000000002,138.476,138.214,4262
138.452,138.42000000000002,138.467,138.38049999999998,4432
138.421,138.43599999999998,138.4995,138.39499999999998,8165
138.437,138.466,138.554,138.4125,9058
138.465,138.34,138.473,138.334,9702
138.34199999999998,138.327,138.36849999999998,138.211,9970
138.327,138.387,138.413,138.2975,5513
138.386,138.337,138.4025,138.2505,6353
138.33800000000002,138.371,138.5205,137.987,11802
138.37099999999998,138.284,138.391,138.2545,7829
138.285,138.16,138.287,138.0645,7099
138.16,138.173,138.2345,138.131,8225
138.172,138.192,138.212,138.114,5774
138.19299999999998,138.232,138.23250000000002,138.155,5416
138.231,138.34300000000002,138.3545,138.153,5930
138.344,138.317,138.3635,138.20600000000002,7260
138.31799999999998,138.633,138.6585,138.2955,8911
138.63299999999998,138.594,138.651,138.526,8923
138.594,138.526,138.6295,138.4635,12096
138.52499999999998,138.66,138.6905,138.512,11407
138.661,138.824,138.8555,138.636,17813
138.823,138.72899999999998,138.8795,138.708,9369
138.728,138.648,138.781,138.61849999999998,15607
138.649,138.586,138.7025,138.58550000000002,5710
138.586,138.664,138.7465,138.57600000000002,4584
138.663,138.75400000000002,138.75799999999998,138.64,8182
138.754,138.72899999999998,138.8475,138.66899999999998,16085
138.727,138.401,138.739,138.3145,15794
138.402,138.463,138.534,138.31650000000002,16330
138.463,138.309,138.48950000000002,138.262,8536
138.308,138.243,138.3295,138.1385,8000
138.249,137.846,138.26350000000002,137.76299999999998,10407
137.845,138.062,138.06799999999998,137.7125,10284
138.062,137.967,138.07600000000002,137.90800000000002,5517
137.96699999999998,137.852,138.016,137.84050000000002,4792
137.853,137.94400000000002,137.952,137.8485,3543
137.941,137.851,137.945,137.849,3727
137.85000000000002,137.832,137.88,137.7955,3423
137.83100000000002,137.768,137.8385,137.748,2989
137.76600000000002,137.695,137.76600000000002,137.671,2640
137.69299999999998,137.58800000000002,137.711,137.4805,3480
137.587,137.51999999999998,137.64100000000002,137.50650000000002,3883
137.521,137.426,137.5765,137.3775,3801
137.426,137.3435,137.465,137.301,2442
137.381,137.381,137.43099999999998,137.363,219
137.378,137.3825,137.4005,137.3685,725
137.385,137.51999999999998,137.562,137.3755,3413
137.52100000000002,137.435,137.53449999999998,137.4325,2296
137.437,137.099,137.44549999999998,137.07150000000001,5977
137.1,137.082,137.208,137.027,4868
137.082,137.236,137.28300000000002,137.035,8066
137.235,137.366,137.3665,137.186,7201
137.365,137.374,137.52800000000002,137.3005,9165
137.376,137.43900000000002,137.49650000000003,137.3705,6072
137.44,137.503,137.5915,137.40449999999998,6337
137.503,137.559,137.6,137.493,4787
137.56,137.7,137.751,137.52800000000002,5300
137.699,137.657,137.7305,137.644,3896
137.65699999999998,137.772,137.7775,137.607,3692
137.76999999999998,137.877,137.901,137.749,3916
137.877,137.922,137.958,137.8145,6133
137.922,137.899,137.945,137.8665,6355
137.89999999999998,137.849,137.95749999999998,137.812,6912
137.85000000000002,137.723,137.936,137.66899999999998,6939
137.72199999999998,137.579,137.7765,137.517,10368
137.57999999999998,137.584,137.705,137.512,10627
137.583,137.63,137.7585,137.54649999999998,7547
137.629,137.639,137.697,137.58249999999998,8192
137.639,137.43099999999998,137.6395,137.334,16313
137.43200000000002,137.375,137.47750000000002,137.2775,7447
137.374,137.368,137.531,137.36149999999998,10218
137.36700000000002,137.294,137.493,137.288,6241
137.29500000000002,137.156,137.35250000000002,137.1445,9758
137.156,136.898,137.164,136.792,12373
136.898,136.722,136.998,136.6805,11950
136.72,136.856,136.857,136.614,9921
136.857,136.52499999999998,136.88299999999998,136.5,10193
136.526,136.028,136.6135,135.8945,14792
136.027,136.065,136.095,135.57150000000001,18004
136.066,136.08100000000002,136.1935,135.8275,15326
136.082,136.131,136.2495,135.977,13069
136.128,136.13799999999998,136.226,136.075,11790
136.13799999999998,136.159,136.244,136.126,5849
136.156,136.02100000000002,136.1565,135.988,4787
136.021,135.898,136.024,135.887,5202
135.897,136.05700000000002,136.113,135.89600000000002,4639
136.058,136.21699999999998,136.24599999999998,136.03750000000002,5954
136.21800000000002,136.185,136.282,136.139,5694
136.184,136.159,136.253,136.089,5524
136.158,135.994,136.19,135.9925,5431
135.997,136.048,136.091,135.9905,3549
136.049,136.097,136.142,136.043,1621
136.1565,136.131,136.20600000000002,136.0605,426
136.132,136.153,136.183,136.1225,201
136.153,136.226,136.29399999999998,136.1285,2396
136.226,136.31900000000002,136.336,136.152,3498
136.317,136.39499999999998,136.4225,136.272,3857
136.395,136.344,136.3995,136.3,3961
136.344,136.535,136.5935,136.344,7456
136.534,136.53199999999998,136.6135,136.393,9435
136.531,136.5,136.5575,136.375,8597
136.5,136.099,136.5035,136.0765,8989
136.098,136.071,136.1755,135.891,9280
136.07,136.163,136.233,136.052,6316
136.16199999999998,136.226,136.323,136.153,6568
136.22500000000002,136.273,136.285,136.13799999999998,5307
136.272,136.107,136.293,136.09699999999998,4123
136.107,136.215,136.2455,136.082,3390
136.215,136.29399999999998,136.34300000000002,136.2135,5046
136.29500000000002,136.311,136.384,136.2835,4443
136.312,136.41199999999998,136.461,136.2715,7080
136.41,136.423,136.466,136.312,5128
136.422,136.343,136.482,136.3105,8658
136.342,136.409,136.4305,136.259,5865
136.409,136.379,136.4805,136.29500000000002,9026
136.37900000000002,136.41199999999998,136.4305,136.286,6514
136.413,136.378,136.46,136.344,6960
136.378,136.29899999999998,136.4155,136.2235,5782
136.3,136.39499999999998,136.40949999999998,136.272,5358
136.39600000000002,136.43200000000002,136.442,136.372,4970
136.433,136.448,136.52949999999998,136.3725,4902
136.449,136.615,136.64499999999998,136.413,6901
136.61599999999999,136.694,136.74650000000003,136.559,8182
136.695,136.548,136.7065,136.5325,14962
136.548,136.594,136.60500000000002,136.5085,6124
136.595,136.541,136.6005,136.457,6812
136.54,136.554,136.601,136.415,10848
136.554,136.691,136.76549999999997,136.511,11621
136.692,136.698,136.739,136.638,6667
136.697,136.72899999999998,136.792,136.6945,4594
136.73000000000002,136.68099999999998,136.74450000000002,136.636,4140
136.68099999999998,136.704,136.75,136.6605,2600
136.703,136.668,136.72500000000002,136.653,2699
136.66899999999998,136.708,136.73450000000003,136.66899999999998,2160
136.709,136.624,136.709,136.5895,3711
136.624,136.726,136.7335,136.618,2902
136.72500000000002,136.654,136.72500000000002,136.64350000000002,1788
136.655,136.649,136.69,136.6465,7740
136.648,136.629,136.67450000000002,136.622,1519
136.62900000000002,136.664,136.6835,136.606,986
136.7,136.664,136.707,136.656,329
136.665,136.662,136.6775,136.65699999999998,132
136.66,136.594,136.66750000000002,136.587,1279
136.594,136.547,136.61450000000002,136.54399999999998,1694
136.546,136.426,136.5565,136.42000000000002,2718
136.425,136.413,136.461,136.352,1974
136.414,136.369,136.538,136.327,5609
136.369,136.42399999999998,136.46949999999998,136.2765,7560
136.424,136.345,136.469,136.334,6797
136.346,136.34,136.3915,136.30450000000002,5565
136.337,136.345,136.411,136.329,3289
136.346,136.464,136.473,136.327,3659
136.464,136.477,136.502,136.41,3097
136.477,136.53699999999998,136.571,136.4685,3860
136.538,136.51299999999998,136.58249999999998,136.50799999999998,2493
136.512,136.551,136.552,136.4645,2069
136.55,136.527,136.55149999999998,136.4715,3078
136.526,136.688,136.69799999999998,136.518,3597
136.687,136.70499999999998,136.7385,136.641,5015
136.705,136.69299999999998,136.7285,136.607,4872
136.693,136.59300000000002,136.70499999999998,136.547,5843
136.594,136.65800000000002,136.69650000000001,136.574,5008
136.659,136.53199999999998,136.66199999999998,136.514,4661
136.531,136.547,136.6335,136.471,7014
136.547,136.602,136.6385,136.488,5049
136.601,136.589,136.63299999999998,136.54899999999998,3952
136.59,136.644,136.847,136.57549999999998,7739
136.64499999999998,136.64999999999998,136.701,136.579,6366
136.649,136.715,136.741,136.597,4461
136.716,136.661,136.761,136.608,6306
136.66199999999998,136.683,136.739,136.61700000000002,8306
136.68200000000002,136.516,136.69,136.403,8560
136.517,136.465,136.6,136.41649999999998,8971
136.465,136.40800000000002,136.517,136.285,7354
136.401,136.583,136.613,136.29649999999998,9697
136.582,136.58800000000002,136.6735,136.5045,8137
136.587,136.637,136.641,136.487,5899
136.636,136.628,136.693,136.599,5127
136.628,136.625,136.686,136.596,4723
136.624,136.627,136.6855,136.60649999999998,2624
136.627,136.67399999999998,136.6775,136.5645,3094
136.675,136.684,136.713,136.66,2342
136.683,136.66199999999998,136.6895,136.6345,3114
136.661,136.691,136.7125,136.65699999999998,2568
136.69,136.785,136.812,136.67849999999999,2854
136.784,136.827,136.8305,136.75799999999998,2162
136.827,136.917,136.93,136.7955,3308
136.91899999999998,136.911,136.977,136.888,2253
136.92399999999998,136.923,136.95100000000002,136.903,1378
136.92399999999998,136.91899999999998,136.94,136.9025,2666
136.918,136.856,136.9375,136.839,2899
136.85500000000002,136.852,136.86450000000002,136.84050000000002,1301
136.851,136.884,136.91,136.8415,2351
136.885,136.966,136.9905,136.8835,2817
136.966,136.857,136.986,136.805,6963
136.858,137.07,137.122,136.84449999999998,6945
137.07,137.123,137.14499999999998,137.00900000000001,6272
137.123,137.007,137.137,136.95350000000002,7668
137.008,137.059,137.095,136.9915,4233
137.06,137.00400000000002,137.078,136.976,3916
137.003,136.935,137.012,136.92000000000002,3064
136.934,136.957,136.96249999999998,136.8835,2521
136.95600000000002,136.99,137.01,136.9435,2955
136.989,137.00900000000001,137.038,136.95749999999998,3064
137.00799999999998,136.969,137.0265,136.923,3678
136.97,136.92000000000002,136.997,136.9105,3479
136.92,136.887,136.94,136.8345,5970
136.887,137.01,137.046,136.868,4326
137.00900000000001,137.01600000000002,137.0495,136.90300000000002,5518
137.019,136.986,137.05200000000002,136.961,4989
136.984,136.796,136.985,136.754,7746
136.798,136.807,136.86950000000002,136.78,5121
136.808,136.712,136.8275,136.63,7074
136.71300000000002,136.655,136.739,136.5795,3314
136.656,136.679,136.6935,136.531,3667
136.678,136.72,136.7355,136.65699999999998,5224
136.719,136.655,136.72199999999998,136.614,3767
136.656,136.774,136.77949999999998,136.6535,4997
136.773,136.784,136.885,136.7525,7551
136.78300000000002,136.938,136.99,136.78300000000002,10435
136.93900000000002,136.91199999999998,137.02100000000002,136.8745,6758
136.911,136.937,137.0165,136.7905,5911
136.937,137.15800000000002,137.1615,136.89,8114
137.158,137.267,137.31,137.1165,7615
137.268,137.203,137.287,137.136,6246
137.204,137.35000000000002,137.3535,137.16500000000002,5160
137.349,137.39999999999998,137.40300000000002,137.2475,4639
137.399,137.36,137.4315,137.32,3885
137.358,137.286,137.358,137.236,3614
137.286,137.20499999999998,137.34300000000002,137.166,5086
137.20600000000002,136.995,137.2865,136.844,11861
136.994,136.404,137.4645,136.3245,21583
136.398,136.524,136.637,136.376,13373
136.523,136.512,136.613,136.421,9623
136.513,136.498,136.628,136.47750000000002,4355
136.498,136.565,136.6275,136.4875,1662
136.563,136.584,136.5935,136.5465,1502
136.585,136.579,136.5935,136.574,432
136.579,136.526,136.585,136.5025,1512
136.525,136.454,136.5805,136.45,2447
136.455,136.3,136.4555,136.2545,5252
136.299,136.119,136.308,136.083,5238
136.119,136.356,136.374,136.04500000000002,9124
136.35500000000002,136.16,136.42149999999998,136.133,8244
136.161,135.378,136.1635,135.3665,19115
135.377,135.436,135.44400000000002,135.1045,18524
135.435,135.43900000000002,135.576,135.36149999999998,11585
135.438,135.369,135.45049999999998,135.25650000000002,8491
135.368,135.28300000000002,135.368,135.241,5088
135.28199999999998,135.363,135.442,135.25150000000002,8278
135.36200000000002,135.385,135.4715,135.3515,5331
135.385,135.463,135.50349999999997,135.371,8329
135.46300000000002,135.486,135.59300000000002,135.4235,6363
135.487,135.363,135.5195,135.29399999999998,6303
135.364,135.367,135.39350000000002,135.247,8040
135.367,135.49200000000002,135.5445,135.296,8152
135.49200000000002,135.684,135.8005,135.43599999999998,11137
135.685,135.58499999999998,135.754,135.563,7424
135.586,135.43,135.63150000000002,135.364,8423
135.43,135.312,135.477,135.31,7408
135.313,135.357,135.39,135.297,9270
135.358,135.424,135.453,135.3,5958
135.423,135.442,135.525,135.415,8220
135.441,135.58499999999998,135.672,135.42399999999998,8556
135.584,135.655,135.7025,135.555,5432
135.655,135.714,135.7495,135.5815,7727
135.713,135.625,135.71949999999998,135.534,12274
135.623,134.712,135.6275,134.552,25341
134.711,134.53199999999998,134.897,134.34699999999998,20276
134.532,134.709,134.732,134.438,13151
134.705,134.596,134.76,134.5155,10731
134.595,134.532,134.71,134.53050000000002,9925
134.535,134.44299999999998,134.6615,134.353,8888
134.445,134.448,134.50150000000002,134.34050000000002,7665
134.447,134.602,134.639,134.447,7770
134.602,134.505,134.6035,134.483,4596
134.50400000000002,134.442,134.52100000000002,134.409,4170
134.441,134.45,134.45499999999998,134.3665,3085
134.45100000000002,134.447,134.566,134.422,4672
134.446,134.34300000000002,134.4845,134.3365,3669
134.344,134.239,134.3585,134.2025,4594
134.24,134.28699999999998,134.321,134.227,3830
134.285,134.244,134.298,134.216,5316
134.245,134.235,134.29950000000002,134.21,2193
134.278,134.26100000000002,134.28750000000002,134.257,133
134.262,134.32999999999998,134.35899999999998,134.254,613
134.329,134.464,134.61,134.29899999999998,3803
134.465,134.248,134.465,134.238,4473
134.248,134.361,134.42450000000002,134.241,6721
134.362,134.405,134.51,134.317,5534
134.404,134.643,134.6455,134.2945,11396
134.642,134.503,134.6805,134.39049999999997,13504
134.50400000000002,134.506,134.5645,134.411,9611
134.507,134.501,134.58,134.4115,7938
134.5,134.36,134.5025,134.333,7061
134.35899999999998,134.298,134.402,134.23950000000002,5880
134.297,133.698,134.328,133.56799999999998,17645
133.697,133.173,133.71949999999998,132.966,19189
133.173,133.284,133.347,133.0815,12642
133.28300000000002,133.387,133.465,133.26,9145
133.387,132.987,133.392,132.7585,13079
132.989,133.03199999999998,133.10399999999998,132.872,14195
133.032,132.55,133.1295,132.522,16465
132.55,132.572,132.7935,132.50650000000002,13918
132.573,132.83100000000002,132.969,132.5485,14584
132.83,132.772,132.90800000000002,132.68099999999998,9866
132.77100000000002,132.786,132.994,132.751,10713
132.785,132.99,133.0935,132.7825,8724
132.99099999999999,133.27800000000002,133.366,132.97899999999998,9302
133.279,133.376,133.565,133.2745,11048
133.377,133.304,133.44549999999998,133.1985,11351
133.303,133.232,133.334,133.137,8740
133.232,133.45999999999998,133.49099999999999,133.174,10264
133.459,133.44799999999998,133.497,133.314,9311
133.449,133.784,133.8635,133.4445,14280
133.785,134.06900000000002,134.246,133.785,22465
134.06799999999998,134.313,134.5965,134.0475,17439
134.31400000000002,134.119,134.5145,134.096,15099
134.14600000000002,134.05200000000002,134.312,133.899,14511
134.051,133.67000000000002,134.067,133.61,15151
133.666,133.439,133.70850000000002,133.251,13544
133.439,133.221,133.5505,133.216,10584
133.222,133.422,133.436,133.22050000000002,6800
133.421,133.31400000000002,133.513,133.31400000000002,6267
133.313,133.33,133.43349999999998,133.303,4753
133.329,133.353,133.3745,133.2975,4200
133.353,133.308,133.366,133.305,3807
133.31,133.336,133.3715,133.305,3563
133.336,133.38400000000001,133.40449999999998,133.332,3694
133.38,133.353,133.439,133.287,6786
133.35,133.249,133.3625,133.22899999999998,3598
133.249,133.233,133.279,133.21,2191
133.32799999999997,133.215,133.332,133.213,165
133.21699999999998,133.216,133.231,133.20499999999998,396
133.21699999999998,133.314,133.3715,133.216,1650
133.315,133.34,133.38400000000001,133.278,1716
133.341,133.476,133.499,133.3315,3003
133.477,133.374,133.561,133.3625,4281
133.369,132.977,133.41449999999998,132.811,11405
132.976,132.882,133.087,132.7625,13317
132.88299999999998,132.262,132.9735,132.067,22086
132.261,132.426,132.489,132.261,13658
132.425,132.44,132.4835,132.2415,8283
132.44,132.407,132.494,132.38299999999998,6344
132.40699999999998,132.69,132.7665,132.392,9641
132.689,132.586,132.70350000000002,132.54,5739
132.586,132.478,132.65050000000002,132.3385,8082
132.477,132.601,132.63,132.419,6964
132.602,132.536,132.636,132.49200000000002,5282
132.537,132.557,132.6125,132.433,6581
132.556,132.515,132.60950000000003,132.49599999999998,7808
132.514,132.293,132.5775,132.216,7992
132.292,132.345,132.364,132.099,11444
132.345,132.554,132.59300000000002,132.30450000000002,9619
132.554,132.505,132.66750000000002,132.44650000000001,8784
132.50400000000002,132.34699999999998,132.5165,132.303,9590
132.348,132.25,132.41899999999998,132.1995,10382
132.251,132.022,132.2525,131.874,14657
132.022,132.05,132.09,131.88049999999998,13673
132.051,132.245,132.25549999999998,131.95049999999998,10778
132.246,132.352,132.38850000000002,132.19799999999998,14367
132.351,132.421,132.499,132.262,12647
132.421,132.297,132.5075,132.2175,9236
132.296,132.05700000000002,132.305,132.054,11188
132.05599999999998,131.953,132.09699999999998,131.81349999999998,15354
131.952,131.96300000000002,132.00549999999998,131.8515,9193
131.966,131.965,132.394,131.889,14132
131.965,131.808,132.0,131.723,11308
131.808,131.726,131.93650000000002,131.6035,8633
131.727,131.821,131.822,131.60399999999998,7665
131.822,131.887,131.89600000000002,131.785,5471
131.887,131.76299999999998,131.89600000000002,131.723,4144
131.765,131.91199999999998,131.941,131.743,3544
131.91199999999998,131.923,131.937,131.8275,3344
131.923,131.952,131.99099999999999,131.918,2898
131.95100000000002,131.80599999999998,131.96800000000002,131.79,2545
131.809,131.654,131.85000000000002,131.649,3674
131.65300000000002,131.647,131.727,131.62650000000002,3121
131.647,131.624,131.6705,131.612,1848
131.623,131.61,131.64,131.6035,1450
131.678,131.639,131.698,131.60399999999998,499
131.64,131.659,131.6725,131.6325,620
131.66,131.697,131.733,131.612,2028
131.695,131.562,131.704,131.48000000000002,4072
131.563,131.55,131.6825,131.511,4068
131.549,131.411,131.6695,131.377,5202
131.409,131.036,131.53050000000002,130.973,12522
131.036,130.94400000000002,131.129,130.594,13823
130.94299999999998,130.747,130.974,130.7335,8386
130.748,130.688,130.766,130.39600000000002,10419
130.687,130.69299999999998,130.797,130.551,7037
130.694,130.674,130.766,130.57,6490
130.67399999999998,130.873,130.95499999999998,130.64,6307
130.874,130.844,130.949,130.79,5263
130.844,130.808,130.857,130.727,4913
130.81,130.723,130.866,130.723,5954
130.723,130.478,130.7265,130.427,6545
130.479,130.653,130.708,130.46699999999998,6259
130.652,130.91899999999998,131.091,130.636,8608
130.918,130.866,130.9315,130.728,7364
130.86599999999999,130.848,130.9495,130.665,9371
130.847,130.831,130.89600000000002,130.737,9251
130.83,131.106,131.119,130.785,8567
131.105,130.875,131.18,130.8725,8084
130.876,130.834,131.058,130.811,6923
130.83499999999998,130.80599999999998,130.88049999999998,130.704,6204
130.805,130.88299999999998,130.9745,130.8025,4006
130.883,130.994,131.01350000000002,130.825,4390
130.994,130.92399999999998,131.014,130.85750000000002,5442
130.923,130.993,131.062,130.8745,6381
130.99200000000002,130.732,131.082,130.71949999999998,7905
130.731,130.755,130.87,130.64600000000002,8929
130.755,131.256,131.3025,130.702,11530
131.255,131.40699999999998,131.496,131.0405,12536
131.408,131.51600000000002,131.606,131.30849999999998,11650
131.517,131.727,131.82,131.4595,11879
131.726,131.849,131.898,131.699,10538
131.849,132.311,132.394,131.80450000000002,9235
132.311,132.15699999999998,132.3965,132.13049999999998,9367
132.15800000000002,132.25799999999998,132.33350000000002,132.1575,5448
132.259,132.699,132.749,132.216,7280
132.7,132.785,132.93099999999998,132.686,8786
132.786,132.83499999999998,132.98649999999998,132.78,7200
132.834,132.99099999999999,132.9975,132.79500000000002,6071
132.992,132.841,132.993,132.726,4939
132.84199999999998,133.074,133.0815,132.8415,5308
133.073,133.14100000000002,133.164,133.064,3829
133.139,133.14600000000002,133.149,133.08249999999998,1602
133.179,133.172,133.216,133.14249999999998,1435
133.173,133.186,133.19549999999998,133.15449999999998,573
133.187,132.94299999999998,133.2835,132.875,4578
132.94400000000002,133.001,133.09050000000002,132.888,3724
133.002,133.551,133.604,132.99,6324
133.55,133.347,133.554,133.2855,6164
133.345,133.803,133.90449999999998,133.26749999999998,10735
133.802,133.798,133.8425,133.6,8557
133.79899999999998,133.486,133.8515,133.4195,9845
133.487,133.625,133.775,133.487,6682
133.626,133.55,133.66899999999998,133.511,5993
133.549,133.143,133.55700000000002,133.0325,6983
133.142,133.058,133.222,132.899,7696
133.05700000000002,132.608,133.0795,132.56,7535
132.609,132.478,132.61700000000002,132.287,9620
132.477,132.721,132.825,132.3055,7596
132.72,133.043,133.0645,132.703,6120
133.04399999999998,133.22899999999998,133.24,132.971,7383
133.228,133.174,133.416,133.066,9732
133.173,133.152,133.326,133.0885,8136
133.152,133.26999999999998,133.291,132.897,11562
133.269,133.22,133.334,133.0695,9497
133.22,133.14100000000002,133.289,133.107,7514
133.142,133.203,133.29950000000002,133.1165,7439
133.204,132.986,133.245,132.9595,7080
132.987,133.161,133.19150000000002,132.9595,5563
133.16,133.472,133.534,133.0915,8208
133.471,133.366,133.504,133.223,7361
133.36599999999999,133.162,133.3675,133.15699999999998,6903
133.16199999999998,133.472,133.472,133.1415,6844
133.47,133.629,133.67450000000002,133.4545,9179
133.63,133.579,133.704,133.52249999999998,10037
133.57999999999998,133.635,133.691,133.463,9190
133.635,133.573,133.705,133.52100000000002,8887
133.575,134.239,134.54950000000002,133.575,16732
134.24,134.383,134.4425,134.13,12274
134.38299999999998,134.255,134.403,134.19299999999998,9174
134.255,134.207,134.25650000000002,134.16,7501
134.20600000000002,133.909,134.2115,133.7615,7938
133.91,134.126,134.136,133.89499999999998,4687
134.125,134.13299999999998,134.16750000000002,134.05599999999998,4179
134.132,134.03,134.1325,134.022,3560
134.03199999999998,134.11599999999999,134.155,133.9975,3400
134.115,134.115,134.1855,134.0845,3500
134.116,134.037,134.18349999999998,134.03300000000002,4049
134.036,133.948,134.07549999999998,133.921,4141
133.947,133.88,133.95749999999998,133.85950000000003,2727
133.87900000000002,133.862,133.913,133.85500000000002,1343
133.857,133.846,133.898,133.7985,2028
133.845,133.833,133.857,133.8245,478
133.84199999999998,133.919,134.036,133.8265,1752
133.92,133.934,133.97,133.916,869
133.935,134.11,134.139,133.934,3428
134.10899999999998,133.934,134.141,133.905,3683
133.933,133.94,133.96699999999998,133.689,7629
133.942,133.625,133.961,133.566,9039
133.625,133.567,133.688,133.424,8201
133.567,133.878,133.9235,133.555,6757
133.879,133.76299999999998,133.882,133.712,4555
133.764,133.815,133.859,133.6905,4310
133.814,133.785,133.846,133.723,3560
133.786,133.793,133.826,133.759,3787
133.793,133.764,133.80700000000002,133.7255,3347
133.765,133.70499999999998,133.809,133.673,4527
133.70600000000002,133.813,133.832,133.691,4361
133.813,134.06900000000002,134.10399999999998,133.806,6527
134.069,134.277,134.28199999999998,134.012,8434
134.277,134.187,134.304,134.11849999999998,6491
134.187,134.031,134.269,133.95499999999998,7680
134.031,134.159,134.20049999999998,133.987,5154
134.15800000000002,134.248,134.28300000000002,134.112,4834
134.249,134.304,134.426,134.2165,6033
134.305,134.19,134.3875,134.1755,6087
134.18900000000002,134.115,134.251,134.099,4430
134.116,134.13,134.18200000000002,134.0995,4635
134.13,134.188,134.2455,134.13,4789
134.189,134.224,134.281,134.11599999999999,8179
134.224,133.792,134.237,133.71949999999998,11959
133.791,133.517,133.87,133.353,11419
133.518,133.524,133.566,133.161,12559
133.525,133.70600000000002,133.795,133.5245,10905
133.707,133.441,133.798,133.4255,10658
133.44,133.423,133.497,133.272,8935
133.423,133.126,133.428,133.05450000000002,10336
133.126,133.22500000000002,133.3535,133.109,7875
133.226,133.285,133.39600000000002,133.219,5836
133.286,133.083,133.31650000000002,132.99200000000002,5750
133.082,133.089,133.1805,132.947,6520
133.089,133.043,133.20600000000002,133.0385,4294
133.043,133.14,133.1695,133.041,3887
133.14,133.059,133.187,133.04250000000002,4243
133.058,132.903,133.0725,132.878,4964
132.90300000000002,132.864,132.97899999999998,132.8605,3954
132.863,132.876,132.888,132.764,5824
132.877,132.952,132.974,132.859,2838
132.952,132.966,132.98950000000002,132.93599999999998,1381
132.936,132.959,132.986,132.922,1799
132.962,133.007,133.024,132.9535,1073
133.00799999999998,133.103,133.151,132.989,4626
133.101,132.875,133.1085,132.875,2838
132.874,132.702,132.901,132.606,4756
132.703,132.622,132.81900000000002,132.52249999999998,4871
132.622,132.956,132.9995,132.58550000000002,7951
132.957,132.978,133.012,132.84449999999998,8402
132.977,133.173,133.293,132.95350000000002,9287
133.173,133.25900000000001,133.363,133.109,7369
133.25900000000001,133.093,133.2865,133.041,4640
133.09300000000002,133.25,133.2705,133.05349999999999,4311
133.251,133.163,133.2595,133.1245,4319
133.164,133.226,133.23149999999998,133.11,4487
133.227,133.247,133.293,133.1775,3166
133.24599999999998,133.333,133.382,133.21050000000002,3997
133.334,133.349,133.47449999999998,133.3005,4788
133.348,133.286,133.352,133.219,5433
133.285,133.339,133.44400000000002,133.2715,5742
133.34,133.12,133.34,133.102,5673
133.12099999999998,133.317,133.353,133.117,6442
133.317,133.30599999999998,133.3915,133.226,6365
133.305,133.268,133.322,133.1605,6895
133.267,133.085,133.306,133.056,6695
133.085,133.002,133.086,132.845,6774
133.001,133.061,133.17149999999998,133.0005,4715
133.062,133.025,133.065,132.92,4659
133.024,133.13,133.239,133.006,4992
133.131,133.098,133.192,133.085,4802
133.09699999999998,133.147,133.1685,133.042,5234
133.148,133.255,133.26749999999998,133.08350000000002,6614
133.255,134.68,134.858,133.2505,23198
134.68099999999998,134.8,135.005,134.627,14837
134.799,134.878,134.966,134.671,13927
134.87900000000002,135.291,135.369,134.874,14983
135.288,135.313,135.373,135.2095,9164
135.312,135.394,135.505,135.1535,8019
135.395,135.30599999999998,135.3985,135.245,6959
135.30700000000002,135.274,135.4105,135.23149999999998,6139
135.273,135.14,135.3,135.05849999999998,5861
135.139,134.97,135.172,134.864,7424
134.971,135.048,135.13299999999998,134.9495,6383
135.047,135.051,135.1345,134.9715,5848
135.051,135.101,135.156,134.96550000000002,5257
135.10000000000002,135.002,135.12349999999998,134.92649999999998,4523
135.002,135.048,135.05450000000002,134.93,4516
135.048,135.018,135.054,134.95100000000002,2378
135.018,134.97899999999998,135.0625,134.946,1646
135.04899999999998,135.015,135.05849999999998,134.9675,174
135.015,135.096,135.127,134.9645,448
135.09199999999998,135.178,135.314,135.07799999999997,4859
135.179,135.17000000000002,135.19400000000002,135.091,3656
135.171,135.055,135.171,135.0145,3856
135.056,135.064,135.106,134.998,4775
135.065,135.515,135.583,135.0325,9895
135.516,135.347,135.52100000000002,135.317,9861
135.348,135.19400000000002,135.348,135.065,9056
135.19299999999998,135.174,135.242,135.064,8372
135.174,135.333,135.42149999999998,135.163,6765
135.332,135.24099999999999,135.37349999999998,135.225,5859
135.242,135.238,135.30450000000002,135.164,5189
135.237,135.123,135.24349999999998,135.0795,5720
135.122,135.21699999999998,135.29950000000002,135.109,6484
135.216,135.25400000000002,135.268,135.163,4743
135.255,135.276,135.307,135.207,3823
135.27499999999998,135.213,135.3415,135.19,5671
135.21300000000002,135.466,135.4665,135.1845,7385
135.467,135.326,135.4675,135.32049999999998,6690
135.326,135.217,135.39600000000002,135.201,8905
135.216,134.996,135.23950000000002,134.91250000000002,8276
134.997,135.072,135.10399999999998,134.90949999999998,6301
135.071,135.12900000000002,135.2065,135.0075,5016
135.128,135.076,135.20850000000002,135.0595,4732
135.075,135.014,135.12650000000002,135.001,4594
135.015,134.961,135.0725,134.917,4812
134.95999999999998,134.851,135.009,134.79,5596
134.851,134.777,134.852,134.6015,6733
134.776,134.801,134.922,134.756,5168
134.8,134.899,134.96249999999998,134.756,7403
134.89999999999998,134.849,135.001,134.832,7410
134.85,134.72199999999998,134.91,134.68599999999998,6408
134.721,134.452,134.822,134.388,9767
134.453,134.525,134.5925,134.3545,8093
134.526,134.736,134.757,134.49650000000003,7155
134.735,134.635,134.7365,134.4685,5764
134.63400000000001,134.731,134.7825,134.572,5752
134.732,134.688,134.747,134.6635,4461
134.689,134.625,134.692,134.595,4146
134.624,134.663,134.704,134.62,2656
134.663,134.731,134.75400000000002,134.652,2099
134.73,134.81400000000002,134.844,134.6935,3240
134.815,134.86,134.877,134.78449999999998,3296
134.861,134.987,134.994,134.83749999999998,3106
134.986,135.075,135.1135,134.9645,3346
135.076,135.041,135.079,134.978,2759
135.04,135.046,135.047,134.981,1287
134.98000000000002,135.0,135.006,134.971,234
