125.815,124.45,127.36,120.4,1514
124.435,124.70500000000001,125.67999999999999,124.03,1088
124.69,122.62,124.9,122.575,1117
122.60499999999999,126.11500000000001,126.52,121.96000000000001,1158
126.1,125.95,126.28,125.2,809
125.935,127.0,127.03,125.88999999999999,654
127.01499999999999,126.04,127.03,125.29,623
126.025,125.33500000000001,127.045,125.26,839
125.35,124.57,125.875,123.20500000000001,1053
124.58500000000001,123.85,124.69,122.215,1404
124.735,123.95500000000001,126.61,123.295,765
123.92500000000001,122.08000000000001,124.9,122.005,860
122.11,120.35499999999999,122.74000000000001,120.19,1018
120.4,118.375,121.36,118.15,1507
118.36,119.95,120.565,118.17999999999999,1171
119.935,117.025,120.17500000000001,117.025,1151
116.995,114.79,117.505,114.4,1750
114.80499999999999,111.07,114.95500000000001,110.2,2538
111.05499999999999,103.725,111.22,98.95500000000001,3070
103.725,104.49000000000001,107.235,102.285,1428
105.36,102.54,105.6,100.68,1457
102.465,94.02,103.36500000000001,94.02,1783
94.08,84.99000000000001,94.17,83.4,2718
84.975,96.735,97.44,84.855,886
96.72,95.92500000000001,96.88499999999999,94.62,539
95.92500000000001,97.2,97.215,94.94999999999999,504
97.245,100.14,100.65,97.08000000000001,1074
100.155,100.035,106.29,99.79499999999999,2008
100.16999999999999,101.685,103.5,99.99000000000001,1307
101.715,101.82,103.08000000000001,100.965,1156
103.38,103.275,103.38,100.035,1098
103.25999999999999,97.155,103.275,95.58,1814
97.155,98.235,98.25,95.19,1918
98.22,102.555,104.16,96.0,1592
102.54,96.555,102.54,95.19,1369
96.525,100.53,100.59,96.50999999999999,1216
100.395,100.185,100.53,96.45,1708
100.16999999999999,98.28,100.45500000000001,97.74000000000001,1298
98.34,99.85499999999999,100.905,98.34,1053
99.87,100.45500000000001,101.07,99.81,1625
99.87,100.815,101.175,99.24000000000001,789
100.845,100.815,102.41999999999999,100.08000000000001,1469
100.83000000000001,101.505,102.10499999999999,100.45500000000001,1039
101.49000000000001,102.39,102.85499999999999,101.20500000000001,1247
102.33000000000001,101.625,103.05,100.5,1417
101.58000000000001,101.25,101.97,100.08000000000001,1177
101.37,101.52,102.405,100.86,1008
101.46,98.685,101.72999999999999,98.19,1314
98.66999999999999,96.75,98.685,96.45,2001
96.765,98.86500000000001,98.97,96.75,1206
94.59,90.27,95.58,89.49000000000001,1459
90.27,87.75,90.495,87.405,1316
87.75,87.855,88.66499999999999,86.46000000000001,1182
87.96000000000001,87.33,88.11,86.80499999999999,824
87.315,87.16499999999999,87.75,86.595,635
87.17999999999999,87.44999999999999,87.55499999999999,85.935,686
87.465,87.61500000000001,87.765,87.045,709
87.67500000000001,87.6,88.19999999999999,86.67,1103
87.61500000000001,87.07499999999999,87.69,85.185,1181
87.12,87.48,87.72,86.76,1174
85.33500000000001,87.255,87.61500000000001,85.33500000000001,640
87.27,95.715,95.745,87.045,1206
95.715,94.095,95.78999999999999,93.33,1282
94.245,95.34,95.82,92.42999999999999,1174
95.475,96.9,97.77,94.80000000000001,1115
96.88499999999999,95.67,97.035,95.205,790
95.69999999999999,95.94,96.735,95.13,896
95.985,98.72999999999999,98.72999999999999,95.82,1015
98.715,101.28,101.46,98.7,1073
101.265,102.66,103.875,100.71,1448
102.33000000000001,107.11500000000001,107.19,101.88,1214
107.085,108.735,111.80499999999999,106.5,1405
108.72,109.825,109.87,108.69,676
109.825,109.195,110.11,108.09,736
109.195,108.47999999999999,109.21000000000001,107.805,725
108.45,108.78,109.405,108.04499999999999,772
108.79499999999999,104.66999999999999,109.02,104.325,1276
104.685,104.28,108.04499999999999,104.20500000000001,1385
104.25,109.54,109.76499999999999,104.20500000000001,1442
109.55499999999999,108.33000000000001,110.275,107.895,1550
107.85,107.43,109.375,105.375,620
107.43,105.41999999999999,108.13499999999999,105.375,744
105.45,105.285,105.69,104.25,941
105.33000000000001,110.77,111.505,105.27,1372
110.785,110.485,110.815,108.585,450
110.485,111.445,111.445,109.375,484
111.35499999999999,113.38,113.935,111.31,759
113.36500000000001,114.1,114.325,112.63,839
114.1,114.565,114.92500000000001,112.915,755
114.58000000000001,111.80499999999999,114.80499999999999,111.655,996
112.135,112.69,114.04,110.56,590
112.67500000000001,114.985,115.96000000000001,112.165,801
114.88,113.77,115.30000000000001,113.45500000000001,842
113.74000000000001,115.30000000000001,116.125,113.62,705
115.285,116.695,116.74000000000001,115.12,685
116.71000000000001,114.775,116.935,114.58000000000001,704
114.745,114.82,115.27,113.56,980
114.83500000000001,115.135,115.735,114.61,526
115.12,114.67,115.15,114.52,543
114.655,115.285,115.36,114.61,759
114.76,118.30000000000001,122.11,114.42999999999999,1395
118.315,119.42500000000001,119.67999999999999,117.595,741
119.44,117.80499999999999,119.83000000000001,117.745,754
117.82,117.565,119.095,117.1,766
117.55000000000001,120.16,120.385,117.11500000000001,612
120.17500000000001,119.845,120.31,119.485,433
119.83000000000001,118.9,119.935,118.55499999999999,1017
118.885,118.315,118.99000000000001,117.295,973
118.345,117.31,118.66,117.04,1038
117.28,116.125,117.88,115.78,894
115.17999999999999,117.475,118.63,114.67,1074
117.46000000000001,114.025,117.92500000000001,113.245,1006
114.05499999999999,115.15,115.30000000000001,113.875,1051
115.165,115.10499999999999,115.33000000000001,112.495,1182
115.12,115.78,115.885,113.86,952
115.795,115.735,116.88999999999999,115.70500000000001,722
115.72,113.88999999999999,115.85499999999999,113.86,1060
113.86,114.31,115.09,113.845,842
114.295,115.075,115.66,113.845,885
115.045,116.88999999999999,116.935,114.745,1387
117.625,116.65,118.03,115.69,998
116.665,115.405,117.31,114.58000000000001,651
115.30000000000001,113.53,115.435,112.85499999999999,1024
113.56,114.7,116.67999999999999,113.38,938
114.67,115.735,115.915,113.5,731
115.72,114.58000000000001,116.005,114.16,679
114.565,114.80499999999999,114.97,113.95,721
114.85,116.36500000000001,118.01499999999999,114.505,1372
116.02,116.67999999999999,118.03,115.945,1134
116.695,117.79,118.6,116.47,976
118.645,116.185,118.645,115.58500000000001,955
116.29,115.33000000000001,116.845,115.12,778
115.27,115.69,115.99000000000001,114.475,798
115.72,116.53,116.875,115.03,1024
116.545,118.135,118.645,116.08000000000001,884
118.15,119.36500000000001,120.22,118.15,1053
119.35,119.30499999999999,119.62,117.85,971
119.33500000000001,119.80000000000001,119.935,118.975,843
119.845,119.88999999999999,119.935,119.45500000000001,756
119.86,119.53,119.88999999999999,119.53,824
119.785,119.125,119.785,118.69,518
119.13999999999999,119.755,119.92,118.735,483
119.67999999999999,119.575,119.785,119.2,512
119.56,119.245,119.785,119.215,583
119.26,119.71000000000001,119.845,119.065,529
119.67999999999999,119.60499999999999,119.935,119.36500000000001,522
119.62,118.975,119.67999999999999,118.735,566
118.99000000000001,119.44,119.62,118.72,718
119.395,118.945,119.5,118.72,797
118.96000000000001,117.745,119.08000000000001,117.415,870
117.55000000000001,118.975,119.53,117.37,704
118.96000000000001,117.79,119.17,116.41,1296
117.80499999999999,116.65,117.80499999999999,116.245,1004
116.665,118.92999999999999,118.96000000000001,116.53,1003
118.945,118.12,119.26,118.12,864
118.17999999999999,116.88999999999999,118.24000000000001,116.635,1249
116.86,117.1,117.92500000000001,116.83000000000001,682
117.08500000000001,117.445,117.685,116.62,596
117.42999999999999,117.19,117.685,117.19,553
117.25,118.87,118.975,117.25,865
118.61500000000001,118.78,119.42500000000001,118.42,584
118.795,118.735,118.87,118.0,631
118.61500000000001,119.2,119.245,117.88,755
119.22999999999999,119.11,119.875,118.76499999999999,760
119.095,119.695,119.755,118.99000000000001,508
119.71000000000001,121.225,121.735,119.665,1068
121.24000000000001,121.75,122.035,121.135,697
121.795,121.405,121.975,121.195,493
121.36,120.46000000000001,121.36,120.31,825
120.475,120.595,121.15,120.445,657
120.745,119.95,120.86500000000001,119.875,793
119.935,120.20500000000001,120.52,119.905,290
120.22,121.345,121.405,120.05499999999999,516
121.33000000000001,121.345,121.38999999999999,120.91,427
121.315,120.97,121.36,120.34,646
120.95500000000001,121.45,121.61500000000001,120.655,795
121.47999999999999,116.065,121.87,115.03,1647
116.02,115.92999999999999,117.28,113.725,1550
115.945,115.405,116.755,114.325,1078
115.38999999999999,114.505,116.095,114.04,1129
115.375,116.215,116.695,114.58000000000001,948
116.2,114.1,116.2,113.97999999999999,1048
114.1,114.22,114.535,113.815,960
114.20500000000001,115.285,116.545,114.17500000000001,902
115.27,115.17999999999999,115.55499999999999,114.37,731
115.195,115.06,115.885,115.045,657
114.92500000000001,115.47999999999999,115.96000000000001,114.775,681
115.435,115.78,116.065,114.82,698
115.795,116.44,116.45500000000001,115.21000000000001,695
116.41,118.06,118.78,116.22999999999999,963
118.0,117.475,118.33000000000001,117.34,742
117.49000000000001,117.26499999999999,117.92500000000001,116.695,685
117.325,117.97,118.135,117.145,701
117.95500000000001,117.775,118.15,117.37,733
117.76,117.475,117.97,117.28,529
117.49000000000001,117.235,117.63999999999999,117.1,711
117.19,116.30499999999999,117.42999999999999,115.81,889
116.245,117.31,117.505,115.975,679
117.325,117.97,118.06,116.725,797
117.985,118.135,118.135,117.35499999999999,513
117.415,117.745,117.80499999999999,116.77,504
117.76,119.05000000000001,119.485,117.76,739
119.035,120.79,121.03,118.825,990
120.80499999999999,122.755,122.92,120.80499999999999,873
122.695,122.185,122.86,121.55499999999999,572
122.17,121.825,122.215,121.345,619
121.76499999999999,121.525,122.29,121.38999999999999,570
121.55499999999999,121.27,121.55499999999999,120.82,621
121.255,121.255,121.27,120.775,599
121.21000000000001,120.745,121.345,120.445,725
120.82,120.80499999999999,121.12,120.4,461
120.79,121.975,122.185,120.79,603
121.96000000000001,121.33000000000001,122.13999999999999,121.03,925
121.375,120.35499999999999,121.6,120.20500000000001,637
120.31,121.345,121.36,120.25,630
121.33000000000001,121.38999999999999,121.63,120.80499999999999,883
121.45,122.755,122.875,121.225,922
122.77,121.70500000000001,122.77,121.30000000000001,935
121.72,122.67999999999999,122.71000000000001,121.51,777
122.665,121.975,122.92,121.42,905
121.87,120.82,122.36500000000001,120.61,545
120.895,119.815,121.165,119.44,828
119.845,116.62,119.88999999999999,116.395,918
116.60499999999999,117.22,118.09,115.15,1310
117.13,117.26499999999999,119.26,116.47,864
117.25,116.83000000000001,117.55000000000001,116.125,830
116.815,116.33500000000001,117.52,116.13999999999999,957
116.32,116.83000000000001,117.4,116.30499999999999,930
116.845,117.42999999999999,117.475,116.53,872
117.415,117.745,117.91,116.92,1241
117.92500000000001,118.51,118.6,116.785,671
118.525,119.88999999999999,120.685,117.895,969
119.905,118.795,120.28,118.78,1162
118.81,118.645,119.5,118.10499999999999,1233
118.63,118.6,119.11,118.315,790
118.61500000000001,118.45,118.96000000000001,118.38999999999999,917
118.435,116.97999999999999,118.58500000000001,116.95,1094
117.04,113.59,117.72999999999999,113.08000000000001,1603
113.60499999999999,115.165,115.24000000000001,112.99000000000001,1752
114.895,115.495,115.795,113.815,1092
116.02,115.69,116.56,114.415,1011
115.72,118.76499999999999,118.87,115.57,1323
118.735,119.41,119.74000000000001,118.375,1103
119.395,117.20500000000001,119.45500000000001,117.13,1095
117.22,117.625,118.225,117.17500000000001,720
117.63999999999999,117.325,117.685,117.08500000000001,552
117.26499999999999,117.34,117.895,116.485,1322
117.31,117.63999999999999,117.88,117.07,907
117.61,117.42999999999999,117.72999999999999,117.07,1022
117.445,117.25,117.88,116.995,1066
117.82,117.19,118.225,117.025,715
117.20500000000001,116.45500000000001,117.505,115.66,708
116.485,116.275,117.145,116.095,728
116.29,118.075,118.21000000000001,116.29,1028
118.03,118.51,119.035,118.03,999
118.495,117.775,118.72,117.72999999999999,596
117.79,116.875,117.83500000000001,116.62,985
116.905,116.575,117.26499999999999,116.545,761
116.62,117.20500000000001,117.385,116.32,974
117.22,118.24000000000001,118.405,117.19,1384
118.10499999999999,117.685,118.315,117.04,680
117.7,117.325,117.94,117.295,780
117.31,117.535,117.625,117.05499999999999,648
117.505,117.42999999999999,118.0,117.42999999999999,694
117.445,116.83000000000001,117.46000000000001,116.11,883
116.845,116.97999999999999,117.52,116.56,1094
116.965,116.60499999999999,117.11500000000001,116.2,1199
116.56,116.875,116.905,116.42500000000001,638
116.86,117.17500000000001,117.52,116.815,980
117.13,117.535,117.685,116.815,1323
117.385,117.4,117.415,116.65,697
117.42999999999999,117.49000000000001,117.685,116.83000000000001,915
117.505,118.9,119.245,117.19,1196
118.915,118.10499999999999,118.96000000000001,117.67,992
118.165,118.075,118.285,117.895,485
118.045,117.08500000000001,118.10499999999999,116.785,822
117.1,115.645,117.17500000000001,115.0,1329
115.63,115.645,116.08000000000001,115.435,1196
115.63,115.63,115.78,115.10499999999999,1160
115.645,115.87,116.02,115.27,894
115.17999999999999,115.51,116.065,114.97,957
115.495,115.825,116.185,115.285,706
115.84,114.88,115.84,114.46000000000001,989
114.95500000000001,116.725,117.58000000000001,114.95500000000001,1415
116.74000000000001,116.74000000000001,117.145,116.47,621
116.77,117.145,117.685,116.77,816
117.13,117.67,117.83500000000001,117.025,757
117.72999999999999,120.16,120.535,117.72999999999999,1463
120.20500000000001,119.97999999999999,120.25,119.725,1131
119.965,119.845,120.20500000000001,119.29,1009
119.36500000000001,120.63999999999999,120.7,119.22999999999999,1072
120.655,119.95,121.24000000000001,119.77,1257
119.905,121.165,121.38999999999999,119.905,1232
121.17999999999999,120.7,121.27,120.385,750
120.685,119.575,120.95500000000001,119.35,831
119.56,119.845,120.26499999999999,119.35,598
119.83000000000001,119.88999999999999,120.46000000000001,119.575,536
119.905,120.16,120.37,119.65,524
120.145,120.07,120.49000000000001,119.845,879
120.08500000000001,119.92,120.35499999999999,119.845,827
119.38,118.96000000000001,120.13,118.61500000000001,485
118.975,118.67500000000001,119.47,118.55499999999999,688
118.66,118.195,118.735,117.415,779
118.24000000000001,118.075,118.75,117.72999999999999,1246
118.06,117.20500000000001,118.315,116.53,672
117.19,116.995,117.83500000000001,116.56,1147
116.845,116.875,117.1,116.29,885
116.86,116.74000000000001,117.1,116.665,737
116.755,116.65,116.95,116.275,940
116.665,116.62,117.295,116.59,1036
116.51499999999999,115.87,116.635,115.72,577
115.87,115.54,116.245,115.495,801
115.525,116.41,116.5,115.225,810
116.42500000000001,117.28,117.61,115.76499999999999,661
117.22,116.97999999999999,117.565,116.71000000000001,543
116.935,115.9,116.935,115.45,994
115.915,117.86500000000001,118.285,115.69,1043
117.85,117.85,118.435,117.72999999999999,1103
117.86500000000001,118.735,118.75,117.79,959
118.76499999999999,118.27,118.87,118.09,1284
118.24000000000001,116.845,118.405,116.71000000000001,620
116.86,116.62,116.905,116.13999999999999,555
116.60499999999999,116.35,116.635,115.85499999999999,641
116.395,115.99000000000001,116.41,115.795,664
115.975,116.47,116.92,115.975,690
116.45500000000001,115.99000000000001,116.5,115.9,590
115.96000000000001,116.47,116.92,115.87,492
116.45500000000001,116.47,116.995,116.2,736
116.45500000000001,116.22999999999999,116.53,115.92999999999999,605
116.215,116.77,116.86,115.975,729
116.815,117.19,117.445,116.125,764
117.17500000000001,117.61,118.405,116.86,931
117.595,118.10499999999999,118.375,117.325,769
118.255,118.01499999999999,118.70500000000001,117.88,712
118.03,118.195,118.70500000000001,118.0,587
118.21000000000001,119.36500000000001,119.935,118.21000000000001,1152
119.215,119.62,120.08500000000001,119.08000000000001,587
119.71000000000001,119.92,120.31,119.47,593
119.935,120.20500000000001,120.26499999999999,119.785,475
120.235,119.815,120.26499999999999,119.275,701
120.28,119.485,120.42999999999999,119.245,784
119.56,119.935,120.16,119.44,862
119.97999999999999,119.86,120.04,119.62,538
119.935,119.80000000000001,120.16,119.395,519
119.83000000000001,119.38,119.845,119.29,663
119.41,119.41,119.935,119.29,624
119.395,120.19,120.67,119.36500000000001,612
120.20500000000001,121.12,121.36,119.935,726
121.135,120.415,121.33000000000001,120.28,800
120.37,120.25,120.61,119.995,917
120.325,120.04,120.42999999999999,119.695,808
120.07,122.45500000000001,122.485,120.025,1051
122.47,124.06,124.405,122.08000000000001,614
124.045,127.435,127.915,124.045,1034
127.42,128.365,128.41,127.24000000000001,806
128.335,129.22,130.225,127.945,1307
129.235,129.025,129.51999999999998,128.335,1523
129.055,130.78,131.26,128.65,1911
130.81,130.36,131.785,130.06,1646
130.405,130.39,132.64,130.16500000000002,1424
129.07,129.775,130.78,128.785,1657
129.79000000000002,129.46,131.47,129.19,1092
129.475,129.61,129.73,128.95,998
129.67000000000002,129.475,129.775,129.01,685
129.49,129.4,130.3,129.175,916
129.46,129.085,130.015,128.965,788
128.995,130.51,131.125,128.995,939
130.48,130.405,131.065,129.745,1156
130.39,129.67000000000002,130.54000000000002,129.625,904
129.685,129.835,130.09,129.43,1138
128.92000000000002,130.285,130.585,128.725,916
130.26999999999998,131.605,132.175,130.26999999999998,1271
131.62,130.855,131.62,130.105,601
130.9,132.91,133.51,130.855,1113
132.89499999999998,133.66,134.14,132.625,599
133.69,133.99,134.575,133.315,882
133.96,133.945,134.695,133.615,997
133.91500000000002,132.565,134.095,132.43,2004
132.55,132.955,133.66,132.37,1147
132.97,133.12,133.735,132.745,1104
131.76999999999998,131.515,132.43,131.44,902
131.5,130.04500000000002,131.74,129.49,962
130.06,130.285,130.51,129.715,771
130.3,129.58,130.405,129.31,593
129.595,126.28,129.64,124.92999999999999,1513
126.26499999999999,124.87,127.045,123.86500000000001,1710
124.84,125.11,126.145,124.075,1305
125.08000000000001,124.465,125.08000000000001,123.415,1287
124.51,125.62,126.26499999999999,123.76,1232
125.59,125.5,125.665,124.81,1088
127.21000000000001,126.76,127.30000000000001,125.42500000000001,1343
126.67,126.04,127.03,125.60499999999999,920
125.95,125.88999999999999,126.535,125.545,738
125.905,127.0,127.045,125.62,536
126.97,126.52,127.375,126.4,517
126.46000000000001,126.31,126.745,126.22,479
126.26499999999999,126.58000000000001,127.75,126.26499999999999,864
126.565,126.92500000000001,127.405,126.505,642
126.91,125.38,127.195,124.57,1118
125.36500000000001,122.92,125.485,122.875,1347
119.97999999999999,120.20500000000001,121.975,119.36500000000001,1195
120.19,120.145,120.83500000000001,118.135,945
120.16,121.63,121.87,119.905,1253
121.72,121.09,121.78,120.20500000000001,887
121.075,121.92999999999999,122.29,121.0,832
121.915,122.13999999999999,122.83000000000001,121.42,1052
122.095,121.36,122.62,121.12,1167
121.38999999999999,122.42500000000001,122.71000000000001,121.24000000000001,981
122.5,121.58500000000001,122.695,121.285,1153
121.55499999999999,121.825,122.185,121.09,953
122.095,121.69,122.845,121.47999999999999,809
121.70500000000001,122.33500000000001,122.545,121.33000000000001,921
122.26,120.895,122.44,120.745,919
120.95500000000001,120.025,121.87,119.80000000000001,1094
120.01,120.31,120.88,119.88999999999999,1215
120.325,121.495,121.795,120.295,625
121.45,122.47,122.86,121.405,916
122.47,121.84,122.59,121.375,1060
121.92999999999999,123.94,123.94,121.825,879
124.0,125.22999999999999,125.45500000000001,123.63999999999999,1174
124.85499999999999,125.5,125.5,123.88,870
125.485,125.80000000000001,126.37,124.69,692
125.635,125.275,125.785,124.54,482
125.32,124.465,125.395,123.92500000000001,669
124.495,123.58000000000001,124.76499999999999,123.4,789
123.535,124.045,124.075,123.535,560
124.03,126.685,126.91,123.655,1042
126.79,127.435,128.695,126.685,1337
127.51,126.97,128.54500000000002,126.1,1075
126.985,125.635,127.135,125.035,993
125.215,124.99000000000001,125.32,124.6,216
125.05000000000001,126.145,126.92500000000001,124.78,592
126.1,126.535,126.685,125.53,729
126.55000000000001,130.39,130.75,126.535,1100
130.405,130.54000000000002,130.705,129.91,932
130.555,132.58,132.79000000000002,130.525,1271
132.745,132.79000000000002,133.525,132.055,1120
132.775,132.265,132.79000000000002,131.605,745
132.28,133.015,133.075,131.76999999999998,685
133.0,132.595,133.105,131.86,628
132.14499999999998,131.935,132.955,131.56,1219
131.965,132.37,132.89499999999998,131.54500000000002,733
132.355,133.315,133.375,132.205,433
133.33,133.525,133.9,133.03,661
133.51,131.575,133.54000000000002,130.87,845
131.635,130.405,132.025,129.91,1027
130.375,129.115,130.675,128.92000000000002,811
129.13,129.61,130.39,129.025,826
129.625,132.235,132.29500000000002,129.625,729
132.22,131.785,132.595,131.56,1013
133.615,131.245,133.75,130.93,909
131.185,131.755,132.055,130.12,739
131.65,131.995,132.085,130.63,650
132.115,136.47500000000002,136.805,131.965,1211
136.46,137.435,137.76500000000001,136.385,835
137.45,136.06,137.555,135.46,656
136.04500000000002,135.94,137.915,135.22,1068
135.925,135.715,136.82,135.46,851
135.76,133.72,136.15,133.465,1185
133.675,133.375,133.855,132.85,907
133.18,135.73,135.91,132.61,496
135.7,136.925,137.52499999999998,135.115,1307
136.91,137.52499999999998,137.76500000000001,135.58,954
137.555,136.655,137.73499999999999,135.22,800
136.49,136.09,136.835,135.685,761
136.075,137.06,137.255,136.075,257
137.04500000000002,135.73,137.135,135.685,421
135.79000000000002,136.06,137.27,135.79000000000002,322
135.97,137.57,138.5,135.89499999999998,459
137.585,137.57,138.05,136.835,426
137.105,135.73,137.105,135.055,835
135.7,137.52499999999998,138.305,135.355,1035
137.51,136.655,137.63,135.88,1069
136.67000000000002,131.875,136.85000000000002,131.365,1507
131.86,131.515,132.805,130.6,1050
131.53,130.81,131.695,130.3,1244
130.79500000000002,131.095,131.8,130.495,859
131.065,131.89,132.805,130.91500000000002,924
131.86,130.015,132.43,129.73,1097
129.985,130.12,131.485,129.94,863
129.865,131.695,132.055,129.865,1081
131.68,131.095,132.625,130.885,837
130.96,130.765,131.155,129.985,598
130.78,129.535,130.79500000000002,128.66500000000002,515
129.685,130.64499999999998,131.035,129.685,503
130.705,131.875,132.505,130.21,808
131.68,132.055,132.28,130.72,1327
132.04000000000002,131.425,132.97,131.38,1353
131.41,130.93,132.13,130.81,1458
130.945,131.23,131.695,130.585,1033
130.51,130.195,131.5,129.37,589
130.21,133.225,134.17000000000002,129.775,944
133.21,133.72,134.05,132.715,873
133.735,127.01499999999999,134.59,122.965,2359
127.0,127.645,129.28,126.82,2014
127.63,130.375,130.96,127.465,1108
130.39,129.085,131.53,129.085,926
129.13,133.345,133.345,129.13,1044
133.36,133.555,134.98,133.135,1352
133.54000000000002,133.63,133.81,132.715,594
132.745,131.65,133.18,130.72,1198
131.66500000000002,131.76999999999998,133.16500000000002,130.06,1038
131.845,132.115,132.565,130.78,659
132.04000000000002,132.745,133.18,130.675,696
132.73,132.46,132.85,131.95,591
132.445,132.115,132.775,131.08,679
132.04000000000002,131.425,132.175,131.08,746
131.39499999999998,130.885,131.89,130.21,683
130.855,131.14,131.41,130.405,1230
131.125,132.16,132.89499999999998,131.095,692
132.4,132.91,133.26999999999998,132.055,626
132.925,135.61,135.685,132.88,859
135.595,134.305,135.61,133.735,536
134.365,134.35,134.44,133.105,377
134.365,133.57,134.62,133.555,442
133.585,132.655,133.855,131.365,1187
132.64,131.98,132.715,131.59,910
131.965,132.76,132.89499999999998,131.83,1000
132.745,132.205,133.33,132.07,1164
132.22,132.475,133.39,131.74,930
132.28,132.325,133.72,131.995,419
132.34,133.87,134.755,132.325,702
133.6,134.14,134.755,132.445,818
134.29000000000002,134.89,135.445,132.985,711
134.905,133.825,135.28,133.825,556
133.79500000000002,133.72,134.23,133.615,663
133.705,133.375,134.125,133.015,825
133.36,133.285,133.75,132.94,658
133.24,133.93,134.365,132.925,740
133.945,135.25,135.29500000000002,133.6,710
135.655,135.19,135.655,134.38,689
135.205,136.225,137.66,135.13,950
136.18,136.21,136.60999999999999,135.76,489
136.225,135.73,136.225,135.37,567
135.745,135.055,135.925,134.83,611
135.04000000000002,136.06,137.03,134.39499999999998,796
136.075,137.075,137.585,136.06,801
137.04500000000002,138.29,139.04,136.925,837
138.35000000000002,137.75,138.395,137.39000000000001,695
137.72,138.215,138.29,137.24,768
131.35,131.485,132.64,129.025,1817
131.47,132.505,133.12,131.35,1050
132.51999999999998,131.83,133.03,131.54500000000002,822
131.875,133.81,134.01999999999998,131.44,730
133.79500000000002,132.41500000000002,134.935,132.025,1259
132.4,129.4,132.76,128.14,1324
129.43,126.565,129.625,125.815,1713
126.625,126.235,127.345,124.10499999999999,2133
126.25,127.915,127.92999999999999,126.235,1371
127.9,126.86500000000001,128.065,126.19,770
127.06,125.97999999999999,128.2,125.83000000000001,1078
125.965,124.99000000000001,126.13,124.63,981
124.825,124.66,125.88999999999999,124.38999999999999,1066
124.69,121.345,124.915,120.19,1344
121.33000000000001,123.11500000000001,123.20500000000001,121.0,564
123.1,122.155,123.11500000000001,121.36,618
122.13999999999999,122.905,123.655,121.825,928
122.935,122.395,123.385,122.215,1255
122.42500000000001,124.09,124.66,122.245,1167
124.12,124.42,125.51499999999999,124.03,1459
125.755,123.79,126.07,123.625,814
123.775,121.255,124.345,120.37,899
121.12,122.92,123.46000000000001,121.045,942
122.905,123.97,124.27,122.125,585
123.95500000000001,124.70500000000001,124.87,123.415,759
124.75,123.88,125.13999999999999,123.7,449
123.80499999999999,122.635,124.85499999999999,122.38,859
122.65,122.92,123.46000000000001,122.13999999999999,1124
122.88999999999999,120.655,123.235,120.31,1337
120.79,120.25,121.0,120.20500000000001,695
121.0,122.935,124.01499999999999,120.85,837
122.845,121.10499999999999,123.01,120.80499999999999,803
121.0,119.62,121.45,119.545,762
119.74000000000001,119.80000000000001,119.875,118.12,757
119.785,119.17,119.86,118.84,639
119.155,118.99000000000001,119.80000000000001,118.915,745
119.02,118.225,119.38,117.86500000000001,780
118.21000000000001,117.85,118.9,117.385,607
117.85,117.235,118.33000000000001,117.17500000000001,361
117.385,116.71000000000001,117.46000000000001,116.665,486
116.785,117.475,118.735,116.695,785
117.46000000000001,118.075,118.27,115.99000000000001,772
118.01499999999999,119.33500000000001,120.13,117.94,861
119.35,122.44,122.77,118.75,822
122.45500000000001,122.97999999999999,123.895,122.155,1068
123.01,121.66,123.31,121.12,906
121.67500000000001,121.57,123.55000000000001,121.30000000000001,811
121.45,120.86500000000001,122.13999999999999,120.76,793
120.80499999999999,122.32,123.22,120.80499999999999,695
122.26,121.285,122.53,121.01499999999999,849
121.195,121.165,121.945,120.91,383
121.15,122.065,122.32,120.385,710
122.005,121.75,123.42999999999999,121.645,439
121.87,121.495,121.87,121.10499999999999,357
121.47999999999999,122.22999999999999,122.575,121.45,431
122.215,122.86,122.875,121.99000000000001,413
122.875,123.13,123.88,122.725,651
123.11500000000001,121.975,123.19,121.72,578
122.41,122.33500000000001,122.785,121.795,654
122.32,122.13999999999999,122.41,121.70500000000001,394
122.02,122.36500000000001,122.65,121.735,1080
122.36500000000001,122.17,122.905,122.035,415
122.125,122.635,122.845,121.92999999999999,461
122.65,123.94,124.9,122.65,478
123.80499999999999,124.495,124.66,123.685,293
124.47999999999999,125.02,125.2,124.435,405
124.975,125.60499999999999,125.77,124.975,519
125.62,125.125,125.62,125.065,342
125.035,126.83500000000001,127.195,125.02,475
126.88,127.54,127.825,126.82,767
127.57,126.385,127.57,126.19,840
126.37,127.285,127.645,126.025,756
127.27,127.27,127.435,126.46000000000001,675
127.285,126.685,127.42,126.49000000000001,553
126.63999999999999,127.255,127.315,126.31,563
127.315,127.84,127.87,127.135,404
127.78,126.80499999999999,127.825,126.655,576
126.79,126.97,127.17999999999999,126.31,437
126.97,126.685,127.06,126.37,523
126.625,125.815,126.685,125.08000000000001,757
127.315,125.545,127.315,125.51499999999999,353
125.53,125.83000000000001,126.52,125.41,387
125.74000000000001,125.86,127.045,125.62,517
125.88999999999999,126.49000000000001,127.075,125.875,291
126.475,126.13,126.79,125.995,338
126.11500000000001,126.1,126.61,125.97999999999999,311
126.07,125.815,126.26499999999999,125.74000000000001,342
125.845,125.905,126.16,125.77,261
125.935,125.60499999999999,125.965,125.22999999999999,416
125.59,124.70500000000001,125.935,124.55499999999999,454
125.74000000000001,125.59,126.46000000000001,125.38,877
125.56,126.565,127.435,125.51499999999999,918
126.535,126.22,126.67,125.88999999999999,518
126.20500000000001,125.995,126.49000000000001,125.77,411
125.97999999999999,126.07,126.13,125.22999999999999,375
126.07,125.47,126.19,125.45500000000001,625
125.51499999999999,125.65,126.235,125.5,416
125.67999999999999,125.935,126.145,125.56,301
125.965,125.875,126.535,125.71000000000001,216
125.845,125.92,126.19,125.725,463
125.905,126.91,127.27,125.88999999999999,605
126.97,127.33000000000001,128.41,126.895,577
127.30000000000001,126.94,127.435,126.745,402
126.95500000000001,127.15,127.405,126.94,178
127.165,126.325,127.30000000000001,126.22,664
126.31,127.0,127.165,126.28,403
127.01499999999999,126.61,127.12,126.17500000000001,354
126.595,127.38999999999999,127.435,126.415,413
127.375,128.26,128.305,127.24000000000001,301
128.2,129.385,131.245,128.095,830
129.4,129.61,130.18,129.055,134
129.61,130.45,130.99,129.595,239
127.03,127.01499999999999,127.09,126.91,16
127.0,126.685,127.225,126.4,363
126.67,124.735,126.83500000000001,124.72,515
124.645,124.15,124.76499999999999,123.745,669
124.135,123.82,124.57,123.385,579
123.86500000000001,123.49000000000001,124.315,123.445,578
123.475,122.5,123.715,122.215,575
122.485,123.1,123.22,121.78,572
123.19,122.56,123.58000000000001,122.275,579
122.545,123.37,124.315,122.38,449
123.35499999999999,122.95,123.4,122.245,359
122.905,122.875,123.19,122.56,273
122.86,122.665,123.19,122.575,245
122.65,123.01,123.295,122.62,248
123.11500000000001,122.815,123.20500000000001,122.11,533
122.83000000000001,123.17500000000001,123.235,122.45500000000001,397
123.20500000000001,122.035,123.235,121.78,606
122.035,121.27,122.155,120.91,736
121.61500000000001,120.655,121.61500000000001,120.49000000000001,324
120.67,119.35,120.67,118.61500000000001,747
119.32,119.08000000000001,119.875,118.63,645
119.11,119.275,119.755,118.70500000000001,525
119.32,119.065,119.35,119.005,322
119.08000000000001,120.235,122.905,119.005,1395
120.28,119.29,120.655,118.78,595
119.32,119.80000000000001,120.415,119.245,543
119.785,120.04,120.49000000000001,119.695,399
119.995,120.37,120.37,119.33500000000001,505
120.49000000000001,120.11500000000001,120.655,119.695,695
120.08500000000001,120.625,121.01499999999999,119.095,838
120.61,120.42999999999999,121.38999999999999,120.19,698
120.58000000000001,120.72999999999999,121.315,120.37,571
120.715,120.325,120.97,120.31,342
120.31,120.655,120.86500000000001,120.31,418
120.58000000000001,121.81,122.125,120.535,581
121.825,122.35,123.235,121.735,485
122.36500000000001,121.76499999999999,122.59,121.21000000000001,485
121.795,121.55499999999999,121.825,121.17999999999999,667
121.17999999999999,121.255,121.57,120.895,755
121.24000000000001,120.86500000000001,121.285,120.16,778
120.83500000000001,122.065,122.155,120.535,934
122.11,121.38999999999999,122.155,121.21000000000001,422
121.375,122.38,122.45500000000001,121.375,308
122.36500000000001,122.59,122.71000000000001,122.08000000000001,395
122.62,122.29,122.71000000000001,122.125,411
122.245,123.1,123.145,122.08000000000001,413
123.145,122.695,124.0,122.62,531
122.67999999999999,123.895,124.12,122.53,413
122.965,122.125,123.20500000000001,121.27,587
122.155,120.26499999999999,122.17,119.67999999999999,620
120.235,120.025,120.83500000000001,119.845,422
120.11500000000001,120.325,121.045,120.11500000000001,478
120.34,120.35499999999999,120.655,120.145,490
120.34,121.61500000000001,121.70500000000001,120.1,429
121.63,121.61500000000001,122.965,121.315,527
121.645,122.33500000000001,122.815,121.6,459
122.38,121.795,122.59,121.795,380
121.78,122.665,122.74000000000001,121.63,612
122.65,122.185,122.77,121.915,428
122.215,123.67,123.67,121.84,725
123.67,123.49000000000001,123.685,122.695,506
123.52,123.775,124.87,123.52,784
123.79,124.435,124.47999999999999,123.79,404
124.57,125.47,125.635,124.36,422
125.485,125.62,125.97999999999999,125.395,536
125.59,125.125,125.965,124.315,465
125.05000000000001,125.695,126.655,124.85499999999999,460
125.545,125.97999999999999,126.58000000000001,125.545,456
125.33500000000001,125.77,126.63999999999999,125.22999999999999,756
125.755,127.81,127.92999999999999,125.755,680
127.81,127.87,129.07,127.525,747
127.885,128.5,128.62,127.165,433
128.515,128.66500000000002,128.68,128.14,272
128.68,127.915,128.68,127.69,491
127.9,126.49000000000001,128.68,126.1,675
126.42999999999999,127.84,128.05,125.97999999999999,730
127.87,129.07,129.085,127.76499999999999,336
128.995,129.475,130.315,128.935,692
129.265,128.41,129.265,127.67500000000001,723
128.365,129.58,130.0,128.005,1052
129.565,129.19,130.135,128.68,746
129.205,128.035,129.82,127.195,775
127.99000000000001,128.11,128.635,127.885,508
128.14,125.755,128.2,125.47,830
125.74000000000001,123.80499999999999,125.845,123.17500000000001,956
123.83500000000001,125.13999999999999,125.695,123.72999999999999,869
125.26,123.92500000000001,125.45500000000001,123.46000000000001,582
123.88,124.525,125.125,123.79,607
124.87,125.005,125.45500000000001,124.435,515
125.02,124.885,125.02,123.685,867
124.87,124.27,125.92,123.685,717
124.33000000000001,124.70500000000001,125.065,123.625,885
124.63,124.72,124.795,124.51,357
124.67500000000001,125.17,125.545,124.63,676
125.2,125.22999999999999,126.20500000000001,125.05000000000001,569
125.35,125.22999999999999,125.60499999999999,124.17999999999999,487
125.08000000000001,122.71000000000001,125.155,122.695,480
122.83000000000001,123.4,123.715,122.83000000000001,562
125.725,126.82,128.005,124.975,627
126.80499999999999,125.53,127.21000000000001,124.84,885
125.47,125.67999999999999,126.91,125.13999999999999,650
125.725,125.545,126.13,125.08000000000001,440
125.56,124.99000000000001,125.56,124.345,631
125.005,125.035,125.845,124.735,472
124.99000000000001,124.63,125.51499999999999,124.465,335
124.58500000000001,125.32,125.47,124.47999999999999,306
125.30499999999999,125.33500000000001,125.92,125.155,338
125.35,126.01,126.19,125.32,397
126.11500000000001,126.025,126.13,125.41,718
126.04,126.325,126.7,125.665,426
126.31,127.075,128.08,126.13,579
127.15,127.03,127.63,126.97,502
127.045,127.135,127.51,126.91,448
127.15,127.10499999999999,127.27,126.625,569
127.12,126.79,127.27,126.685,387
126.775,127.06,127.81,126.72999999999999,394
127.09,126.97,127.47999999999999,126.775,352
127.0,126.91,127.38999999999999,126.63999999999999,591
126.655,124.42,126.67,124.17999999999999,452
124.435,126.37,127.17999999999999,124.36,641
126.385,126.63999999999999,126.685,125.65,823
126.58000000000001,126.11500000000001,126.82,125.30499999999999,567
126.1,126.88,127.0,126.05499999999999,527
126.895,126.295,126.895,126.145,367
126.31,126.19,126.35499999999999,125.45500000000001,631
126.20500000000001,123.49000000000001,126.20500000000001,123.475,745
123.505,121.99000000000001,124.345,121.81,772
121.885,122.665,123.05499999999999,121.87,907
123.505,122.995,124.06,122.35,490
122.97999999999999,123.16,123.76,122.38,724
123.08500000000001,123.04,123.92500000000001,122.395,579
122.95,122.80000000000001,123.025,122.29,413
122.905,123.91,123.97,122.665,418
123.895,125.47,125.86,123.7,810
125.45500000000001,124.84,126.13,124.84,759
124.885,124.915,125.395,124.76499999999999,579
124.9,125.695,126.28,124.9,647
125.67999999999999,126.145,126.28,125.36500000000001,494
126.34,125.71000000000001,126.52,124.99000000000001,1410
125.71000000000001,125.905,126.20500000000001,125.08000000000001,805
125.88999999999999,125.725,126.13,125.30499999999999,601
125.74000000000001,125.47,125.815,124.465,778
125.5,126.11500000000001,126.20500000000001,125.26,450
126.1,125.47,126.325,125.065,628
125.45500000000001,125.275,126.1,125.095,634
125.29,125.32,125.755,125.22999999999999,282
125.395,124.96000000000001,125.545,124.67500000000001,327
124.87,125.59,125.665,124.81,503
125.5,125.815,126.07,124.99000000000001,468
125.86,125.33500000000001,126.1,125.215,628
125.32,124.81,125.60499999999999,124.465,523
124.795,125.83000000000001,126.16,124.795,549
125.815,126.895,127.0,125.56,716
126.86500000000001,127.24000000000001,127.375,126.67,542
127.27,127.57,128.54500000000002,127.255,609
127.54,127.345,127.735,127.27,439
127.285,127.36,127.54,127.225,313
127.375,126.80499999999999,127.69,126.685,604
126.565,125.905,127.54,125.60499999999999,423
125.95,126.86500000000001,127.33000000000001,125.83000000000001,483
126.85,126.92500000000001,127.10499999999999,126.325,413
126.97,127.17999999999999,128.155,126.86500000000001,614
127.165,128.39499999999998,128.54500000000002,126.88,553
128.41,128.17000000000002,128.44,127.72,473
128.185,128.035,128.455,127.825,623
128.05,129.805,129.985,128.01999999999998,437
129.685,130.0,130.16500000000002,128.725,411
130.0,131.98,132.055,129.865,850
131.2,132.055,132.4,130.585,464
132.085,132.925,133.16500000000002,131.755,627
132.97,133.195,133.72,132.97,337
133.18,133.825,134.035,132.715,661
133.87,134.86,135.1,133.765,623
134.8,133.855,134.845,133.375,668
133.91500000000002,132.28,134.845,132.19,791
132.265,132.265,132.475,130.96,647
132.325,132.22,132.67000000000002,131.8,429
132.205,132.85,133.09,132.175,418
132.01,132.28,132.7,132.01,321
132.265,131.65,132.31,130.93,653
131.575,132.51999999999998,132.535,131.305,621
132.505,133.21,133.33,132.355,500
133.195,133.375,134.185,133.12,618
133.465,133.255,133.79500000000002,132.73,523
133.195,133.66,133.705,133.18,309
133.675,134.08,134.17000000000002,133.555,421
134.065,134.725,134.76999999999998,133.99,829
134.725,134.065,135.445,133.84,678
133.63,133.465,134.68,133.375,457
133.495,134.32,134.53,132.46,1040
134.335,134.05,135.46,133.66,1114
134.065,132.025,134.32,131.245,1234
132.01,132.355,132.64,131.695,719
132.29500000000002,131.2,132.325,131.2,555
131.095,128.11,131.155,127.465,1265
128.125,129.16,129.43,128.065,629
129.175,128.65,129.715,128.485,573
128.635,129.1,129.25,128.01999999999998,517
129.175,128.2,129.49,128.065,450
128.185,126.715,128.68,125.41,803
126.655,127.87,128.815,126.595,562
127.85499999999999,128.26,128.39499999999998,126.86500000000001,516
128.275,128.455,128.92000000000002,127.99000000000001,605
128.44,127.6,128.5,127.45,453
127.58500000000001,126.715,127.66,126.42999999999999,598
126.67,126.91,127.42,126.415,690
126.94,126.80499999999999,127.645,126.715,688
126.79,126.97,127.21000000000001,126.28,571
126.95500000000001,126.7,127.285,126.28,524
126.715,127.075,127.33000000000001,125.965,552
127.09,125.05000000000001,127.165,124.885,561
125.125,125.22999999999999,125.665,124.735,580
125.215,125.22999999999999,125.905,124.76499999999999,505
125.215,125.215,125.575,125.035,338
125.17,124.78,125.29,124.10499999999999,364
124.795,124.63,125.17,124.24000000000001,548
124.66,124.495,124.87,124.225,406
124.51,124.03,125.125,123.72999999999999,490
124.69,125.36500000000001,125.56,124.03,601
125.35,125.17,125.45500000000001,124.72,607
125.17,124.58500000000001,125.17,124.465,584
124.6,124.915,125.635,124.55499999999999,476
124.9,124.54,125.29,124.54,433
124.525,124.63,124.885,124.30000000000001,476
124.57,124.85499999999999,125.11,124.405,650
124.795,126.25,126.92500000000001,124.76499999999999,693
126.26499999999999,125.155,126.685,124.96000000000001,804
125.17,125.45500000000001,125.575,124.47999999999999,713
126.05499999999999,124.51,126.05499999999999,124.12,494
124.57,125.42500000000001,125.665,124.495,519
125.36500000000001,125.125,126.16,125.05000000000001,663
125.11,126.52,127.09,125.11,555
126.505,125.71000000000001,126.76,125.60499999999999,482
125.695,126.895,127.195,125.36500000000001,790
126.88,127.045,127.54,126.80499999999999,713
127.03,128.01999999999998,128.125,126.46000000000001,619
128.005,127.165,128.125,127.165,575
127.09,126.595,127.735,126.565,605
126.86500000000001,125.815,127.525,125.815,667
125.83000000000001,126.1,126.80499999999999,125.65,618
126.05499999999999,125.41,126.05499999999999,124.795,570
125.42500000000001,126.25,126.76,124.15,886
126.26499999999999,125.83000000000001,126.52,125.5,493
125.86,125.71000000000001,126.17500000000001,125.545,503
125.74000000000001,124.92999999999999,125.905,124.75,537
124.915,124.58500000000001,125.35,124.47999999999999,496
124.645,124.645,125.125,124.57,335
124.63,124.03,124.645,123.85,613
124.30000000000001,124.825,125.695,124.30000000000001,643
124.84,125.035,125.185,124.15,706
125.02,125.47,125.59,124.165,797
125.485,126.13,126.26499999999999,125.395,591
126.11500000000001,126.13,126.63999999999999,126.1,322
126.08500000000001,126.01,126.565,126.01,460
126.025,125.74000000000001,126.37,125.45500000000001,508
125.725,126.685,126.86500000000001,125.67999999999999,433
126.655,126.475,126.83500000000001,126.26499999999999,371
126.505,126.475,126.685,126.295,498
126.535,125.815,126.685,125.53,533
125.83000000000001,126.4,126.58000000000001,125.035,623
126.25,126.72999999999999,126.86500000000001,126.1,655
126.76,126.80499999999999,126.985,126.325,477
126.79,127.15,127.225,126.63999999999999,347
127.165,127.6,127.915,127.01499999999999,409
127.57,126.94,127.58500000000001,126.88,501
126.97,128.095,128.14,126.94,304
128.065,128.005,128.215,127.495,380
127.99000000000001,128.86,129.025,127.99000000000001,576
128.8,128.875,128.875,128.26,353
128.86,128.875,129.58,128.54500000000002,675
128.845,129.205,129.775,128.71,645
129.19,129.28,129.67000000000002,129.055,451
129.29500000000002,128.335,129.445,128.065,459
128.485,126.16,128.755,126.04,807
126.20500000000001,126.25,126.58000000000001,125.59,750
126.22,125.97999999999999,126.595,125.36500000000001,734
125.97999999999999,125.695,126.295,125.36500000000001,494
125.725,125.36500000000001,125.92,125.29,625
125.635,125.97999999999999,126.28,125.56,563
125.965,125.995,126.31,125.60499999999999,468
126.01,125.71000000000001,126.295,125.635,554
125.67999999999999,125.785,125.875,125.08000000000001,412
125.77,125.65,126.16,125.41,364
125.545,126.235,126.31,125.53,350
126.25,125.51499999999999,127.075,125.32,591
125.5,125.08000000000001,125.77,124.9,415
125.035,125.2,125.33500000000001,124.87,374
125.33500000000001,125.59,126.49000000000001,125.155,576
126.34,125.785,126.34,125.155,375
125.71000000000001,127.255,127.38999999999999,125.485,839
127.225,125.905,127.345,125.67999999999999,641
125.86,127.09,127.255,125.86,481
127.075,127.225,127.645,127.0,272
127.30000000000001,127.70500000000001,127.81,127.30000000000001,337
127.645,127.255,127.81,127.12,383
127.30000000000001,127.75,127.81,127.30000000000001,383
127.735,127.58500000000001,127.795,126.92500000000001,351
127.66,127.81,128.54500000000002,127.405,625
127.61500000000001,127.345,127.69,126.86500000000001,641
127.36,127.225,127.885,127.165,530
127.21000000000001,126.04,127.225,125.95,564
126.01,126.415,126.475,125.545,545
126.42999999999999,126.82,127.01499999999999,126.22,339
126.80499999999999,127.10499999999999,127.135,126.775,369
127.075,127.24000000000001,128.08,127.06,481
127.225,127.255,127.78,127.17999999999999,416
127.255,127.45,127.735,127.10499999999999,363
127.495,126.505,127.70500000000001,126.505,774
127.135,126.595,127.135,126.42999999999999,514
126.55000000000001,126.67,127.06,126.49000000000001,329
126.61,126.1,126.79,125.965,511
126.08500000000001,126.11500000000001,126.745,125.665,463
126.05499999999999,125.485,126.13,125.45500000000001,540
125.53,124.33000000000001,125.545,124.165,685
124.315,125.30499999999999,125.51499999999999,124.24000000000001,947
125.32,125.845,126.25,125.32,627
125.77,125.29,126.26499999999999,125.245,609
125.30499999999999,124.885,125.635,124.84,733
125.33500000000001,125.02,125.395,124.825,428
125.005,124.27,125.13999999999999,124.10499999999999,568
124.255,123.01,124.45,122.95,595
123.025,122.125,123.26499999999999,122.05000000000001,705
122.11,121.03,122.47,120.61,700
121.01499999999999,121.03,121.33000000000001,120.35499999999999,804
120.985,120.325,121.27,120.145,825
120.31,118.945,120.37,118.945,584
118.945,118.15,118.99000000000001,118.045,1062
118.12,118.465,118.87,118.01499999999999,831
119.08000000000001,118.255,119.395,118.10499999999999,749
118.27,118.17999999999999,119.05000000000001,117.715,1064
118.10499999999999,116.95,118.12,116.44,991
117.04,118.165,119.60499999999999,116.86,776
118.195,116.785,118.30000000000001,116.725,715
116.77,117.08500000000001,117.445,116.74000000000001,587
117.1,117.04,117.46000000000001,116.575,781
117.1,117.04,117.7,116.67999999999999,668
117.01,116.88999999999999,117.04,116.65,503
116.905,117.1,117.37,116.695,761
117.16,118.435,118.57,116.83000000000001,730
118.58500000000001,118.75,119.635,118.45,641
118.76499999999999,117.92500000000001,118.96000000000001,117.88,621
117.86500000000001,117.72999999999999,118.12,117.385,531
117.745,117.35499999999999,117.88,117.295,436
117.37,117.745,117.92500000000001,117.26499999999999,411
117.72999999999999,117.475,118.225,117.295,441
117.46000000000001,116.86,117.625,116.56,523
116.875,114.58000000000001,117.08500000000001,114.42999999999999,617
114.61,114.17500000000001,115.045,113.95,1140
