17676.35,17739.050000000003,17752.1,17672.300000000003,19543
17739.35,17742.050000000003,17771.300000000003,17719.25,16672
17742.35,17750.300000000003,17815.699999999997,17734.550000000003,26092
17750.449999999997,17760.5,17787.050000000003,17707.550000000003,22307
17760.199999999997,17517.949999999997,17777.0,17513.75,79133
17518.4,17440.4,17519.9,17364.65,132381
17440.25,17560.25,17603.6,17419.1,133334
17560.550000000003,17551.4,17711.6,17499.050000000003,108451
17551.25,17609.300000000003,17646.5,17464.4,102655
17609.0,17517.5,17698.550000000003,17476.550000000003,116146
17517.65,17671.699999999997,17747.6,17508.5,118256
17675.0,17717.0,17729.300000000003,17665.550000000003,21555
17727.199999999997,17772.800000000003,17785.1,17724.35,9444
17773.1,17782.550000000003,17805.050000000003,17766.5,6803
17782.1,17723.300000000003,17782.1,17682.949999999997,17232
17723.449999999997,17752.25,17761.699999999997,17720.6,14300
17752.85,17767.85,17791.85,17747.6,12836
17767.550000000003,17828.449999999997,17838.5,17761.25,10195
17828.300000000003,17805.050000000003,17830.25,17801.0,6936
17804.300000000003,17790.800000000003,17828.300000000003,17772.949999999997,11433
17790.35,17822.6,17827.1,17734.550000000003,19111
17822.6,17725.4,17824.699999999997,17715.800000000003,35159
17725.1,17678.449999999997,17743.85,17642.6,27395
17678.300000000003,17680.1,17699.300000000003,17599.1,23471
17679.949999999997,17631.800000000003,17710.85,17625.949999999997,21733
17632.1,17551.25,17654.449999999997,17513.6,32909
17551.1,17577.949999999997,17610.35,17508.5,35252
17577.35,17710.25,17786.6,17561.6,96943
17710.85,17821.550000000003,17894.75,17636.6,144408
17821.25,17784.5,17855.0,17723.449999999997,117106
17784.65,17759.300000000003,17811.800000000003,17684.6,86936
17759.0,17773.050000000003,17804.300000000003,17689.25,77777
17773.050000000003,17954.449999999997,17963.300000000003,17656.85,154191
17953.25,17926.6,18049.699999999997,17848.3,101557
17924.35,17839.550000000003,17929.3,17724.3,42197
17868.050000000003,17871.5,17883.5,17839.25,9097
17871.65,17840.0,17889.050000000003,17834.300000000003,8743
17839.85,17978.0,17989.1,17833.85,20711
17978.0,17870.15,17991.800000000003,17863.699999999997,18427
17870.300000000003,17866.550000000003,17883.199999999997,17844.050000000003,14835
17866.4,17870.300000000003,17877.199999999997,17791.699999999997,15216
17870.300000000003,17812.699999999997,17872.85,17807.9,8552
17812.1,17794.1,17834.15,17780.6,16245
17794.550000000003,17824.1,17837.300000000003,17773.85,14652
17824.550000000003,17967.050000000003,17969.300000000003,17822.15,25938
17966.6,17840.75,17967.35,17810.75,22346
17840.449999999997,17907.5,17917.85,17817.050000000003,18792
17907.5,17923.1,17946.35,17876.0,17281
17923.550000000003,17966.449999999997,18030.949999999997,17917.1,31865
17967.050000000003,17964.5,17991.5,17899.800000000003,33524
17964.35,18170.8,18188.95,17848.25,87591
18170.95,18292.75,18295.9,18144.55,104816
18292.9,18344.8,18357.55,18273.4,70734
18344.35,18476.8,18479.35,18321.1,57449
18477.7,18476.65,18514.45,18424.6,57599
18476.8,18459.4,18497.2,18433.15,54749
18459.7,18413.95,18502.55,18351.7,81940
18413.35,18386.8,18418.3,18368.8,18781
18391.3,18416.2,18445.6,18387.4,8533
18416.35,18430.45,18444.8,18412.3,6029
18430.0,18365.6,18445.15,18331.699999999997,15152
18366.050000000003,18382.85,18396.800000000003,18357.35,14953
18383.300000000003,18365.300000000003,18392.0,18356.15,9340
18364.85,18376.85,18402.800000000003,18360.800000000003,7630
18377.0,18397.1,18414.199999999997,18374.15,6141
18397.1,18388.1,18422.449999999997,18363.800000000003,10378
18387.949999999997,18403.699999999997,18408.5,18348.949999999997,13343
18402.35,18377.9,18421.1,18352.85,25352
18378.199999999997,18504.199999999997,18518.9,18365.300000000003,25242
18503.75,18540.65,18559.25,18459.800000000003,19751
18541.699999999997,18528.949999999997,18542.0,18481.550000000003,18895
18528.5,18442.25,18528.5,18435.050000000003,23570
18442.4,18624.5,18654.050000000003,18431.0,41298
18624.199999999997,18777.949999999997,18795.65,18570.949999999997,82173
18777.800000000003,18796.85,18888.800000000003,18753.35,104806
18798.050000000003,18888.800000000003,18896.0,18760.25,68624
18889.1,18876.65,18915.800000000003,18838.699999999997,56547
18876.949999999997,18882.050000000003,18898.85,18850.1,41718
18882.050000000003,18921.5,18926.449999999997,18857.9,34845
18921.35,19022.449999999997,19022.449999999997,18909.050000000003,49755
19019.75,19074.800000000003,19079.0,19006.550000000003,18799
19069.25,19060.1,19075.85,19010.300000000003,10689
19060.85,19106.6,19136.0,19052.9,10415
19106.300000000003,19122.5,19130.300000000003,19080.800000000003,12822
19122.199999999997,19126.85,19152.949999999997,19107.199999999997,14355
19127.0,19175.0,19192.550000000003,19117.550000000003,14129
19174.85,19181.0,19186.550000000003,19153.699999999997,11484
19181.0,19221.65,19224.949999999997,19173.5,9981
19221.65,19301.6,19303.699999999997,19209.5,17467
19301.449999999997,19269.050000000003,19302.949999999997,19257.199999999997,14627
19269.199999999997,19279.25,19296.199999999997,19247.300000000003,20774
19279.550000000003,19277.300000000003,19302.199999999997,19260.800000000003,13031
19276.85,19305.5,19323.949999999997,19263.800000000003,13835
19305.800000000003,19270.1,19308.949999999997,19218.050000000003,17515
19271.0,19254.5,19272.050000000003,19240.550000000003,11965
19254.949999999997,19223.6,19255.85,19180.550000000003,16969
19223.449999999997,19159.85,19233.35,19120.699999999997,22424
19159.699999999997,19170.5,19197.35,19106.75,18474
19170.800000000003,19193.6,19226.449999999997,19156.25,15388
19194.050000000003,19214.15,19252.550000000003,19177.699999999997,15633
19214.15,19214.15,19214.15,19214.15,40
19233.800000000003,19162.1,19233.800000000003,19119.949999999997,16063
19161.949999999997,19223.0,19238.9,19158.800000000003,12794
19223.300000000003,19070.449999999997,19232.9,19026.199999999997,27215
19070.0,19098.199999999997,19132.550000000003,19016.0,25021
19098.5,19139.6,19153.65,19089.199999999997,17402
19139.6,19130.300000000003,19145.0,19088.6,13509
19129.85,19126.550000000003,19150.1,19107.199999999997,8587
19127.0,19110.5,19148.300000000003,19106.300000000003,13656
19110.949999999997,19043.449999999997,19119.050000000003,18999.199999999997,22613
19042.25,18979.85,19059.199999999997,18948.949999999997,29593
18982.1,19078.550000000003,19127.0,18980.449999999997,26754
19078.1,18961.25,19079.300000000003,18926.0,36480
18961.1,18988.699999999997,19028.6,18924.050000000003,26219
18989.0,19012.85,19059.35,18988.4,24488
19012.699999999997,18910.550000000003,19018.85,18893.300000000003,33261
18910.4,18830.6,19032.199999999997,18783.35,72255
18829.85,18932.15,18969.35,18721.85,106319
18932.0,19064.0,19083.5,18849.199999999997,98331
19064.0,19097.75,19133.75,18993.050000000003,77585
19097.6,19136.6,19143.65,18990.199999999997,85259
19136.300000000003,18949.85,19152.199999999997,18904.1,93459
18949.550000000003,18963.949999999997,19115.75,18910.85,104569
18968.15,18981.35,19003.550000000003,18951.5,29023
18997.550000000003,19041.949999999997,19044.050000000003,18984.949999999997,10449
19041.5,19057.1,19066.699999999997,19024.85,9163
19057.699999999997,19047.800000000003,19076.75,19043.0,11471
19047.949999999997,19067.300000000003,19089.199999999997,19040.0,13693
19067.0,19019.300000000003,19067.300000000003,19014.5,12592
19019.300000000003,19023.949999999997,19029.050000000003,18993.199999999997,9945
19023.800000000003,19019.0,19032.5,18968.6,10244
19018.85,18947.0,19043.0,18923.6,18570
18948.050000000003,18996.65,19004.75,18931.699999999997,18580
18996.199999999997,18963.800000000003,19022.75,18950.449999999997,27798
18964.1,18930.800000000003,18974.15,18872.75,24999
18932.6,18943.1,18980.75,18928.4,14335
18942.949999999997,18928.1,18957.050000000003,18907.550000000003,17617
18927.800000000003,19024.1,19026.5,18926.300000000003,19588
19024.25,19033.550000000003,19075.85,19013.0,24309
19035.5,19206.449999999997,19233.949999999997,19024.699999999997,86706
19207.35,18963.949999999997,19228.1,18835.85,117060
18963.65,18762.5,18964.1,18750.050000000003,101878
18762.65,18745.1,18788.0,18681.199999999997,85237
18745.25,18821.0,18849.65,18733.25,90757
18821.75,18915.050000000003,18987.949999999997,18809.9,93939
18916.85,18824.449999999997,18995.6,18814.85,99868
18824.0,18819.949999999997,18842.15,18787.699999999997,22277
18822.35,18784.85,18827.300000000003,18778.699999999997,10225
18784.25,18759.35,18801.65,18750.5,13795
18759.199999999997,18861.199999999997,18876.050000000003,18738.5,30058
18861.050000000003,18829.25,18881.15,18825.5,25181
18829.25,18823.1,18862.1,18803.0,22246
18822.800000000003,18835.1,18841.85,18810.050000000003,14925
18835.25,18843.65,18851.15,18824.449999999997,8707
18843.35,18829.25,18852.35,18789.050000000003,20920
18829.1,18875.15,18879.75,18812.449999999997,20047
18874.85,18904.0,18942.050000000003,18862.550000000003,29123
18904.0,18921.4,18966.85,18875.65,24795
18921.1,18927.4,18962.65,18892.9,20397
18927.55,18967.6,18979.15,18905.8,17362
18967.3,18948.4,18968.65,18925.6,17528
18948.85,18877.45,18962.35,18873.7,41761
18877.15,18795.949999999997,18898.6,18661.25,145955
18796.25,18898.25,18945.199999999997,18744.199999999997,170849
18898.699999999997,19035.85,19093.9,18883.1,118423
19036.6,19175.2,19197.7,19023.85,93684
19175.35,19243.6,19248.4,19144.0,86656
19243.75,19226.95,19297.3,19222.3,70931
19227.7,19339.6,19346.2,19210.6,101582
19340.05,19342.0,19352.2,19302.55,20529
19353.7,19373.65,19415.05,19341.1,12326
19373.5,19382.65,19397.05,19371.85,8409
19382.05,19335.800000000003,19387.4,19330.25,17279
19335.35,19362.050000000003,19367.6,19326.800000000003,13703
19361.75,19344.800000000003,19368.050000000003,19336.550000000003,7467
19345.25,19334.0,19354.5,19329.949999999997,6957
19334.0,19335.199999999997,19361.449999999997,19333.85,6724
19335.050000000003,19349.449999999997,19359.949999999997,19332.199999999997,8113
19349.6,19328.15,19356.35,19321.550000000003,10892
19326.5,19238.0,19330.550000000003,19231.550000000003,22224
19238.449999999997,19256.15,19269.35,19212.199999999997,17244
19255.85,19239.5,19261.85,19201.699999999997,14098
19239.949999999997,19157.6,19241.9,19145.0,17895
19158.050000000003,19096.550000000003,19172.0,19090.699999999997,23650
19096.550000000003,19070.75,19211.300000000003,19024.75,70659
19070.449999999997,19037.449999999997,19109.9,18912.050000000003,130512
19037.300000000003,18849.050000000003,19093.550000000003,18844.85,177868
18848.75,18819.35,18858.199999999997,18752.449999999997,116629
18819.5,18906.949999999997,18916.85,18786.5,107517
18906.65,18824.300000000003,18966.949999999997,18800.15,104163
18824.300000000003,18863.15,18902.300000000003,18806.449999999997,91186
18863.449999999997,18826.1,18877.25,18764.6,117619
18826.550000000003,18821.0,18845.75,18802.699999999997,18124
18821.0,18821.0,18821.0,18821.0,1
18858.35,18825.949999999997,18881.6,18789.199999999997,17107
18826.1,18823.85,18852.5,18805.25,11693
18823.550000000003,18866.75,18874.25,18795.800000000003,18884
18867.050000000003,18900.199999999997,18909.9,18853.550000000003,23670
18900.050000000003,18944.300000000003,18951.35,18894.949999999997,14496
18944.0,18947.05,18962.65,18934.4,8764
18946.9,18966.85,18973.15,18936.55,7600
18966.7,18955.6,18972.55,18933.85,11601
18954.55,18983.05,18991.3,18924.85,15120
18983.2,19066.45,19069.3,18977.65,23140
19066.3,19118.2,19124.05,19064.65,19234
19118.65,19067.95,19122.55,19054.6,12948
19068.1,19105.15,19116.4,19062.25,10895
19104.55,19105.45,19113.4,19060.3,13592
19105.9,19109.8,19146.85,19082.95,20439
19109.8,19121.65,19176.4,19009.3,112787
19122.1,19168.6,19213.3,19118.35,148355
19168.45,18996.55,19187.95,18940.45,121670
18997.6,18905.8,19001.05,18797.8,110154
18905.95,19014.55,19016.35,18831.4,96340
19014.4,18884.05,19022.65,18834.55,106226
18883.75,18897.7,18924.1,18810.1,114335
18898.3,18907.9,18912.1,18870.4,16218
18913.15,18873.25,18919.9,18865.15,10979
18873.4,18903.4,18917.95,18870.4,8336
18903.55,18834.55,18907.45,18814.9,21192
18834.7,18787.85,18857.0,18730.85,39871
18787.699999999997,18766.25,18794.9,18752.15,21697
18766.550000000003,18793.550000000003,18815.449999999997,18764.0,15319
18793.699999999997,18770.15,18797.75,18758.300000000003,14870
18770.300000000003,18712.550000000003,18779.449999999997,18704.75,25274
18712.1,18743.75,18778.25,18711.800000000003,21522
18743.449999999997,18803.6,18828.949999999997,18738.800000000003,35847
18803.9,18827.300000000003,18847.4,18794.6,18849
18827.449999999997,18792.25,18834.949999999997,18784.25,16820
18792.35,18730.85,18804.949999999997,18719.0,20402
18731.0,18701.75,18765.800000000003,18658.4,35984
18702.65,18650.300000000003,18713.75,18641.6,35361
18649.1,18792.949999999997,18869.9,18617.6,115523
18792.949999999997,19004.0,19056.5,18736.85,139304
19004.15,18921.800000000003,19019.15,18841.550000000003,106131
18921.800000000003,18936.35,18950.75,18844.85,87734
18936.5,18968.75,19000.4,18916.25,69040
18968.75,18998.300000000003,19054.25,18955.550000000003,63141
18998.449999999997,19065.800000000003,19109.0,18991.1,63461
19064.0,19020.5,19064.75,19017.050000000003,14941
19037.75,19034.449999999997,19052.15,19026.65,7309
19035.050000000003,19005.5,19052.449999999997,18998.75,8722
19005.800000000003,19032.5,19046.15,18993.5,18424
19032.800000000003,19041.199999999997,19061.15,19018.1,20122
19041.5,19026.800000000003,19065.199999999997,19025.300000000003,12043
19026.949999999997,18984.949999999997,19032.65,18970.550000000003,18048
18984.5,18957.949999999997,18997.699999999997,18955.85,10117
18957.5,18993.5,19004.9,18955.1,16870
18993.949999999997,19008.800000000003,19026.199999999997,18973.1,17177
19008.65,18979.4,19009.1,18935.6,28238
18979.550000000003,19020.050000000003,19037.15,18969.199999999997,20287
19019.9,19020.800000000003,19041.5,18990.949999999997,15411
19021.25,19035.5,19045.85,18975.800000000003,17130
19035.199999999997,19026.800000000003,19081.699999999997,19016.75,16633
19028.0,18981.5,19040.0,18946.25,24116
18981.35,19138.25,19173.5,18941.6,89303
19138.4,19070.75,19159.699999999997,19029.800000000003,124883
19070.6,19088.6,19159.699999999997,19034.0,87759
19088.75,18968.6,19121.75,18908.449999999997,87858
18968.75,18948.050000000003,18970.25,18868.25,85082
18948.949999999997,18923.300000000003,18979.25,18880.4,80753
18924.5,18928.1,18986.0,18869.449999999997,90011
18928.25,18929.6,18941.75,18893.75,14391
18928.550000000003,18940.4,18944.449999999997,18912.199999999997,5401
18940.550000000003,18935.75,18948.5,18927.050000000003,5688
18935.6,18890.15,18953.6,18875.75,21131
18891.050000000003,18865.1,18905.75,18849.35,24500
18864.949999999997,18885.050000000003,18888.050000000003,18857.449999999997,16788
18884.95,18899.75,18908.0,18872.9,9791
18900.050000000003,18894.35,18904.699999999997,18889.550000000003,6540
18894.199999999997,18861.65,18918.949999999997,18859.25,18642
18861.5,18899.6,18899.6,18853.85,18894
18899.449999999997,18918.65,18927.800000000003,18866.0,31194
18918.050000000003,19016.300000000003,19017.35,18884.449999999997,21972
19016.300000000003,18991.550000000003,19025.449999999997,18979.6,16657
18991.699999999997,19036.1,19087.550000000003,18975.949999999997,19496
19035.5,18964.1,19075.85,18950.75,33840
18963.949999999997,18834.800000000003,18966.050000000003,18804.949999999997,53097
18835.1,18958.1,18980.300000000003,18758.449999999997,103511
18957.949999999997,18871.85,19008.5,18831.5,123587
18872.0,18856.25,18919.699999999997,18798.5,99423
18858.800000000003,18881.15,18894.800000000003,18789.050000000003,85250
18880.699999999997,18813.199999999997,18911.0,18753.050000000003,71294
18813.199999999997,18658.25,18814.1,18657.199999999997,71579
18658.699999999997,18405.050000000003,18662.449999999997,18404.6,86966
18405.5,18444.199999999997,18453.800000000003,18382.4,22084
18453.0,18422.449999999997,18459.199999999997,18410.9,7427
18422.6,18432.65,18451.699999999997,18413.9,8005
18432.5,18414.949999999997,18450.5,18393.5,18729
18414.65,18421.699999999997,18434.449999999997,18406.85,19507
18421.85,18443.75,18454.699999999997,18417.199999999997,13081
18443.75,18463.25,18497.75,18443.75,9900
18463.550000000003,18433.1,18466.1,18426.800000000003,5902
18434.0,18474.800000000003,18503.75,18432.800000000003,14397
18474.35,18486.199999999997,18507.949999999997,18465.050000000003,18141
18485.75,18399.050000000003,18501.050000000003,18391.25,34377
18398.75,18435.050000000003,18486.199999999997,18387.35,29640
18434.6,18455.15,18493.2,18431.0,19150
18455.0,18434.6,18472.25,18406.699999999997,18260
18434.449999999997,18440.6,18482.300000000003,18414.199999999997,17667
18440.9,18052.699999999997,18495.5,18050.35,60096
18053.15,17938.800000000003,18136.3,17911.550000000003,83106
17939.0,17783.6,17939.0,17778.800000000003,114397
17783.75,17797.4,17822.0,17734.25,76875
17798.15,17790.800000000003,17834.0,17752.25,58896
17790.949999999997,17848.85,17919.35,17753.15,61391
17849.0,17902.25,17922.5,17812.25,59734
17903.6,17756.6,17959.85,17754.199999999997,77518
17754.65,17787.300000000003,17810.6,17753.6,21908
17586.05,17492.300000000003,17589.1,17478.5,27041
17492.300000000003,17499.85,17509.550000000003,17476.85,10423
17500.75,17416.699999999997,17503.550000000003,17412.35,17775
17416.25,17400.35,17432.75,17353.1,28770
17400.5,17444.15,17453.300000000003,17391.5,15687
17444.6,17431.550000000003,17452.1,17420.75,9424
17431.85,17396.6,17469.550000000003,17392.699999999997,10253
17396.6,17383.4,17444.449999999997,17360.0,16527
17383.1,17349.199999999997,17399.0,17324.6,39085
17349.35,17322.35,17420.75,17308.2,66440
17322.800000000003,17205.949999999997,17324.0,17144.85,47067
17205.5,17233.1,17267.6,17181.65,40172
17232.5,17266.85,17292.199999999997,17219.15,32705
17266.85,17198.300000000003,17299.85,17188.25,31307
17198.15,17240.75,17296.699999999997,17196.050000000003,33805
17240.6,17227.699999999997,17364.800000000003,17194.699999999997,89686
17227.85,17038.25,17288.6,17016.5,118033
17039.449999999997,17117.0,17165.75,16976.300000000003,120038
17117.15,17128.4,17296.4,17082.35,117877
17128.85,17179.85,17198.75,17063.0,91597
17180.15,17046.5,17182.25,17034.949999999997,96012
17047.1,16954.699999999997,17111.15,16887.050000000003,102372
16940.75,17000.6,17031.199999999997,16938.949999999997,22799
17036.5,17033.6,17066.6,17023.25,8853
17034.050000000003,17017.550000000003,17038.25,16976.75,9207
17017.1,17076.35,17098.550000000003,16993.550000000003,27357
17076.199999999997,17018.449999999997,17085.050000000003,17008.800000000003,27297
17016.35,17064.949999999997,17070.050000000003,17011.4,18376
17064.65,17097.949999999997,17108.0,17064.35,14382
17097.949999999997,17157.85,17186.8,17097.800000000003,19492
17158.15,17221.3,17236.15,17151.85,21679
17223.1,17234.65,17261.35,17214.1,22120
17234.8,17180.8,17240.65,17113.9,41826
17180.65,17089.1,17192.2,17071.45,33461
17089.4,17080.1,17112.800000000003,17061.050000000003,32809
17079.65,17084.75,17114.0,17014.550000000003,34965
17085.199999999997,17000.75,17089.699999999997,16993.550000000003,30123
17001.050000000003,17085.4,17173.6,17000.75,44814
17080.9,17069.6,17142.5,16902.949999999997,76074
17069.6,16976.75,17115.050000000003,16864.550000000003,128336
16976.75,17029.1,17047.699999999997,16887.5,103830
17029.4,16995.199999999997,17032.550000000003,16920.800000000003,95508
16995.35,16956.949999999997,17142.800000000003,16938.949999999997,93816
16956.35,16913.15,17013.949999999997,16911.050000000003,79862
16912.699999999997,16986.800000000003,17054.9,16814.300000000003,105752
16986.800000000003,17002.85,17005.25,16949.6,20686
17018.9,17027.15,17061.949999999997,17005.800000000003,9056
17027.300000000003,17107.0,17135.65,17003.75,10668
17106.85,17069.05,17111.2,17051.05,18892
17068.9,17096.6,17132.449999999997,17060.65,23721
17096.449999999997,17108.75,17132.75,17090.0,16250
17109.050000000003,17073.35,17125.699999999997,17071.05,10565
17073.5,17034.199999999997,17086.1,17024.75,8505
17034.5,17064.5,17097.800000000003,16998.5,23906
17063.75,17075.0,17110.550000000003,17046.5,35342
17076.5,17093.75,17103.949999999997,17015.300000000003,45942
17093.300000000003,17101.550000000003,17151.35,17070.35,29448
17101.25,17107.4,17115.35,17058.199999999997,22930
17107.85,17083.550000000003,17108.449999999997,17061.199999999997,22643
17083.85,17181.199999999997,17189.0,17062.4,26086
17181.050000000003,17202.199999999997,17235.050000000003,17107.699999999997,47569
17202.5,17226.7,17282.8,17150.9,85750
17226.55,17204.75,17320.9,17156.65,108414
17205.35,17258.75,17263.1,17180.300000000003,84481
17258.75,17198.65,17316.7,17191.15,63467
17198.8,17314.5,17345.85,17194.6,53463
17314.35,17350.6,17590.15,17022.4,146391
17351.05,17411.35,17651.05,17328.7,116883
17408.35,17399.35,17419.6,17352.55,20162
17442.7,17501.8,17522.95,17438.55,12345
17501.95,17548.15,17550.4,17475.4,10551
17547.85,17556.4,17567.8,17525.35,17588
17556.7,17521.1,17620.0,17505.050000000003,28755
17520.949999999997,17512.25,17534.75,17470.699999999997,22836
17511.949999999997,17485.550000000003,17546.0,17472.050000000003,14785
17485.550000000003,17423.9,17496.800000000003,17420.0,15585
17424.050000000003,17316.949999999997,17432.5,17313.199999999997,30080
17316.800000000003,17184.199999999997,17356.4,17163.199999999997,36994
17184.050000000003,17022.5,17207.300000000003,16951.699999999997,78367
17022.5,16905.199999999997,17054.6,16904.75,51974
16905.35,16946.449999999997,16954.1,16862.15,45123
16946.6,16918.4,16989.949999999997,16897.4,34081
16918.699999999997,16944.050000000003,16974.35,16886.300000000003,49409
16943.9,16996.25,17095.7,16935.199999999997,56505
17000.0,16860.35,17021.75,16839.199999999997,97076
16859.9,16674.199999999997,16860.35,16652.75,112928
16673.9,16746.800000000003,16819.85,16669.25,90644
16747.1,16750.25,16780.25,16675.1,95557
16752.050000000003,16630.25,16811.15,16629.199999999997,106438
16630.4,16605.050000000003,16666.550000000003,16562.9,91071
16603.699999999997,16714.4,16730.75,16595.300000000003,122589
16709.0,16765.4,16772.6,16677.5,34485
16779.35,16742.0,16795.550000000003,16739.449999999997,13610
16741.85,16749.65,16763.75,16705.85,13641
16749.5,16762.699999999997,16804.550000000003,16703.9,34728
16762.4,16824.199999999997,16833.949999999997,16752.2,30177
16824.35,16806.5,16862.2,16785.5,28898
16807.550000000003,16800.050000000003,16848.5,16785.949999999997,24811
16800.35,16880.0,16889.449999999997,16796.15,18780
16879.85,16848.1,16899.050000000003,16844.2,24260
16848.25,16794.800000000003,16852.6,16753.75,34792
16794.35,16859.95,16869.949999999997,16757.0,58472
16859.65,16859.05,16914.25,16832.8,34146
16858.9,16890.1,16908.4,16837.45,31681
16889.95,16890.7,16922.95,16860.4,29557
16891.0,16892.2,16942.0,16871.95,26092
16891.9,16821.4,16906.75,16805.95,29452
16821.1,16928.95,16982.05,16712.300000000003,98063
16930.45,16717.1,16939.9,16639.550000000003,115415
16716.800000000003,16811.65,16937.65,16667.6,102813
16812.55,16897.6,16925.8,16770.85,98747
16898.05,16973.8,17053.3,16886.05,91142
16977.4,16954.6,17036.2,16938.7,90164
16954.75,16900.9,16995.7,16864.0,113006
16896.7,16920.85,16937.8,16895.8,22018
16986.199999999997,17089.9,17094.55,16959.05,21359
17089.3,17104.6,17116.9,17050.15,14089
17104.45,16984.4,17109.7,16979.0,31505
16984.550000000003,16911.35,17016.65,16872.5,41427
16911.5,16989.949999999997,17000.0,16907.15,26127
16990.1,17015.75,17044.1,16979.75,22364
17016.050000000003,16977.949999999997,17020.25,16971.5,10512
16978.25,17010.199999999997,17010.35,16953.800000000003,19344
17010.5,17030.0,17040.949999999997,16997.449999999997,17624
17030.15,17016.050000000003,17058.65,16956.949999999997,34210
17016.199999999997,17043.199999999997,17055.800000000003,16998.800000000003,20116
17043.35,17034.800000000003,17044.1,17005.699999999997,17395
17035.25,17028.199999999997,17063.75,17021.449999999997,17087
17028.5,17049.949999999997,17057.0,17019.199999999997,12162
17050.1,17012.300000000003,17058.949999999997,17010.35,11994
17012.15,17006.9,17024.9,16961.300000000003,28998
17006.6,17028.050000000003,17038.25,17005.699999999997,18611
17027.75,17082.35,17096.0,17022.800000000003,14444
17082.949999999997,17096.1,17106.5,17066.449999999997,13607
17096.1,17096.1,17096.1,17096.1,83
17085.449999999997,17091.35,17095.5,17064.800000000003,8492
17091.199999999997,17095.699999999997,17123.15,17057.15,12369
17095.85,17130.949999999997,17146.85,17075.15,24700
17130.5,17140.85,17145.35,17097.65,21701
17140.85,17152.550000000003,17161.550000000003,17134.550000000003,13923
17152.550000000003,17190.35,17218.45,17148.5,12250
17190.199999999997,17196.199999999997,17200.25,17179.85,5619
17196.35,17160.949999999997,17205.800000000003,17147.300000000003,11449
17159.0,17144.300000000003,17180.9,17112.050000000003,21567
17145.800000000003,17241.199999999997,17275.25,17136.5,28158
17240.75,17262.800000000003,17282.6,17231.15,16216
17263.25,17219.449999999997,17271.5,17209.25,11359
17219.15,17224.550000000003,17235.65,17199.5,15627
17224.1,17149.25,17224.85,17139.35,17594
17148.800000000003,17149.25,17200.550000000003,17125.85,18927
17148.800000000003,17406.25,17408.5,17147.0,84723
17405.65,17471.2,17480.05,17385.7,91554
17472.25,17372.35,17479.75,17372.35,68852
17372.35,17406.25,17412.85,17345.35,69648
17406.55,17366.65,17427.25,17358.55,59867
17367.25,17382.85,17391.55,17327.2,70282
17383.15,17333.0,17409.7,17306.15,60430
17331.5,17336.6,17350.25,17310.35,15299
17330.300000000003,17324.449999999997,17330.75,17299.1,7754
17324.6,17327.15,17331.949999999997,17296.85,5670
17327.449999999997,17262.35,17331.35,17248.1,17943
17262.800000000003,17232.35,17279.75,17216.6,18582
17232.65,17168.75,17245.699999999997,17165.6,15906
17169.050000000003,17162.0,17181.85,17138.0,16866
17161.85,17171.75,17181.949999999997,17142.5,8545
17171.75,17106.800000000003,17194.85,17096.15,15403
17106.949999999997,17112.5,17132.449999999997,17082.5,20841
17112.199999999997,16975.550000000003,17113.25,16964.300000000003,52425
16976.0,16995.65,17009.6,16944.65,28168
16995.5,17031.050000000003,17038.1,16991.15,19098
17031.199999999997,17039.15,17063.0,17025.5,16017
17039.6,17062.550000000003,17107.4,17039.6,20287
17062.85,17089.699999999997,17091.949999999997,17012.15,27513
17089.550000000003,17219.0,17253.050000000003,17046.949999999997,47776
17350.2,17510.1,17582.15,17300.5,223716
17513.9,17344.699999999997,17526.65,17338.85,42876
17344.85,17444.300000000003,17448.949999999997,17314.699999999997,91499
17444.15,17453.75,17487.050000000003,17391.800000000003,65440
17453.449999999997,17467.699999999997,17541.199999999997,17426.75,72210
17467.85,17298.800000000003,17487.050000000003,17273.9,105027
17299.1,17280.35,17316.800000000003,17275.25,19551
17280.800000000003,17280.199999999997,17280.800000000003,17280.199999999997,3
17294.9,17262.35,17295.949999999997,17246.75,8705
17261.6,17190.949999999997,17262.050000000003,17156.0,14464
17190.949999999997,17345.15,17371.550000000003,17188.550000000003,28883
17345.15,17225.0,17355.199999999997,17218.85,31080
17225.15,17259.35,17287.550000000003,17199.800000000003,24886
17259.949999999997,17255.15,17294.6,17242.65,17677
17255.449999999997,17303.0,17324.449999999997,17232.949999999997,14832
17302.85,17318.6,17349.35,17292.800000000003,16522
17318.75,17296.4,17324.6,17280.2,18813
17296.550000000003,17234.300000000003,17298.65,17193.5,47818
17234.6,17348.75,17402.65,17224.8,32961
17348.6,17425.25,17441.0,17343.949999999997,24930
17425.550000000003,17502.65,17519.0,17413.4,23232
17502.199999999997,17487.199999999997,17522.449999999997,17469.050000000003,23678
17486.9,17428.699999999997,17488.699999999997,17382.35,28681
17428.550000000003,17436.1,17489.05,17279.65,125459
17435.95,17550.25,17561.35,17355.55,163174
17550.25,17436.85,17579.95,17435.8,105476
17436.7,17332.9,17449.45,17315.8,106853
17332.75,17398.15,17399.35,17286.55,84478
17397.7,17465.35,17486.8,17373.25,80849
17465.8,17551.9,17614.9,17441.2,79944
17552.05,17495.65,17562.1,17486.35,16176
17511.4,17531.5,17537.2,17496.85,8431
17531.8,17508.85,17550.1,17501.95,7995
17508.85,17559.35,17570.449999999997,17492.65,24006
17559.800000000003,17640.949999999997,17646.35,17550.199999999997,22848
17640.800000000003,17707.85,17714.6,17628.050000000003,18043
17707.85,17685.35,17728.550000000003,17680.85,13129
17685.35,17748.35,17763.5,17681.6,13770
17748.5,17747.6,17777.0,17724.800000000003,17394
17747.75,17703.65,17747.75,17697.050000000003,17559
17703.5,17746.1,17760.800000000003,17674.4,29936
17745.949999999997,17726.300000000003,17761.1,17689.699999999997,22485
17726.75,17744.300000000003,17746.699999999997,17709.65,15618
17744.15,17726.449999999997,17762.449999999997,17725.1,15025
17725.699999999997,17703.199999999997,17751.65,17687.0,16217
17703.199999999997,17697.800000000003,17726.6,17684.300000000003,18822
17697.949999999997,17934.65,17941.25,17696.9,87988
17934.199999999997,17985.949999999997,18088.699999999997,17928.55,118924
17985.5,17986.550000000003,18028.1,17919.949999999997,90755
17986.699999999997,18005.300000000003,18012.35,17955.800000000003,56201
18005.15,17978.0,18020.75,17962.699999999997,44207
17978.0,18046.699999999997,18051.199999999997,17964.949999999997,42306
18047.0,18175.85,18187.699999999997,18021.800000000003,50781
18176.0,18163.699999999997,18178.699999999997,18110.699999999997,24986
18191.449999999997,18130.85,18199.1,18104.449999999997,17687
18130.25,18107.449999999997,18173.15,18105.050000000003,12998
18107.300000000003,18084.800000000003,18124.1,18075.949999999997,20628
18084.5,18157.85,18166.1,18083.0,21714
18158.15,18248.0,18313.6,18150.199999999997,26667
18247.699999999997,18276.5,18281.9,18241.85,12065
18276.050000000003,18277.1,18287.35,18261.5,7683
18277.25,18209.449999999997,18281.15,18182.449999999997,20652
18209.9,18177.949999999997,18213.5,18157.8,18548
18177.800000000003,18323.300000000003,18348.65,18166.550000000003,43179
18323.0,18294.050000000003,18359.449999999997,18285.5,22551
18294.5,18296.300000000003,18309.35,18266.9,15590
18296.449999999997,18263.0,18302.300000000003,18234.199999999997,17101
18263.300000000003,18274.85,18296.95,18255.5,14117
18275.0,18205.699999999997,18283.85,18188.449999999997,27520
18205.550000000003,18062.9,18284.15,17997.5,114323
18063.199999999997,18172.1,18190.25,18004.85,152478
18172.4,18144.35,18193.699999999997,18095.6,99451
18144.65,18107.300000000003,18157.25,18026.9,88852
18107.15,18025.85,18114.5,18012.949999999997,79506
18026.0,18040.550000000003,18080.0,18007.699999999997,75743
18040.85,18028.4,18058.85,17953.699999999997,101456
18028.25,18074.15,18081.5,18028.1,19551
18062.300000000003,18056.75,18067.550000000003,18043.699999999997,4939
18057.050000000003,18061.699999999997,18074.75,18044.75,6008
18061.4,18083.300000000003,18107.6,18059.0,13416
18083.6,17989.25,18094.1,17976.949999999997,16085
17989.85,17968.4,18016.25,17919.65,18104
17968.85,17997.050000000003,18010.550000000003,17963.15,11167
17996.75,17998.550000000003,18019.550000000003,17975.449999999997,8399
17998.699999999997,18041.6,18049.699999999997,17995.550000000003,12871
18043.25,18111.050000000003,18151.25,18038.75,21209
18111.199999999997,18077.75,18200.550000000003,18034.699999999997,35752
18078.050000000003,18128.0,18136.85,18073.699999999997,20435
18127.699999999997,18093.050000000003,18153.050000000003,18086.9,21023
18093.35,18119.300000000003,18126.35,18078.5,17889
18118.85,18112.85,18145.4,18097.1,17732
18112.85,18068.449999999997,18124.85,18028.1,28688
18068.75,18118.25,18223.699999999997,18035.15,108373
18117.5,17917.1,18150.050000000003,17865.5,149473
17917.1,17650.550000000003,17934.800000000003,17638.699999999997,124803
17650.699999999997,17689.699999999997,17719.25,17601.65,110997
17689.85,17598.800000000003,17689.85,17573.300000000003,97521
17597.75,17537.75,17641.1,17497.1,80359
17537.6,17475.050000000003,17559.949999999997,17466.35,106713
17473.699999999997,17484.75,17489.75,17456.0,19670
17486.75,17511.199999999997,17511.65,17483.75,5872
17511.199999999997,17495.449999999997,17511.199999999997,17475.800000000003,8401
17495.0,17463.050000000003,17523.35,17452.699999999997,20375
17463.5,17488.550000000003,17518.85,17457.35,18609
17489.0,17514.050000000003,17528.6,17471.75,15747
17513.75,17502.050000000003,17518.550000000003,17485.550000000003,12137
17502.35,17529.65,17544.199999999997,17493.949999999997,8422
17529.5,17524.1,17550.050000000003,17517.949999999997,12183
17524.25,17426.15,17537.75,17413.25,22055
17425.85,17463.050000000003,17498.300000000003,17406.050000000003,40982
17463.949999999997,17488.699999999997,17518.85,17455.1,25390
17488.1,17398.1,17510.0,17390.0,21682
17398.4,17420.75,17444.300000000003,17396.300000000003,23518
17420.6,17498.6,17505.199999999997,17396.300000000003,19965
17498.75,17453.449999999997,17547.949999999997,17421.35,35346
17453.15,17498.300000000003,17541.050000000003,17311.550000000003,110779
17497.699999999997,17502.5,17587.85,17410.550000000003,151265
17502.35,17503.4,17539.550000000003,17421.5,111214
17503.25,17442.800000000003,17509.85,17371.1,88458
17443.1,17500.85,17504.300000000003,17396.0,71508
17500.699999999997,17454.35,17556.050000000003,17435.0,63229
17454.050000000003,17497.85,17544.050000000003,17431.85,86357
17498.0,17501.300000000003,17508.949999999997,17466.199999999997,13869
17503.550000000003,17500.85,17509.699999999997,17489.300000000003,4881
17501.300000000003,17481.800000000003,17502.65,17468.75,5671
17481.65,17476.550000000003,17497.1,17443.25,17267
17476.699999999997,17424.050000000003,17477.300000000003,17411.0,23178
17423.75,17465.15,17476.550000000003,17423.449999999997,14959
17465.300000000003,17444.15,17473.85,17433.35,10236
17443.699999999997,17438.300000000003,17454.949999999997,17429.6,7058
17436.949999999997,17363.0,17446.550000000003,17329.1,23423
17362.699999999997,17247.35,17376.65,17208.35,37914
17247.800000000003,17282.449999999997,17294.300000000003,17202.35,52013
17282.300000000003,17252.300000000003,17316.35,17239.550000000003,34342
17253.050000000003,17224.550000000003,17255.0,17157.65,28995
17224.550000000003,17220.35,17229.05,17176.1,20014
17220.800000000003,17202.800000000003,17241.800000000003,17178.800000000003,21873
17202.5,17234.9,17335.0,17197.25,46085
17234.6,17061.199999999997,17346.199999999997,17053.550000000003,108168
17061.199999999997,17195.6,17203.1,16991.300000000003,142573
17195.6,17382.050000000003,17385.35,17149.25,114566
17382.199999999997,17417.15,17491.699999999997,17273.6,107742
17417.6,17431.85,17467.4,17315.0,93762
17431.699999999997,17289.5,17447.6,17269.1,106015
17289.65,17271.949999999997,17370.65,17171.9,142670
17272.1,17232.800000000003,17288.85,17211.35,27532
17226.050000000003,17211.949999999997,17235.199999999997,17188.85,9819
17211.800000000003,17283.5,17288.35,17202.949999999997,11343
17283.35,17258.15,17301.199999999997,17251.25,23241
17257.85,17215.4,17272.550000000003,17184.949999999997,26281
17214.949999999997,17146.25,17252.6,17126.449999999997,25270
17146.4,17097.35,17149.699999999997,17063.449999999997,29789
17097.5,17071.550000000003,17117.9,17040.5,25146
17071.550000000003,17082.050000000003,17110.1,17042.6,27450
17082.35,17117.0,17139.800000000003,17062.1,30575
17117.15,17126.0,17181.050000000003,17051.6,52540
17126.449999999997,17199.65,17215.550000000003,17085.949999999997,35741
17199.65,17246.75,17253.5,17184.35,27905
17247.199999999997,17167.4,17258.6,17155.85,23135
17167.550000000003,17138.75,17219.15,17112.050000000003,32343
17139.35,17211.35,17229.050000000003,17119.1,31468
17211.35,17307.5,17366.6,17093.300000000003,118349
17314.949999999997,17154.199999999997,17392.35,17070.800000000003,161457
17154.199999999997,17147.0,17263.85,17108.0,131359
17146.699999999997,17121.35,17212.699999999997,17107.85,94928
17121.199999999997,17250.65,17252.75,17116.1,84066
17251.25,17335.1,17349.199999999997,17193.050000000003,70809
17335.25,17386.45,17408.35,17279.75,88830
17386.3,17386.0,17397.55,17372.65,9690
17353.85,17369.449999999997,17372.0,17352.35,1309
17369.6,17326.85,17390.15,17311.85,12124
17327.15,17273.0,17338.550000000003,17260.1,26286
17272.699999999997,17273.0,17289.050000000003,17222.449999999997,30133
17273.15,17265.800000000003,17295.199999999997,17232.949999999997,22914
17265.65,17272.1,17281.699999999997,17253.949999999997,14979
17271.800000000003,17257.85,17275.550000000003,17235.35,10013
17258.15,17292.800000000003,17294.0,17250.050000000003,15910
17292.65,17305.85,17333.9,17276.9,16359
17306.300000000003,17250.5,17322.5,17241.050000000003,29546
17250.949999999997,17268.5,17280.5,17245.699999999997,16532
17268.199999999997,17323.550000000003,17339.15,17252.75,17241
17323.699999999997,17324.15,17339.6,17296.85,10984
17323.85,17316.35,17336.0,17297.449999999997,11747
17316.35,17316.35,17330.75,17302.699999999997,10175
17316.35,17293.1,17337.65,17286.3,12051
17292.949999999997,17288.300000000003,17298.35,17266.25,14268
17288.0,17300.0,17323.85,17286.35,10289
17300.449999999997,17302.699999999997,17331.050000000003,17296.25,7623
17302.699999999997,17302.699999999997,17302.699999999997,17302.699999999997,34
17344.9,17444.300000000003,17453.15,17341.550000000003,11712
17444.0,17509.6,17588.65,17439.949999999997,21585
17509.9,17512.550000000003,17541.4,17496.85,15278
17511.949999999997,17510.449999999997,17522.15,17459.449999999997,18962
17510.6,17450.15,17515.25,17440.550000000003,15778
17450.449999999997,17446.4,17477.300000000003,17442.050000000003,12010
17445.949999999997,17477.0,17478.949999999997,17444.75,8563
17476.550000000003,17479.1,17496.35,17460.65,11398
17478.800000000003,17489.15,17520.35,17470.1,13435
17488.699999999997,17416.25,17490.949999999997,17413.4,28760
17415.199999999997,17256.35,17440.1,17249.9,35493
17256.800000000003,17270.15,17277.199999999997,17225.75,27480
17270.300000000003,17279.0,17306.449999999997,17263.699999999997,15462
17280.199999999997,17195.300000000003,17290.25,17188.699999999997,20700
17196.35,17125.1,17202.5,17113.85,41657
17125.25,17137.85,17192.449999999997,17049.050000000003,130931
17128.25,17260.4,17379.5,17073.5,176992
17260.1,17321.9,17346.65,17167.4,121577
17322.5,17340.199999999997,17436.050000000003,17283.050000000003,104319
17340.800000000003,17477.449999999997,17519.6,17335.85,86681
17477.6,17599.25,17638.85,17450.449999999997,88303
17599.4,17686.1,17686.699999999997,17563.699999999997,108904
17684.9,17683.25,17689.4,17656.1,15617
17685.0,17680.699999999997,17721.35,17671.25,9736
17680.85,17639.75,17691.199999999997,17627.75,9146
17640.199999999997,17741.0,17756.0,17639.75,23940
17741.15,17672.6,17774.15,17649.949999999997,27457
17672.75,17653.550000000003,17697.050000000003,17631.800000000003,17128
17653.699999999997,17701.4,17705.0,17637.800000000003,13907
17701.25,17662.4,17701.550000000003,17655.949999999997,11850
17662.699999999997,17610.5,17671.550000000003,17609.6,17856
17610.050000000003,17657.449999999997,17660.15,17562.800000000003,26725
17657.15,17714.9,17758.85,17655.5,48402
17714.75,17620.550000000003,17724.65,17607.050000000003,28631
17619.949999999997,17671.4,17680.550000000003,17597.449999999997,25875
17671.550000000003,17648.9,17696.0,17633.0,18168
17648.9,17600.0,17649.199999999997,17577.35,18600
17600.300000000003,17677.550000000003,17700.1,17557.550000000003,28246
17677.25,17742.5,17788.699999999997,17596.550000000003,127975
17742.5,17733.949999999997,17779.699999999997,17622.5,189882
17733.800000000003,17658.35,17751.050000000003,17595.5,120451
17658.65,17697.800000000003,17703.800000000003,17631.35,78424
17698.25,17738.75,17751.35,17696.300000000003,57231
17738.9,17872.25,17883.4,17653.25,173500
17872.1,17791.4,17924.75,17737.4,111699
17794.699999999997,17819.6,17825.300000000003,17786.0,16746
17822.6,17797.85,17831.449999999997,17793.949999999997,5657
17798.0,17812.25,17822.0,17789.15,6293
17811.949999999997,17791.699999999997,17814.35,17759.0,17704
17791.85,17757.35,17792.15,17720.6,26709
17757.949999999997,17822.15,17825.0,17757.199999999997,20096
17822.75,17803.699999999997,17830.550000000003,17800.4,13870
17803.550000000003,17838.050000000003,17839.699999999997,17803.25,8089
17838.35,17851.85,17890.550000000003,17829.949999999997,16034
17851.550000000003,17838.5,17869.1,17817.800000000003,15901
17838.35,17852.75,17873.449999999997,17807.0,28876
17852.15,17864.0,17908.4,17836.699999999997,19360
17864.0,17830.25,17889.35,17826.5,25525
17829.949999999997,17858.15,17861.449999999997,17800.550000000003,15857
17858.449999999997,17881.550000000003,17887.25,17827.550000000003,14151
17881.25,17859.050000000003,17889.35,17829.199999999997,22480
17859.050000000003,18016.550000000003,18036.949999999997,17834.300000000003,106329
18016.85,18040.25,18067.25,17951.300000000003,113294
18040.550000000003,18097.85,18098.15,18005.6,64327
18098.0,18117.949999999997,18126.199999999997,18077.0,45060
18118.1,18154.4,18155.0,18083.75,34958
18154.699999999997,18166.550000000003,18184.85,18139.4,31382
18166.85,18170.300000000003,18216.800000000003,18149.6,54181
18165.35,18143.6,18173.15,18137.0,13168
18141.050000000003,18132.35,18150.5,18117.199999999997,6252
18132.5,18122.6,18137.0,18110.75,7666
18122.449999999997,18144.800000000003,18148.699999999997,18102.65,16138
18144.65,18134.300000000003,18160.550000000003,18126.949999999997,15594
18134.449999999997,18078.5,18155.75,18066.050000000003,20111
18078.199999999997,18081.949999999997,18119.15,18063.0,24933
18082.25,18107.6,18112.699999999997,18078.65,9712
18107.449999999997,18072.35,18109.85,18060.65,13751
18072.199999999997,18096.050000000003,18098.300000000003,18057.800000000003,12375
18095.75,18111.35,18136.85,18075.949999999997,22250
18111.199999999997,18077.75,18130.699999999997,18074.9,17262
18078.050000000003,18091.25,18099.35,18044.300000000003,15411
18090.65,18068.6,18151.699999999997,18059.6,21396
18068.75,18093.65,18114.5,18065.300000000003,17121
18094.1,17981.6,18123.65,17894.0,61409
17981.9,17974.25,18100.4,17933.0,139572
17974.550000000003,18184.1,18200.6,17941.550000000003,127180
18185.0,18246.65,18280.85,18175.85,72231
18246.800000000003,18054.35,18248.6,18030.800000000003,85494
18054.35,18152.449999999997,18189.35,18023.6,60104
18152.6,18231.949999999997,18249.5,18129.5,53553
18232.1,18197.300000000003,18241.550000000003,18175.699999999997,84426
18197.300000000003,18204.199999999997,18213.800000000003,18183.65,10493
18171.800000000003,18125.300000000003,18173.8,18105.5,12318
18125.75,18142.25,18157.85,18109.85,11609
18142.699999999997,18143.9,18152.9,18108.550000000003,18027
18144.050000000003,18049.85,18144.199999999997,18047.0,27619
18049.4,18025.699999999997,18057.050000000003,18019.25,19667
18025.550000000003,18041.75,18043.85,18004.25,12443
18041.449999999997,18022.4,18048.199999999997,18017.300000000003,8662
18021.800000000003,18010.1,18036.800000000003,17999.0,11710
18009.949999999997,17998.550000000003,18029.0,17963.300000000003,17863
17998.85,18032.75,18065.75,17973.199999999997,34820
18032.6,18053.449999999997,18080.449999999997,18023.6,24185
18053.300000000003,18044.75,18082.699999999997,18042.35,16364
18044.75,18063.35,18095.300000000003,18034.550000000003,14905
18063.199999999997,18034.1,18085.699999999997,18023.449999999997,13659
18033.5,18070.25,18074.6,18025.25,18819
18070.1,17793.35,18081.199999999997,17750.9,115685
17793.949999999997,17830.85,17918.449999999997,17746.550000000003,137991
17831.0,17842.85,17907.800000000003,17814.050000000003,89433
17843.0,17863.1,17887.4,17820.5,57728
17863.4,17945.6,17975.15,17859.199999999997,55340
17945.75,17827.85,17949.35,17827.699999999997,56309
17827.550000000003,17801.6,17837.300000000003,17755.550000000003,77212
17803.550000000003,17819.75,17842.85,17803.25,14003
17809.1,17789.6,17823.949999999997,17783.6,6195
17789.75,17824.4,17827.85,17787.949999999997,6986
17823.800000000003,17689.85,17832.5,17682.800000000003,22143
17690.449999999997,17703.949999999997,17721.199999999997,17677.1,24285
17704.25,17694.35,17719.550000000003,17680.699999999997,14687
17694.800000000003,17691.5,17697.35,17651.9,12337
17691.949999999997,17679.800000000003,17693.75,17665.550000000003,7682
17680.25,17678.9,17697.5,17667.199999999997,11795
17679.050000000003,17686.4,17700.199999999997,17634.5,19090
17686.1,17675.75,17703.949999999997,17607.7,37791
17675.449999999997,17695.800000000003,17706.199999999997,17648.75,17564
17695.65,17679.6,17717.25,17663.1,20215
17679.449999999997,17700.0,17747.25,17678.85,20169
17698.800000000003,17790.9,17828.1,17692.5,27182
17790.6,17830.050000000003,17857.199999999997,17768.1,24325
17830.050000000003,17754.449999999997,18006.449999999997,17752.800000000003,128394
17754.449999999997,17776.949999999997,17826.75,17676.9,174745
17777.1,17811.449999999997,17866.199999999997,17748.449999999997,104795
17811.75,17839.949999999997,17868.9,17781.449999999997,73573
17840.25,17822.4,17881.050000000003,17767.5,61699
17822.1,17711.550000000003,17827.949999999997,17710.5,46716
17711.25,17639.1,17712.15,17537.25,94227
17638.65,17639.1,17642.1,17613.75,14687
17639.699999999997,17629.35,17653.65,17622.6,8778
17629.35,17629.35,17655.75,17611.5,9538
17629.5,17664.75,17673.75,17626.199999999997,19270
17664.75,17648.85,17695.050000000003,17629.699999999997,22198
17649.15,17677.949999999997,17682.449999999997,17636.550000000003,16463
17678.1,17679.6,17698.050000000003,17669.550000000003,9540
17679.75,17677.949999999997,17690.550000000003,17671.5,6504
17677.949999999997,17679.449999999997,17687.1,17655.300000000003,11175
17679.75,17721.6,17733.300000000003,17641.949999999997,18142
17721.75,17660.699999999997,17723.1,17649.449999999997,34676
17660.25,17719.35,17722.050000000003,17624.1,24619
17719.050000000003,17691.0,17722.050000000003,17683.949999999997,15283
17691.6,17693.699999999997,17695.050000000003,17659.800000000003,13365
17694.300000000003,17710.050000000003,17721.6,17672.699999999997,16299
17710.199999999997,17311.5,17920.35,17189.4,115879
17311.35,17485.199999999997,17519.25,17254.199999999997,154516
17486.85,17653.35,17718.449999999997,17368.35,193529
17653.199999999997,17589.6,17713.5,17526.9,127171
17589.9,17697.75,17700.0,17568.6,92184
17697.9,17703.75,17749.800000000003,17643.75,81281
17703.449999999997,17728.35,17729.1,17577.75,112496
17728.800000000003,17604.75,17732.1,17600.1,100883
17603.550000000003,17568.449999999997,17614.050000000003,17560.65,18915
17558.1,17518.800000000003,17568.75,17500.5,12037
17518.65,17483.25,17537.25,17464.949999999997,12642
17483.25,17512.050000000003,17524.199999999997,17470.199999999997,18029
17512.199999999997,17553.300000000003,17564.25,17504.1,21495
17553.75,17574.9,17596.949999999997,17547.449999999997,14743
17575.800000000003,17588.85,17617.050000000003,17572.800000000003,13144
17589.0,17595.15,17607.75,17575.5,9170
17595.0,17546.550000000003,17611.800000000003,17533.800000000003,15268
17546.25,17532.300000000003,17561.85,17509.65,20019
17533.050000000003,17479.050000000003,17556.449999999997,17472.449999999997,48551
17479.5,17415.15,17515.050000000003,17371.949999999997,37916
17414.85,17467.800000000003,17471.1,17395.35,27313
17467.949999999997,17452.800000000003,17486.25,17418.0,27905
17452.65,17433.6,17477.4,17415.75,37725
17433.300000000003,17454.75,17498.25,17386.05,54033
17454.6,17315.25,17490.75,17287.050000000003,116610
17315.1,17339.85,17376.0,17231.85,133946
17339.550000000003,17518.35,17538.75,17335.65,121911
17518.800000000003,17442.15,17536.5,17397.449999999997,79436
17441.85,17555.550000000003,17579.4,17410.65,73576
17555.699999999997,17670.7,17713.15,17546.699999999997,83239
17670.8,17663.95,17716.45,17607.8,102293
17664.55,17674.7,17690.8,17654.35,17009
17690.35,17713.9,17730.2,17679.25,9042
17713.7,17760.25,17765.3,17709.1,7783
17760.05,17686.050000000003,17766.95,17679.75,22658
17686.050000000003,17738.4,17740.35,17670.0,21681
17738.85,17749.949999999997,17754.75,17727.6,13918
17750.1,17744.699999999997,17753.4,17707.050000000003,11513
17744.550000000003,17723.550000000003,17748.75,17714.85,6292
17723.699999999997,17703.0,17729.550000000003,17675.550000000003,12835
17702.550000000003,17649.15,17722.199999999997,17648.85,15293
17649.0,17673.449999999997,17706.75,17611.35,36322
17673.300000000003,17713.199999999997,17743.199999999997,17642.25,23885
17712.75,17689.5,17739.449999999997,17685.15,20979
17689.800000000003,17699.550000000003,17707.35,17673.300000000003,17123
17699.1,17673.75,17727.449999999997,17671.35,17140
17674.35,17804.25,17825.1,17576.65,61843
17804.4,17815.050000000003,17942.25,17746.199999999997,134961
17822.699999999997,17883.75,17947.5,17803.65,145144
17884.050000000003,17900.85,17965.199999999997,17874.449999999997,77881
17900.699999999997,17896.35,17917.949999999997,17859.449999999997,61454
17896.800000000003,17935.949999999997,17950.949999999997,17889.75,39203
17936.1,17937.15,17960.699999999997,17899.800000000003,41822
17937.300000000003,17976.75,17984.85,17901.6,56154
17978.85,17993.85,17997.0,17963.699999999997,11553
18054.2,18032.550000000003,18056.699999999997,18025.800000000003,9528
18033.0,18055.050000000003,18064.050000000003,18030.75,5939
18055.35,18021.75,18056.85,18007.949999999997,8320
18021.15,18043.35,18055.65,18020.85,12576
18042.9,18052.800000000003,18055.050000000003,18029.25,8551
18052.65,18114.449999999997,18119.1,18051.300000000003,10686
18114.6,18119.550000000003,18127.050000000003,18103.5,4516
18119.25,18136.800000000003,18145.949999999997,18099.6,8599
18136.949999999997,18155.85,18158.6,18113.1,11833
18155.550000000003,18188.1,18219.15,18118.35,29401
18188.25,18221.550000000003,18233.25,18165.7,18315
18221.4,18189.300000000003,18224.25,18180.6,11190
18188.85,18183.75,18202.5,18176.85,9285
18183.6,18190.050000000003,18211.199999999997,18164.699999999997,10774
18191.550000000003,18153.6,18200.85,18120.0,22093
18153.75,18208.050000000003,18243.9,18100.35,108424
18208.35,18169.949999999997,18239.550000000003,18107.85,112810
18170.1,18235.050000000003,18239.1,18146.550000000003,58877
18235.35,18180.6,18241.050000000003,18174.75,36729
18180.0,17948.25,18188.85,17925.75,61823
17948.4,17854.800000000003,17989.050000000003,17848.199999999997,83785
17854.949999999997,17825.4,17912.25,17751.9,97846
17824.65,17838.9,17843.25,17812.800000000003,13674
17828.25,17851.35,17857.949999999997,17817.9,5959
17850.449999999997,17876.4,17879.25,17831.1,8288
17876.25,17855.85,17882.85,17838.6,11232
17856.300000000003,17862.449999999997,17891.85,17848.5,12198
17862.75,17883.15,17894.4,17862.75,8919
17883.6,17854.5,17893.5,17841.2,7777
17854.35,17832.6,17857.5,17827.5,5591
17832.9,17864.85,17880.75,17826.300000000003,9894
17864.85,17863.800000000003,17885.699999999997,17850.9,10324
17863.949999999997,17836.199999999997,17919.6,17799.449999999997,33746
17836.65,17900.25,17907.0,17833.5,19492
17900.1,17935.949999999997,17956.5,17895.75,17965
17935.949999999997,17981.85,18007.199999999997,17932.65,19365
17981.25,17983.949999999997,17993.550000000003,17953.35,15252
17984.25,17999.85,18013.800000000003,17937.9,20842
17999.699999999997,18064.949999999997,18085.949999999997,17956.199999999997,113568
18064.949999999997,18180.6,18184.5,17983.800000000003,106157
18180.6,18239.550000000003,18255.75,18177.449999999997,52836
18239.699999999997,18277.1,18279.449999999997,18192.75,44291
18277.35,18346.35,18349.800000000003,18243.75,39321
18346.5,18345.75,18385.65,18301.949999999997,54158
18345.75,18370.050000000003,18392.699999999997,18326.1,64879
18368.699999999997,18445.65,18457.800000000003,18356.699999999997,27798
18456.300000000003,18444.75,18462.449999999997,18426.0,8623
18444.9,18436.050000000003,18453.75,18425.550000000003,6619
18435.9,18469.050000000003,18490.949999999997,18413.85,15266
18469.050000000003,18474.300000000003,18486.15,18442.800000000003,12834
18474.6,18488.1,18503.85,18463.5,11007
18488.4,18488.1,18494.1,18477.9,7248
18487.949999999997,18478.949999999997,18499.35,18462.9,7819
18478.5,18450.6,18478.949999999997,18430.949999999997,14555
18450.9,18458.25,18479.550000000003,18435.0,14148
18458.1,18389.699999999997,18477.6,18380.25,34205
18389.550000000003,18415.949999999997,18440.85,18384.300000000003,22258
18415.800000000003,18440.85,18451.800000000003,18414.449999999997,14475
18440.85,18366.0,18445.199999999997,18324.6,30509
18366.300000000003,18351.6,18377.25,18341.25,18320
18351.0,18367.35,18388.5,18319.949999999997,35976
18367.050000000003,18394.050000000003,18491.4,18352.5,100854
18394.199999999997,18695.25,18695.699999999997,18374.550000000003,113899
18695.4,18709.199999999997,18728.4,18623.1,79396
18709.5,18654.449999999997,18742.199999999997,18568.199999999997,72773
18654.300000000003,18533.699999999997,18662.25,18503.25,110767
18533.550000000003,18646.949999999997,18662.85,18528.0,81267
18647.1,18663.300000000003,18717.15,18635.25,81356
18664.5,18607.199999999997,18708.9,18596.699999999997,35096
18628.35,18599.1,18629.25,18582.9,8285
18599.25,18624.6,18643.35,18597.6,6533
18624.300000000003,18632.699999999997,18638.699999999997,18597.0,12359
18632.4,18585.6,18632.699999999997,18563.699999999997,18583
18585.75,18598.050000000003,18620.0,18577.800000000003,11187
18598.199999999997,18618.0,18626.85,18593.1,9452
18617.85,18637.35,18657.0,18605.85,8671
18637.199999999997,18696.6,18703.5,18625.050000000003,13864
18696.300000000003,18631.35,18706.800000000003,18623.4,18544
18631.65,18625.949999999997,18674.1,18592.65,33487
18625.800000000003,18622.800000000003,18633.300000000003,18574.75,23349
18622.5,18671.550000000003,18674.25,18610.949999999997,15591
18671.1,18668.1,18714.449999999997,18659.1,15650
18667.5,18672.0,18683.550000000003,18647.699999999997,17570
18672.6,18754.35,18804.8,18629.8,53401
18754.5,18711.6,18760.050000000003,18582.75,154272
18711.0,18680.85,18777.0,18526.5,158908
18680.550000000003,18757.050000000003,18781.800000000003,18663.300000000003,81576
18757.199999999997,18876.0,18897.449999999997,18753.449999999997,55196
18876.300000000003,18832.800000000003,18895.050000000003,18785.699999999997,64298
18832.949999999997,18867.75,18890.25,18822.9,56823
18868.35,18933.449999999997,18934.35,18853.800000000003,66362
18933.6,18823.35,18948.6,18786.0,28978
18807.300000000003,18795.300000000003,18811.199999999997,18769.949999999997,7751
18795.0,18785.85,18804.9,18780.0,5438
18786.0,18794.699999999997,18796.5,18758.699999999997,9880
18794.699999999997,18801.75,18819.75,18768.75,14024
18801.9,18776.1,18806.1,18761.85,10784
18776.1,18787.199999999997,18790.949999999997,18763.050000000003,6518
18787.35,18772.949999999997,18794.1,18772.35,4170
18773.25,18758.1,18788.1,18751.050000000003,11340
18758.25,18792.0,18804.449999999997,18755.699999999997,11752
18793.800000000003,18797.1,18828.300000000003,18763.050000000003,30923
18797.25,18817.199999999997,18830.85,18768.75,16462
18816.9,18817.35,18849.6,18813.300000000003,14596
18816.9,18844.35,18868.800000000003,18809.85,12298
18844.199999999997,18888.15,18888.75,18812.4,16069
18888.0,18859.65,18890.1,18851.550000000003,17291
18859.800000000003,18833.4,19006.5,18814.050000000003,104351
18833.85,18839.699999999997,18882.9,18779.85,113847
18839.550000000003,18658.949999999997,18847.050000000003,18597.6,92041
18658.050000000003,18607.5,18676.949999999997,18574.949999999997,81154
18607.35,18557.1,18608.550000000003,18504.15,65586
18557.25,18544.35,18563.4,18482.25,67110
18544.800000000003,18599.25,18611.25,18514.5,74479
18600.75,18605.85,18608.25,18577.65,11929
18598.65,18594.300000000003,18615.9,18568.35,9553
18594.449999999997,18572.550000000003,18611.550000000003,18571.949999999997,6541
18572.699999999997,18558.15,18622.800000000003,18555.449999999997,15568
18558.15,18565.35,18582.300000000003,18546.0,16754
18565.050000000003,18586.800000000003,18592.800000000003,18560.25,9678
18586.35,18587.550000000003,18595.199999999997,18579.300000000003,1695
